Date,Fire_Name,Site_Name,Observers,Weather,cohort,Species,tree_num,core_ht,dch,dbh,sample_type,Condition_of_Core,fire_scar,age_count,Age_1,Age_2,Age_3,ave_age,field_notes,Counting_Notes,Age_Notes
8/16/11,Big Denver,BD-1,CN,sunny,1,BENE,1,14,6.1,4.4,core,good,no,1,34,NA,NA,34,NA,hard to see pith,NA
8/16/11,Big Denver,BD-1,CN,sunny,1,BENE,2,19.3,12,8.2,core,good,no,1,31,NA,NA,31,NA,NA,NA
8/16/11,Big Denver,BD-1,CN,sunny,1,BENE,3,15.5,9.5,6.2,core,good,no,1,31,NA,NA,31,NA,NA,NA
8/16/11,Big Denver,BD-1,CN,sunny,1,BENE,4,22.3,12.3,7,core,good,no,1,32,NA,NA,32,NA,NA,NA
8/16/11,Big Denver,BD-1,CN,sunny,1,BENE,5,19,9,5.5,core,good,no,0,NA,NA,NA,NA,NA,"incomplete core, on same mount with BD1PM2-4",TRASH
8/16/11,Big Denver,BD-1,CN,sunny,2,PIMA,1,21.3,23,13.2,core,?,no,1,33,NA,NA,33,BIG TREE- took two cores to make sure I got pith,NA,"both way off pith, only counted one"
8/16/11,Big Denver,BD-1,CN,sunny,2,PIMA,1,25,20.5,13.2,core,?,no,1,33,NA,NA,33,BIG TREE- took two cores to make sure I got pith,NA,"both way off pith, only counted one"
8/16/11,Big Denver,BD-1,CN,sunny,2,PIMA,2,22.5,6.3,4.9,core,good,no,2,23,25,NA,24,NA,NA,NA
8/16/11,Big Denver,BD-1,CN,sunny,2,PIMA,3,20.3,3,2.5,core,good,no,2,25,24,NA,24.5,NA,core broken before pith,NA
8/16/11,Big Denver,BD-1,CN,sunny,2,PIMA,4,24,4,3.3,core,good,no,1,31,NA,NA,31,NA,NA,NA
8/16/11,Big Denver,BD-1,CN,sunny,2,PIMA,5,23.2,5.3,4,core,good,no,0,NA,NA,NA,NA,incomplete core… not mounted,NA,NA
8/16/11,Big Denver,BD-1,CN,sunny,3,PIMA,1,10,2.2,<DBH,cookie,good,no,1,27,NA,NA,27,NA,NA,NA
8/16/11,Big Denver,BD-1,CN,sunny,3,PIMA,2,10,2.4,<DBH,cookie,good,no,3,25,29,28,27.33,NA,NA,NA
8/16/11,Big Denver,BD-1,CN,sunny,3,PIMA,3,10,2.7,<DBH,cookie,good,no,1,32,NA,NA,32,NA,NA,NA
8/16/11,Big Denver,BD-1,CN,sunny,3,PIMA,4,10,2.3,<DBH,cookie,good,no,1,28,NA,NA,28,NA,NA,NA
8/16/11,Big Denver,BD-1,CN,sunny,3,PIMA,5,10,1.2,<DBH,cookie,good,no,0,NA,NA,NA,NA,NA,missing,NA
8/16/11,Big Denver,BD-1,CN,sunny,5,CBSNBC PIMA,1,35,11.4,8.4,cookie,good,yes,2,72,74,NA,73,NA,NA,NA
8/17/11,Big Denver,BD-10,BC,partly sunny,1,BENE,1,10,10.5,6.6,core,good,no,1,33,NA,NA,33,NA,NA,NA
8/17/11,Big Denver,BD-10,BC,partly sunny,1,BENE,2,10,11.2,7.1,core,good,no,0,NA,NA,NA,NA,NA,can't see pith,TRASH
8/17/11,Big Denver,BD-10,BC,partly sunny,1,BENE,3,10,7.3,4.9,core,good,no,1,30,NA,NA,30,NA,few years off pith,NA
8/17/11,Big Denver,BD-10,BC,partly sunny,1,BENE,4,10,11.3,7.2,core,good,no,1,34,NA,NA,34,NA,few years off pith,NA
8/17/11,Big Denver,BD-10,BC,partly sunny,1,BENE,5,10,7.9,5.3,core,good,no,1,34,NA,NA,34,NA,NA,NA
8/17/11,Big Denver,BD-10,BC,partly sunny,2,PICEASP,1,10,7.6,6.2,core,good,no,1,37,NA,NA,37,NA,NA,NA
8/17/11,Big Denver,BD-10,BC,partly sunny,2,PICEASP,2,10,7.5,5.9,core,good,no,1,32,NA,NA,32,NA,NA,NA
8/17/11,Big Denver,BD-10,BC,partly sunny,2,PICEASP,3,10,7.1,5.2,core,good,no,0,NA,NA,NA,NA,NA,NA,TRASH
8/17/11,Big Denver,BD-10,BC,partly sunny,2,PICEASP,4,10,11.3,8.7,core,good,no,1,36,NA,NA,36,NA,NA,NA
8/17/11,Big Denver,BD-10,BC,partly sunny,2,PICEASP,5,10,8.9,7.1,core,good,no,1,34,NA,NA,34,NA,NA,NA
8/17/11,Big Denver,BD-10,BC,partly sunny,3,PICEASP,1,10,1.4,<DBH,cookie,good,no,2,22,21,NA,21.5,NA,NA,NA
8/17/11,Big Denver,BD-10,BC,partly sunny,3,PICEASP,2,10,1.6,<DBH,cookie,good,no,2,31,32,NA,31.5,NA,NA,NA
8/17/11,Big Denver,BD-10,BC,partly sunny,3,PICEASP,3,10,2.5,<DBH,cookie,good,no,2,23,23,NA,23,NA,NA,NA
8/17/11,Big Denver,BD-10,BC,partly sunny,3,PICEASP,4,10,2.8,<DBH,cookie,good,no,2,30,30,NA,30,NA,NA,NA
8/17/11,Big Denver,BD-10,BC,partly sunny,3,PICEASP,5,10,1.7,<DBH,cookie,good,no,2,29,30,NA,29.5,NA,NA,NA
8/17/11,Big Denver,BD-10,BC,partly sunny,4,CBSNBC,1,15,7.2,5,cookie,good,no,2,70,69,NA,69.5,NA,NA,NA
8/17/11,Big Denver,BD-10,BC,partly sunny,4,CBSNBC,2,20,7.9,5.9,cookie,good,no,2,70,72,NA,71,NA,NA,NA
8/16/11,Big Denver,BD-11,BC,sunny,1,POTR,1,14,12,10.2,core,good,no,2,34,36,NA,35,NA,NA,NA
8/16/11,Big Denver,BD-11,BC,sunny,1,POTR,2,14,11.4,9.7,core,good,no,2,40,38,NA,39,NA,NA,NA
8/16/11,Big Denver,BD-11,BC,sunny,1,POTR,3,16,13,10.4,core,good,no,2,35,37,NA,36,NA,NA,NA
8/16/11,Big Denver,BD-11,BC,sunny,1,POTR,4,18,14,10.7,core,good,no,1,39,NA,NA,39,NA,NA,NA
8/16/11,Big Denver,BD-11,BC,sunny,1,POTR,5,20,14.2,11.8,core,good,no,1,38,NA,NA,38,NA,really hard to tell where pith is,NA
8/16/11,Big Denver,BD-11,BC,sunny,2,BENE,1,10,7.1,4.7,core,good,no,0,NA,NA,NA,NA,NA,can't tell where pith is,TRASH
8/16/11,Big Denver,BD-11,BC,sunny,2,BENE,2,16,13.8,8.9,core,good,no,1,32,NA,NA,32,NA,scar at pith,NA
8/16/11,Big Denver,BD-11,BC,sunny,2,BENE,3,15,11.5,8.5,core,good,no,1,32,NA,NA,32,NA,NA,NA
8/16/11,Big Denver,BD-11,BC,sunny,2,BENE,4,12,13.2,8,core,good,no,1,34,NA,NA,34,NA,NA,NA
8/16/11,Big Denver,BD-11,BC,sunny,2,BENE,5,12,13.5,8.9,core,good,no,1,28,NA,NA,28,NA,really hard to read,NA
8/16/11,Big Denver,BD-11,BC,sunny,3,PIMA,1,16,2.7,1.3,?,good,no,1,32,NA,NA,32,NA,NA,NA
8/16/11,Big Denver,BD-11,BC,sunny,3,PIMA,2,15,3.7,1.4,?,good,no,1,33,NA,NA,33,NA,NA,NA
8/16/11,Big Denver,BD-11,BC,sunny,3,PIMA,3,12,2.4,1.1,?,good,no,2,31,32,NA,31.5,NA,NA,NA
8/16/11,Big Denver,BD-11,BC,sunny,3,PIMA,4,12,4.4,2.2,?,good,no,1,32,NA,NA,32,NA,NA,NA
8/16/11,Big Denver,BD-11,BC,sunny,3,PIMA,5,15,3.8,1.9,?,good,no,1,36,NA,NA,36,NA,NA,NA
8/16/11,Big Denver,BD-2,BC,partly sunny,1,BEPA,1,20,9.8,7.2,core,good,no,1,40,NA,NA,40,NA,NA,NA
8/16/11,Big Denver,BD-2,BC,partly sunny,1,BEPA,2,18,9.5,6.5,core,good,no,1,36,NA,NA,36,NA,NA,NA
8/16/11,Big Denver,BD-2,BC,partly sunny,1,BEPA,3,20,12.7,8.2,core,good,no,1,38,NA,NA,38,NA,beginning is really hard to read,NA
8/16/11,Big Denver,BD-2,BC,partly sunny,1,BEPA,4,20,10.5,7.3,core,good,no,1,39,NA,NA,39,NA,NA,NA
8/16/11,Big Denver,BD-2,BC,partly sunny,1,BEPA,5,18,12.9,8.7,core,good,no,1,36,NA,NA,36,NA,NA,NA
8/16/11,Big Denver,BD-2,BC,partly sunny,2,PIMA,1,13,2.3,<DBH,cookie,good,no,1,29,NA,NA,29,NA,NA,NA
8/16/11,Big Denver,BD-2,BC,partly sunny,2,PIMA,2,13,2.3,<DBH,cookie,good,no,1,28,NA,NA,28,NA,NA,NA
8/16/11,Big Denver,BD-2,BC,partly sunny,2,PIMA,3,13,1.5,<DBH,cookie,good,no,1,25,NA,NA,25,NA,NA,NA
8/16/11,Big Denver,BD-2,BC,partly sunny,2,PIMA,4,13,1.5,<DBH,cookie,good,no,2,29,32,NA,30.5,NA,NA,NA
8/16/11,Big Denver,BD-2,BC,partly sunny,2,PIMA,5,13,1.2,<DBH,cookie,good,no,3,13,16,17,15.33,NA,teeny tiny core,NA
8/16/11,Big Denver,BD-2,BC,partly sunny,4,POTR,1,20,14.9,11.5,core,good,no,2,32,32,NA,32,NA,labeled PT3 on cores and in J2X,NA
8/16/11,Big Denver,BD-2,BC,partly sunny,4,POTR,2,20,9.4,7.7,core,good,no,2,36,38,NA,37,NA,labeled PT3 on cores and in J2X,NA
8/16/11,Big Denver,BD-2,BC,partly sunny,4,POTR,3,19,8.8,7.6,core,good,no,2,29,31,NA,30,NA,labeled PT3 on cores and in J2X,NA
8/16/11,Big Denver,BD-2,BC,partly sunny,4,POTR,4,18,7.8,7.3,core,good,no,2,26,26,NA,26,NA,"beginning broken, definitely lost some years; labeled PT3 on cores and in J2X",NA
8/16/11,Big Denver,BD-2,BC,partly sunny,4,POTR,5,20,11.2,9.6,core,good,no,2,34,32,NA,33,NA,labeled PT3 on cores and in J2X,NA
8/16/11,Big Denver,BD-2,BC,partly sunny,5,PIMA,1,60,15.7,20,core,good,no,2,43,42,NA,42.5,fire residuals,NA,#1 and 2 maybe not residuals?
8/16/11,Big Denver,BD-2,BC,partly sunny,5,POTR,2,140,24.2,24.2,core,rotten- growth since fire!,no,2,37,40,NA,38.5,fire residuals,"couldn't see pith, called PM2-2 even though this is a POTR",#1 and 2 maybe not residuals?
8/16/11,Big Denver,BD-2,BC,partly sunny,5,PIMA,3,47,17.1,15.8,core,good,no,2,77,80,NA,78.5,fire residuals,NA,NA
8/16/11,Big Denver,BD-2,BC,partly sunny,5,PIMA,4,33,20.6,17.2,core,good,no,2,56,60,NA,58,fire residuals,NA,NA
8/15/11,Big Denver,BD-3,CN,very nice,1,BENE,1,9.3,12.9,11,core,good,no,1,32,NA,NA,32,NA,NA,NA
8/15/11,Big Denver,BD-3,CN,very nice,1,BENE,2,13,10.3,7.3,core,good,no,2,34,35,NA,34.5,NA,NA,NA
8/15/11,Big Denver,BD-3,CN,very nice,1,BENE,3,9.1,9.5,6.4,core,some rot at pith,no,1,32,NA,NA,32,NA,NA,NA
8/15/11,Big Denver,BD-3,CN,very nice,1,BENE,4,11,6,4.5,core,good,no,1,30,NA,NA,30,NA,NA,NA
8/15/11,Big Denver,BD-3,CN,very nice,1,BENE,5,11.1,11,8.1,core,good,no,1,35,NA,NA,35,NA,NA,NA
8/15/11,Big Denver,BD-3,CN,very nice,2,POTR,1,13.5,13.8,9.2,core,good,no,1,33,NA,NA,33,NA,NA,NA
8/15/11,Big Denver,BD-3,CN,very nice,2,POTR,2,10.2,6.5,5.9,core,good,no,1,27,NA,NA,27,NA,way off pith,NA
8/15/11,Big Denver,BD-3,CN,very nice,2,POTR,3,10.3,7.1,6.9,core,good,no,1,35,NA,NA,35,NA,NA,NA
8/15/11,Big Denver,BD-3,CN,very nice,2,POTR,4,10,9,7,core,some rot at pith,no,1,37,NA,NA,37,NA,very nice pith,NA
8/15/11,Big Denver,BD-3,CN,very nice,2,POTR,5,7,7,6,core,rot in pith,no,1,30,NA,NA,30,NA,way off pith,NA
8/15/11,Big Denver,BD-3,CN,very nice,3,PICEASP,1,10.3,4.4,3.4,core,good,no,2,18,18,NA,18,PICGLA,NA,NA
8/15/11,Big Denver,BD-3,CN,very nice,3,PICEASP,2,8,5.5,4.7,core,good,no,2,19,20,NA,19.5,PICGLA,NA,NA
8/15/11,Big Denver,BD-3,CN,very nice,3,PICEASP,3,8,4.3,3.4,core,good,no,2,30,30,NA,30,PICMAR,NA,NA
8/15/11,Big Denver,BD-3,CN,very nice,3,PICEASP,4,7.5,6.2,4,core,good,no,2,26,24,NA,25,PICMAR,NA,NA
8/15/11,Big Denver,BD-3,CN,very nice,3,PICEASP,5,11,5,3.9,core,good,no,2,32,29,NA,30.5,PICMAR,NA,NA
8/15/11,Big Denver,BD-3,CN,very nice,4,PICEASP,1,5,3,<DBH,cookie,good,no,1,30,NA,NA,30,PICMAR,NA,NA
8/15/11,Big Denver,BD-3,CN,very nice,4,PICEASP,2,5,2.7,<DBH,cookie,good,no,1,33,NA,NA,33,PICMAR,NA,NA
8/15/11,Big Denver,BD-3,CN,very nice,4,PICEASP,3,5,2.2,<DBH,cookie,good,no,1,35,NA,NA,35,PICGLA,NA,NA
8/15/11,Big Denver,BD-3,CN,very nice,4,PICEASP,4,5,2.2,<DBH,cookie,good,no,1,31,31,NA,31,PICMAR,NA,NA
8/15/11,Big Denver,BD-3,CN,very nice,4,PICEASP,5,5,2.5,<DBH,cookie,good,no,1,32,NA,NA,32,PICMAR,NA,NA
8/18/11,Big Denver,BD-4,BC,sunny,1,PIMA,1,15,10,6,core,good,no,1,35,NA,NA,35,NA,NA,NA
8/18/11,Big Denver,BD-4,BC,sunny,1,PIMA,2,15,9.7,5.3,core,good,no,1,30,NA,NA,30,NA,NA,NA
8/18/11,Big Denver,BD-4,BC,sunny,1,PIMA,3,15,7.2,4.3,core,good,no,1,35,NA,NA,35,NA,NA,NA
8/18/11,Big Denver,BD-4,BC,sunny,1,PIMA,4,20,10.1,7.5,core,good,no,1,34,NA,NA,34,NA,NA,NA
8/18/11,Big Denver,BD-4,BC,sunny,1,PIMA,5,25,7.7,5.7,core,good,no,1,33,NA,NA,33,NA,NA,NA
8/18/11,Big Denver,BD-4,BC,sunny,2,BENE,1,20,13.2,7.6,core,light rot,no,1,35,NA,NA,35,NA,hard to count pith bc of rot,NA
8/18/11,Big Denver,BD-4,BC,sunny,2,BENE,2,15,6.2,3.7,core,good,no,1,33,NA,NA,33,heavily browsed,NA,NA
8/18/11,Big Denver,BD-4,BC,sunny,2,BENE,3,20,10,5.4,core,good,no,0,NA,NA,NA,NA,NA,can't see pith,TRASH
8/18/11,Big Denver,BD-4,BC,sunny,2,BENE,4,15,9.6,4.6,core,good,no,1,37,NA,NA,37,NA,NA,NA
8/18/11,Big Denver,BD-4,BC,sunny,2,BENE,5,20,10.1,7.2,core,good,no,1,34,NA,NA,34,NA,NA,NA
8/18/11,Big Denver,BD-4,BC,sunny,3,PIMA,1,30,1.6,<DBH,cookie,good,no,1,24,NA,NA,24,NA,NA,NA
8/18/11,Big Denver,BD-4,BC,sunny,3,PIMA,2,20,3.5,<DBH,cookie,good,no,1,30,NA,NA,30,NA,NA,NA
8/18/11,Big Denver,BD-4,BC,sunny,3,PIMA,3,20,2.2,0.2,cookie,good,no,1,27,NA,NA,27,NA,NA,NA
8/18/11,Big Denver,BD-4,BC,sunny,3,PIMA,4,20,1.4,<DBH,cookie,good,no,1,25,NA,NA,25,NA,NA,NA
8/18/11,Big Denver,BD-4,BC,sunny,3,PIMA,5,25,1.8,<DBH,cookie,good,no,1,29,NA,NA,29,NA,NA,NA
8/18/11,Big Denver,BD-4,BC,sunny,4,LALA,1,20,10,7.6,core,good,no,1,34,NA,NA,34,NA,NA,NA
8/18/11,Big Denver,BD-4,BC,sunny,4,LALA,2,20,7.6,5.7,core,good,no,1,33,NA,NA,33,NA,NA,NA
8/16/11,Big Denver,BD-5,BC,sunny,1,PIMA,1,30,6.6,4.3,core,good,no,2,22,24,NA,23,NA,NA,NA
8/16/11,Big Denver,BD-5,BC,sunny,1,PIMA,2,25,4.7,3,core,good,no,2,35,37,NA,36,NA,NA,NA
8/16/11,Big Denver,BD-5,BC,sunny,1,PIMA,3,25,5.9,4.1,core,good,no,2,36,36,NA,36,NA,NA,NA
8/16/11,Big Denver,BD-5,BC,sunny,1,PIMA,4,25,8.7,6.1,core,good,no,1,32,NA,NA,32,NA,mounted upside down?,NA
8/16/11,Big Denver,BD-5,BC,sunny,1,PIMA,5,25,12.8,8,core,good,no,3,90,92,95,92.33,NA,REALLY OLD- maybe false rings?,NA
8/16/11,Big Denver,BD-5,BC,sunny,2,PIMA,1,25,2.3,<DBH,cookie,good,no,1,34,NA,NA,34,NA,NA,NA
8/16/11,Big Denver,BD-5,BC,sunny,2,PIMA,2,25,2.2,<DBH,cookie,good,no,1,33,NA,NA,33,NA,NA,NA
8/16/11,Big Denver,BD-5,BC,sunny,2,PIMA,3,25,2.2,<DBH,cookie,good,no,1,30,NA,NA,30,NA,NA,NA
8/16/11,Big Denver,BD-5,BC,sunny,2,PIMA,4,25,1.8,<DBH,cookie,good,no,1,30,NA,NA,30,NA,NA,NA
8/16/11,Big Denver,BD-5,BC,sunny,2,PIMA,5,25,1.6,<DBH,cookie,good,no,1,32,NA,NA,32,NA,NA,NA
8/16/11,Big Denver,BD-5,BC,sunny,3,BENE,1,35,1.6,<DBH,cookie,good,no,1,16,NA,NA,16,NA,NA,NA
8/16/11,Big Denver,BD-5,BC,sunny,3,BENE,2,45,1.9,<DBH,cookie,good,no,1,16,NA,NA,16,NA,NA,NA
8/16/11,Big Denver,BD-5,BC,sunny,3,BENE,3,35,1.4,<DBH,cookie,good,no,1,20,NA,NA,20,NA,NA,NA
8/16/11,Big Denver,BD-5,BC,sunny,3,BENE,4,35,1.4,0.4,cookie,good,no,1,20,NA,NA,20,NA,NA,NA
8/16/11,Big Denver,BD-5,BC,sunny,3,BENE,5,45,1.7,0.6,cookie,good,no,2,22,21,NA,21.5,NA,NA,"not well stained for first count, first count no good"
8/16/11,Big Denver,BD-5,BC,sunny,4,CBSNBC,1,45,11.2,8.9,core,rough! Ants,no,2,70,67,NA,68.5,6m tall,NA,NA
8/16/11,Big Denver,BD-5,BC,sunny,4,CBSNBC,2,50,9.2,7,core,good,no,2,83,84,NA,83.5,6m tall,NA,NA
8/16/11,Big Denver,BD-5,BC,sunny,4,CBSNBC,3,35,4,2.8,core,good,no,2,64,64,NA,64,3m tall,NA,NA
8/16/11,Big Denver,BD-5,BC,sunny,4,CBSNBC,4,40,4.4,3.4,core,good,no,2,88,89,NA,88.5,3m tall,NA,NA
8/16/11,Big Denver,BD-5,BC,sunny,4,CBSNBC,5,35,2.4,1.1,core,good,no,2,68,69,NA,68.5,2m tall,NA,NA
8/17/11,Big Denver,BD-6,BC,sunny,1,BENE,1,20,18.2,12.7,core,good,no,1,53,NA,NA,53,NA,NA,NA
8/17/11,Big Denver,BD-6,BC,sunny,1,BENE,2,25,31,21.1,core,good,no,1,42,NA,NA,42,NA,can't find pith,"age is an estimate, counted to the end of the core"
8/17/11,Big Denver,BD-6,BC,sunny,1,BENE,3,20,16.7,11.2,core,good,no,1,38,NA,NA,38,NA,NA,NA
8/17/11,Big Denver,BD-6,BC,sunny,1,BENE,4,25,22,15.7,core,good,no,1,32,NA,NA,32,NA,can't find pith,age is an estimate
8/17/11,Big Denver,BD-6,BC,sunny,1,BENE,5,15,16.6,11,core,good,no,0,NA,NA,NA,NA,NA,can't find pith,TRASH
8/17/11,Big Denver,BD-6,BC,sunny,2,POTR,1,20,18.6,13.6,core,good,no,1,38,NA,NA,38,NA,NA,NA
8/17/11,Big Denver,BD-6,BC,sunny,2,POTR,2,20,13.6,11.2,core,good,no,2,28,30,NA,29,NA,few years off pith,NA
8/17/11,Big Denver,BD-6,BC,sunny,2,POTR,3,20,16.4,13.8,core,good,no,1,37,NA,NA,37,NA,way off pith,NA
8/17/11,Big Denver,BD-6,BC,sunny,2,POTR,4,15,15.5,12.3,core,good,no,1,35,NA,NA,35,NA,NA,NA
8/17/11,Big Denver,BD-6,BC,sunny,2,POTR,5,15,14.7,12.2,core,good,no,1,36,NA,NA,36,NA,can't find pith,NA
8/17/11,Big Denver,BD-6,BC,sunny,3,PIMA,1,15,10.9,7.7,core,good,no,1,33,NA,NA,33,NA,NA,NA
8/17/11,Big Denver,BD-6,BC,sunny,3,PIMA,2,15,10.9,8.8,core,good,no,1,35,NA,NA,35,NA,NA,NA
8/17/11,Big Denver,BD-6,BC,sunny,3,PIMA,3,15,9.6,6.9,core,good,no,1,38,NA,NA,38,NA,NA,NA
8/17/11,Big Denver,BD-6,BC,sunny,3,PIMA,4,15,8.3,6.6,core,good,no,0,NA,NA,NA,NA,NA,"mounted upside down, first count no good!",TRASH
8/17/11,Big Denver,BD-6,BC,sunny,3,PIMA,5,15,10.7,7.6,core,good,no,1,38,NA,NA,38,NA,NA,NA
8/17/11,Big Denver,BD-6,BC,sunny,4,PICEASP,1,15,1.3,<DBH,cookie,good,no,2,26,26,NA,26,NA,pretty moldy,NA
8/17/11,Big Denver,BD-6,BC,sunny,4,PICEASP,2,15,1.1,<DBH,cookie,good,no,1,27,NA,NA,27,NA,NA,NA
8/17/11,Big Denver,BD-6,BC,sunny,4,PICEASP,3,15,1.8,<DBH,cookie,good,no,2,34,33,NA,33.5,NA,NA,NA
8/17/11,Big Denver,BD-6,BC,sunny,4,PICEASP,4,15,2.2,<DBH,cookie,good,no,1,28,NA,NA,28,NA,NA,NA
8/17/11,Big Denver,BD-6,BC,sunny,4,PICEASP,5,15,2.3,<DBH,cookie,good,no,1,31,NA,NA,31,NA,NA,NA
8/16/11,Big Denver,BD-7,BC,sunny,1,POTR,1,15,7.3,6.2,core,good,no,2,33,34,NA,33.5,NA,NA,NA
8/16/11,Big Denver,BD-7,BC,sunny,1,POTR,2,15,10.1,7.7,core,good,no,2,36,34,NA,35,NA,NA,NA
8/16/11,Big Denver,BD-7,BC,sunny,1,POTR,3,15,7.7,6.7,core,light rot,no,3,39,35,35,36.33,NA,NA,NA
8/16/11,Big Denver,BD-7,BC,sunny,1,POTR,4,15,11,8.4,core,good,no,2,35,37,NA,36,NA,NA,NA
8/16/11,Big Denver,BD-7,BC,sunny,1,POTR,5,13,9.5,7.5,core,rot but can see rings,no,2,37,36,NA,36.5,NA,pith hard to count,first count no good
8/16/11,Big Denver,BD-7,BC,sunny,2,PIMA,1,13,5.6,3.6,core,good,no,1,32,NA,NA,32,NA,NA,NA
8/16/11,Big Denver,BD-7,BC,sunny,2,PIMA,2,13,5.7,4,core,good,no,0,NA,NA,NA,NA,NA,missing,NA
8/16/11,Big Denver,BD-7,BC,sunny,2,PIMA,3,13,7.8,4.7,core,good,no,1,34,NA,NA,34,NA,NA,NA
8/16/11,Big Denver,BD-7,BC,sunny,2,PIMA,4,13,5.1,2.8,core,good,no,1,30,NA,NA,30,NA,NA,NA
8/16/11,Big Denver,BD-7,BC,sunny,2,PIMA,5,10,9.3,5.8,core,good,no,1,36,NA,NA,36,NA,NA,NA
8/16/11,Big Denver,BD-7,BC,sunny,3,PIMA,1,15,2.6,<DBH,cookie,good,no,1,33,NA,NA,33,NA,NA,NA
8/16/11,Big Denver,BD-7,BC,sunny,3,PIMA,2,15,2.9,<DBH,cookie,good,no,1,29,NA,NA,29,NA,NA,NA
8/16/11,Big Denver,BD-7,BC,sunny,3,PIMA,3,9,2.1,<DBH,cookie,good,no,1,33,NA,NA,33,NA,NA,NA
8/16/11,Big Denver,BD-7,BC,sunny,3,PIMA,4,10,2.1,<DBH,cookie,good,no,1,35,NA,NA,35,NA,NA,NA
8/16/11,Big Denver,BD-7,BC,sunny,3,PIMA,5,10,2.3,<DBH,cookie,good,no,1,32,NA,NA,32,NA,NA,NA
8/16/11,Big Denver,BD-7,BC,sunny,4,CBSNBC,1,15,10.5,7.8,core,good,no,2,72,73,NA,72.5,9m tall,NA,NA
8/16/11,Big Denver,BD-7,BC,sunny,4,CBSNBC,2,15,10.6,9.3,core,good,no,2,75,73,NA,74,9m tall,NA,NA
8/16/11,Big Denver,BD-7,BC,sunny,4,CBSNBC,3,15,3,1,core,good,no,2,49,49,NA,49,3m tall,NA,NA
8/16/11,Big Denver,BD-7,BC,sunny,4,CBSNBC,4,15,1,1.9,core,good,no,2,40,45,NA,42.5,3m tall,NA,NA
8/17/11,Big Denver,BD-8,BC,sunny &raining,1,PIMA,1,40,8.1,5.9,core,good,no,1,35,NA,NA,35,NA,weird labeling in J2X- see notes,NA
8/17/11,Big Denver,BD-8,BC,sunny &raining,1,PIMA,2,40,5.7,4,core,good,no,1,26,NA,NA,26,NA,few years off pith,NA
8/17/11,Big Denver,BD-8,BC,sunny &raining,1,PIMA,3,40,8.7,5.1,core,good,no,1,31,NA,NA,31,NA,NA,NA
8/17/11,Big Denver,BD-8,BC,sunny &raining,1,PIMA,4,40,7.9,4.6,core,good,no,1,33,NA,NA,33,NA,NA,NA
8/17/11,Big Denver,BD-8,BC,sunny &raining,1,PIMA,5,40,8.2,5.6,core,good,no,1,36,NA,NA,36,NA,weird labeling in J2X- see notes,NA
8/17/11,Big Denver,BD-8,BC,sunny &raining,2,PIMA,1,30+,?,<DBH,cookie,good,no,1,29,NA,NA,29,NA,NA,NA
8/17/11,Big Denver,BD-8,BC,sunny &raining,2,PIMA,2,30+,?,<DBH,cookie,good,no,1,33,NA,NA,33,NA,NA,NA
8/17/11,Big Denver,BD-8,BC,sunny &raining,2,PIMA,3,30+,?,<DBH,cookie,good,no,1,30,NA,NA,30,NA,NA,NA
8/17/11,Big Denver,BD-8,BC,sunny &raining,2,PIMA,4,30+,?,<DBH,cookie,good,no,1,32,NA,NA,32,NA,NA,NA
8/17/11,Big Denver,BD-8,BC,sunny &raining,2,PIMA,5,30+,?,<DBH,cookie,good,no,1,30,NA,NA,30,NA,NA,NA
8/17/11,Big Denver,BD-8,BC,sunny &raining,3,CBSNBC,1,30+,?,4,cookie,good,no,2,54,53,NA,53.5,NA,NA,NA
8/17/11,Big Denver,BD-8,BC,sunny &raining,3,CBSNBC,2,30+,?,4,cookie,good,no,2,46,46,NA,46,NA,NA,NA
8/17/11,Big Denver,BD-8,BC,sunny &raining,3,CBSNBC,3,30+,?,4,cookie,good,no,2,54,56,NA,55,NA,NA,NA
8/17/11,Big Denver,BD-8,BC,sunny &raining,3,CBSNBC,4,30+,?,4,cookie,good,no,1,55,NA,NA,55,NA,"bc of rot in center, can only count once",NA
8/17/11,Big Denver,BD-8,BC,sunny &raining,3,CBSNBC,5,30+,?,4,cookie,good,no,2,59,54,NA,56.5,NA,NA,NA
8/17/11,Big Denver,BD-9,BC,partly sunny,1,POTR,1,10,9.3,7.2,core,good,no,1,37,NA,NA,37,NA,NA,first count no good
8/17/11,Big Denver,BD-9,BC,partly sunny,1,POTR,2,10,6.4,5.2,core,good,no,1,37,NA,NA,37,NA,NA,NA
8/17/11,Big Denver,BD-9,BC,partly sunny,1,POTR,3,NA,12.4,9.9,core,good,no,1,35,NA,NA,35,NA,NA,NA
8/17/11,Big Denver,BD-9,BC,partly sunny,1,POTR,4,NA,8.6,7.8,core,bit of rot,no,0,NA,NA,NA,NA,NA,incomplete core,TRASH
8/17/11,Big Denver,BD-9,BC,partly sunny,1,POTR,5,NA,10.3,7.5,core,good,no,2,37,38,NA,37.5,NA,NA,first count no good
8/17/11,Big Denver,BD-9,BC,partly sunny,2,PIMA,1,8,7.2,5,?,good,no,2,30,33,NA,31.5,NA,NA,NA
8/17/11,Big Denver,BD-9,BC,partly sunny,2,PIMA,2,12,12.4,8.1,?,good,no,2,39,38,NA,38.5,NA,NA,NA
8/17/11,Big Denver,BD-9,BC,partly sunny,2,PIMA,3,7,7.3,5.3,?,good,no,1,25,NA,NA,25,NA,few years off pith,NA
8/17/11,Big Denver,BD-9,BC,partly sunny,2,PIMA,4,9,7.4,5.4,?,good,no,1,32,NA,NA,32,NA,NA,NA
8/17/11,Big Denver,BD-9,BC,partly sunny,2,PIMA,5,10,8.1,5.6,?,good,no,1,29,NA,NA,29,NA,NA,NA
8/17/11,Big Denver,BD-9,BC,partly sunny,3,PIMA,1,8,3.2,1.1,core,good,no,1,28,NA,NA,28,NA,NA,NA
8/17/11,Big Denver,BD-9,BC,partly sunny,3,PIMA,2,8,2.1,1,core,good,no,1,27,NA,NA,27,NA,NA,NA
8/17/11,Big Denver,BD-9,BC,partly sunny,3,PIMA,3,8,2.4,<DBH,core,good,no,1,26,NA,NA,26,NA,NA,NA
8/17/11,Big Denver,BD-9,BC,partly sunny,3,PIMA,4,10,2.8,1,core,good,no,1,27,NA,NA,27,NA,NA,NA
8/17/11,Big Denver,BD-9,BC,partly sunny,3,PIMA,5,8,2.3,<DBH,core,good,no,1,25,NA,NA,25,NA,NA,NA
8/17/11,Big Denver,BD-9,BC,partly sunny,4,CBSNBC,1,10,7.9,5.3,core,good,no,3,44,50,53,49,burned above DBH,NA,NA
8/17/11,Big Denver,BD-9,BC,partly sunny,4,CBSNBC,2,13,9.1,<DBH,core,good,no,2,75,76,NA,75.5,NA,NA,NA
8/17/11,Big Denver,BD-9,BC,partly sunny,4,CBSNBC,3,10,5.5,3.1,core,good,no,2,70,70,NA,70,NA,NA,NA
8/17/11,Big Denver,BD-9,BC,partly sunny,4,CBSNBC,4,10,8,5.1,core,good,no,2,73,73,NA,73,NA,NA,NA
8/31/11,Gerstle River,GR-1,BC,overcast,1,POTR,1,20,17,12.6,core,rotten center,no,2,56,55,NA,55.5,NA,really hard to read rings,NA
8/31/11,Gerstle River,GR-1,BC,overcast,1,POTR,2,30,18.4,15.3,core,rotten center,no,1,48,NA,NA,48,NA,broken at center- no pith,NA
8/31/11,Gerstle River,GR-1,BC,overcast,1,POTR,3,25,20.9,18.5,core,good,no,1,51,NA,NA,51,NA,NA,NA
8/31/11,Gerstle River,GR-1,BC,overcast,1,POTR,4,30,27,21.9,core,good,no,2,33,37,NA,35,NA,way far off pith,age is basically a guess at where the pith is
8/31/11,Gerstle River,GR-1,BC,overcast,1,POTR,5,30,26.5,20.3,core,good,no,1,55,NA,NA,55,NA,NA,NA
8/31/11,Gerstle River,GR-1,BC,overcast,2,BENE,1,30,29.8,22.3,core,good,no,2,59,60,NA,59.5,NA,weird scar at the beginning,NA
8/31/11,Gerstle River,GR-1,BC,overcast,2,BENE,2,30,29.2,21.1,core,good,no,1,57,NA,NA,57,NA,NA,NA
8/31/11,Gerstle River,GR-1,BC,overcast,2,BENE,3,50,41,28.8,core,good,no,2,64,63,NA,63.5,NA,not sure about pith,NA
8/31/11,Gerstle River,GR-1,BC,overcast,2,BENE,4,50,19.2,15.8,core,good,no,2,51,53,NA,52,NA,"counted, but not sure about pith",didn't count all the way to pith on first count
8/31/11,Gerstle River,GR-1,BC,overcast,2,BENE,5,50,34.5,23.1,core,good,no,2,49,48,NA,48.5,NA,way off pith,NA
8/31/11,Gerstle River,GR-1,BC,overcast,3,PIMA,1,20,16.4,12,core,good,no,1,51,NA,NA,51,NA,NA,NA
8/31/11,Gerstle River,GR-1,BC,overcast,3,PIMA,2,20,9.3,6.6,core,good,no,1,54,NA,NA,54,NA,NA,NA
8/31/11,Gerstle River,GR-1,BC,overcast,3,PIMA,3,20,17,12.3,core,good,no,1,55,NA,NA,55,NA,NA,NA
8/31/11,Gerstle River,GR-1,BC,overcast,3,PIMA,4,20,11.2,8.7,core,good,no,1,45,NA,NA,45,NA,NA,NA
8/31/11,Gerstle River,GR-1,BC,overcast,3,PIMA,5,20,13.2,9.9,core,good,no,1,50,NA,NA,50,NA,NA,NA
8/31/11,Gerstle River,GR-1,BC,overcast,4,PIMA,1,15,1.5,<DBH,cookie,good,no,2,26,28,NA,27,NA,NA,NA
8/31/11,Gerstle River,GR-1,BC,overcast,4,PIMA,2,15,1.9,<DBH,cookie,good,no,2,30,28,NA,29,NA,NA,NA
8/31/11,Gerstle River,GR-1,BC,overcast,4,PIMA,3,15,3.1,<DBH,cookie,good,no,2,46,46,NA,46,NA,NA,NA
8/31/11,Gerstle River,GR-1,BC,overcast,4,PIMA,4,15,2.7,<DBH,cookie,good,no,2,41,43,NA,42,NA,NA,NA
8/31/11,Gerstle River,GR-1,BC,overcast,4,PIMA,5,15,?,<DBH,cookie,good,no,2,36,37,NA,36.5,NA,NA,NA
8/31/11,Gerstle River,GR-10,BC,sunny,1,PIMA,1,20,14.9,10.6,core,good,no,2,44,43,NA,43.5,NA,NA,NA
8/31/11,Gerstle River,GR-10,BC,sunny,1,PIMA,2,25,12.8,8.3,core,good,no,2,32,33,NA,32.5,NA,few years off pith,NA
8/31/11,Gerstle River,GR-10,BC,sunny,1,PIMA,3,25,16.2,12.1,core,good,no,2,41,42,NA,41.5,NA,NA,NA
8/31/11,Gerstle River,GR-10,BC,sunny,1,PIMA,4,25,24,15.1,core,good,no,2,55,55,NA,55,NA,NA,NA
8/31/11,Gerstle River,GR-10,BC,sunny,1,PIMA,5,25,14.5,10.1,core,good,no,2,36,33,NA,34.5,NA,few years off pith,NA
8/31/11,Gerstle River,GR-10,BC,sunny,2,BENE,1,75,35.2,31.2,core,good,no,1,44,NA,NA,44,NA,no idea where pith is,count is an estimate
8/31/11,Gerstle River,GR-10,BC,sunny,2,BENE,2,75,24.5,24.7,core,good,no,0,NA,NA,NA,NA,NA,no idea where pith is,TRASH
8/31/11,Gerstle River,GR-10,BC,sunny,2,BENE,3,60,11.4,8.4,core,good,no,2,22,24,NA,23,NA,few years off pith,NA
8/31/11,Gerstle River,GR-10,BC,sunny,2,BENE,4,60,30.2,34.2,core,good,no,2,47,48,NA,47.5,swollen at middle,best of this cohort!,NA
8/31/11,Gerstle River,GR-10,BC,sunny,2,BENE,5,25,17.4,13.2,core,good,no,2,49,51,NA,50,NA,NA,NA
8/31/11,Gerstle River,GR-10,BC,sunny,3,PIMA,1,25,?,<DBH,cookie,good,no,2,42,44,NA,43,NA,NA,NA
8/31/11,Gerstle River,GR-10,BC,sunny,3,PIMA,2,25,?,<DBH,cookie,good,no,2,38,39,NA,38.5,NA,NA,NA
8/31/11,Gerstle River,GR-10,BC,sunny,3,PIMA,3,25,?,<DBH,cookie,good,no,2,37,38,NA,37.5,NA,NA,NA
8/31/11,Gerstle River,GR-10,BC,sunny,3,PIMA,4,25,?,<DBH,cookie,good,no,2,33,34,NA,33.5,NA,NA,NA
8/31/11,Gerstle River,GR-10,BC,sunny,3,PIMA,5,25,?,<DBH,cookie,good,no,2,40,38,NA,39,NA,NA,NA
8/31/11,Gerstle River,GR-10,BC,sunny,4,CBSNBC,1,25,?,8,cookie,good,no,2,39,39,NA,39,NA,NA,NA
8/31/11,Gerstle River,GR-10,BC,sunny,4,CBSNBC,2,25,?,8,cookie,good,no,2,38,38,NA,38,NA,NA,NA
8/31/11,Gerstle River,GR-2,BC,overcast,1,POTR,1,30,20.1,17,core,good,no,0,NA,NA,NA,NA,NA,can't find pith,TRASH
8/31/11,Gerstle River,GR-2,BC,overcast,1,POTR,2,30,19,17.5,core,good,no,2,47,50,NA,48.5,NA,NA,NA
8/31/11,Gerstle River,GR-2,BC,overcast,1,POTR,3,20,23.3,20.9,core,good,no,2,59,58,NA,58.5,NA,NA,NA
8/31/11,Gerstle River,GR-2,BC,overcast,1,POTR,4,30,23.9,21.7,core,good,no,0,NA,NA,NA,NA,NA,cracked at pith,TRASH
8/31/11,Gerstle River,GR-2,BC,overcast,1,POTR,5,30,17.7,14.4,core,good,no,2,57,59,NA,58,NA,NA,NA
8/31/11,Gerstle River,GR-2,BC,overcast,2,BENE,1,30,27.2,19.3,core,good,no,2,51,50,NA,50.5,NA,hard to read,NA
8/31/11,Gerstle River,GR-2,BC,overcast,2,BENE,2,30,27.2,18.7,core,good,no,2,60,60,NA,60,NA,NA,NA
8/31/11,Gerstle River,GR-2,BC,overcast,2,BENE,3,30,24.6,15.7,core,good,no,2,57,58,NA,57.5,NA,NA,NA
8/31/11,Gerstle River,GR-2,BC,overcast,2,BENE,4,30,27.5,19.2,core,good,no,2,35,38,NA,36.5,NA,NA,NA
8/31/11,Gerstle River,GR-2,BC,overcast,2,BENE,5,30,22.8,16.1,core,good,no,2,57,56,NA,56.5,NA,NA,NA
8/31/11,Gerstle River,GR-2,BC,overcast,3,PICEASP,1,15,9,7.1,core,good,no,2,41,44,NA,42.5,NA,NA,NA
8/31/11,Gerstle River,GR-2,BC,overcast,3,PICEASP,2,15,6,4.3,core,good,no,2,35,33,NA,34,NA,NA,NA
8/31/11,Gerstle River,GR-2,BC,overcast,3,PICEASP,3,15,9.3,5.8,core,good,no,2,30,31,NA,30.5,NA,few years off pith,NA
8/31/11,Gerstle River,GR-2,BC,overcast,3,PICEASP,4,15,5.9,3.4,core,good,no,2,28,31,NA,29.5,NA,few years off pith,NA
8/31/11,Gerstle River,GR-2,BC,overcast,3,PICEASP,5,15,7,5.2,core,good,no,2,52,53,NA,52.5,NA,NA,NA
8/31/11,Gerstle River,GR-2,BC,overcast,4,PICEASP,1,10,1.5,<DBH,cookie,good,no,2,25,24,NA,24.5,NA,NA,NA
8/31/11,Gerstle River,GR-2,BC,overcast,4,PICEASP,2,10,2.1,<DBH,cookie,good,no,2,40,39,NA,39.5,NA,NA,NA
8/31/11,Gerstle River,GR-2,BC,overcast,4,PICEASP,3,10,1.5,<DBH,cookie,good,no,2,26,27,NA,26.5,NA,NA,NA
8/31/11,Gerstle River,GR-2,BC,overcast,4,PICEASP,4,10,1,<DBH,cookie,good,no,2,25,26,NA,25.5,NA,NA,NA
8/31/11,Gerstle River,GR-2,BC,overcast,4,PICEASP,5,10,1.6,<DBH,cookie,good,no,2,30,33,NA,31.5,NA,NA,NA
8/30/11,Gerstle River,GR-3,BC,sunny,1,POTR,1,20,15.9,12.3,core,good,no,2,45,44,NA,44.5,NA,few years off pith,NA
8/30/11,Gerstle River,GR-3,BC,sunny,1,POTR,2,20,18.8,13.3,core,good,no,1,49,NA,NA,49,NA,NA,NA
8/30/11,Gerstle River,GR-3,BC,sunny,1,POTR,3,30,22.2,16.6,core,pretty rotten,no,0,NA,NA,NA,NA,NA,NA,missing core
8/30/11,Gerstle River,GR-3,BC,sunny,1,POTR,4,20,14.7,11.6,core,good,no,1,51,NA,NA,51,NA,NA,NA
8/30/11,Gerstle River,GR-3,BC,sunny,1,POTR,5,20,13.8,10.9,core,good,no,1,52,NA,NA,52,NA,NA,NA
8/30/11,Gerstle River,GR-3,BC,sunny,2,BENE,1,20,31.2,23,core,good,no,0,NA,NA,NA,NA,NA,can't tell where pith is,TRASH
8/30/11,Gerstle River,GR-3,BC,sunny,2,BENE,2,25,23.7,16.2,core,good,no,2,57,57,NA,57,NA,NA,NA
8/30/11,Gerstle River,GR-3,BC,sunny,2,BENE,3,25,22.3,14.8,core,good,no,1,61,NA,NA,61,NA,NA,NA
8/30/11,Gerstle River,GR-3,BC,sunny,2,BENE,4,20,19.1,14,core,good,no,1,60,NA,NA,60,NA,NA,NA
8/30/11,Gerstle River,GR-3,BC,sunny,2,BENE,5,25,19.6,14.1,core,good,no,0,NA,NA,NA,NA,NA,NA,missing
8/30/11,Gerstle River,GR-3,BC,sunny,3,PIMA,1,15,8.8,5.4,core,good,no,1,46,NA,NA,46,NA,weird scar at pith,NA
8/30/11,Gerstle River,GR-3,BC,sunny,3,PIMA,2,15,7.1,4.1,core,good,no,1,33,NA,NA,33,NA,way off pith,NA
8/30/11,Gerstle River,GR-3,BC,sunny,3,PIMA,3,15,10.2,6.3,core,good,no,1,43,NA,NA,43,NA,NA,NA
8/30/11,Gerstle River,GR-3,BC,sunny,3,PIMA,4,20,11.9,8.7,core,good,no,1,49,NA,NA,49,NA,NA,NA
8/30/11,Gerstle River,GR-3,BC,sunny,3,PIMA,5,20,10.7,7.9,core,good,no,1,39,NA,NA,39,NA,NA,NA
8/30/11,Gerstle River,GR-3,BC,sunny,4,PIMA,1,10,2.1,<DBH,cookie,good,no,1,30,NA,NA,30,NA,NA,NA
8/30/11,Gerstle River,GR-3,BC,sunny,4,PIMA,2,10,2.9,<DBH,cookie,good,no,2,33,31,NA,32,NA,NA,NA
8/30/11,Gerstle River,GR-3,BC,sunny,4,PIMA,3,10,1.8,<DBH,cookie,good,no,1,26,NA,NA,26,NA,NA,NA
8/30/11,Gerstle River,GR-3,BC,sunny,4,PIMA,4,10,1.5,<DBH,cookie,good,no,1,28,NA,NA,28,NA,NA,NA
8/30/11,Gerstle River,GR-3,BC,sunny,4,PIMA,5,10,1.5,<DBH,cookie,good,no,1,25,NA,NA,25,NA,NA,NA
8/30/11,Gerstle River,GR-4,BC,sunny,1,POTR,1,25,29.4,22.7,core,good,no,1,45,NA,NA,45,NA,NA,NA
8/30/11,Gerstle River,GR-4,BC,sunny,1,POTR,2,25,24.8,19.8,core,good,no,1,46,NA,NA,46,NA,NA,NA
8/30/11,Gerstle River,GR-4,BC,sunny,1,POTR,3,30,36.1,27.5,core,good,no,1,36,NA,NA,36,NA,"in POTR cohort, but really a PIGL",WAY off pith
8/30/11,Gerstle River,GR-4,BC,sunny,1,POTR,4,25,24.2,17.1,core,good,no,2,44,43,NA,43.5,NA,NA,NA
8/30/11,Gerstle River,GR-4,BC,sunny,1,POTR,5,25,22.2,19.9,core,good,no,2,53,52,NA,52.5,NA,NA,NA
8/30/11,Gerstle River,GR-4,BC,sunny,2,BENE,1,30,32.2,24.4,core,good,no,1,50,NA,NA,50,NA,NA,NA
8/30/11,Gerstle River,GR-4,BC,sunny,2,BENE,2,30,31,24.1,core,good,no,1,53,NA,NA,53,NA,NA,NA
8/30/11,Gerstle River,GR-4,BC,sunny,2,BENE,3,30,25,22.3,core,good,no,0,NA,NA,NA,NA,NA,can't see pith,TRASH
8/30/11,Gerstle River,GR-4,BC,sunny,2,BENE,4,30,34.4,24.9,core,good,no,1,54,NA,NA,54,NA,NA,NA
8/30/11,Gerstle River,GR-4,BC,sunny,2,BENE,5,30,25.2,18.2,core,good,no,1,50,NA,NA,50,NA,NA,NA
8/30/11,Gerstle River,GR-4,BC,sunny,3,PIGL,1,10,7.9,5.4,core,good,no,2,51,54,NA,52.5,NA,really good pith,NA
8/30/11,Gerstle River,GR-4,BC,sunny,3,PIGL,2,10,7.7,5.8,core,good,no,2,44,44,NA,44,NA,NA,NA
8/30/11,Gerstle River,GR-4,BC,sunny,3,PIGL,3,15,8.8,5.2,core,good,no,1,45,NA,NA,45,NA,NA,NA
8/30/11,Gerstle River,GR-4,BC,sunny,3,PIGL,4,15,14.1,9.5,core,good,no,2,31,32,NA,31.5,NA,way off pith,NA
8/30/11,Gerstle River,GR-4,BC,sunny,3,PIGL,5,15,7.2,4.8,core,good,no,1,NA,NA,NA,NA,NA,"counted, but really weird, put in recount box",TRASH
8/30/11,Gerstle River,GR-4,BC,sunny,4,PICEASP,1,7,1.1,<DBH,cookie,good,no,2,20,21,NA,20.5,NA,NA,NA
8/30/11,Gerstle River,GR-4,BC,sunny,4,PICEASP,2,7,1.2,<DBH,cookie,good,no,2,20,21,NA,20.5,NA,NA,must have counted stuff that wasn't rings first time
8/30/11,Gerstle River,GR-4,BC,sunny,4,PICEASP,3,7,1.1,<DBH,cookie,good,no,2,21,22,NA,21.5,NA,NA,NA
8/30/11,Gerstle River,GR-4,BC,sunny,4,PICEASP,4,7,2.4,<DBH,cookie,good,no,2,24,26,NA,25,NA,NA,must have counted stuff that wasn't rings first time
8/30/11,Gerstle River,GR-4,BC,sunny,4,PICEASP,5,7,1.1,<DBH,cookie,good,no,1,20,NA,NA,20,NA,NA,NA
8/30/11,Gerstle River,GR-5,BC,sunny,1,POTR,1,15,17,14.5,core,good,no,3,60,55,57,57.33,NA,"longer than others, good pith",NA
8/30/11,Gerstle River,GR-5,BC,sunny,1,POTR,2,15,20.6,16,core,good,no,1,44,NA,NA,44,NA,NA,NA
8/30/11,Gerstle River,GR-5,BC,sunny,1,POTR,3,20,18,15.2,core,good,no,1,41,NA,NA,41,NA,NA,NA
8/30/11,Gerstle River,GR-5,BC,sunny,1,POTR,4,20,16.4,14.5,core,good,no,2,42,40,NA,41,NA,NA,NA
8/30/11,Gerstle River,GR-5,BC,sunny,1,POTR,5,15,11,9.5,core,good,no,2,42,41,NA,41.5,NA,NA,NA
8/30/11,Gerstle River,GR-5,BC,sunny,2,PICEASP,1,10,7.3,4.4,?,good,no,2,35,36,NA,35.5,NA,few years off pith,NA
8/30/11,Gerstle River,GR-5,BC,sunny,2,PICEASP,2,10,8.4,5.4,?,good,no,1,30,NA,NA,30,NA,want to trash… no pith!,NA
8/30/11,Gerstle River,GR-5,BC,sunny,2,PICEASP,3,10,7.3,3.1,?,good,no,2,42,41,NA,41.5,NA,NA,NA
8/30/11,Gerstle River,GR-5,BC,sunny,2,PICEASP,4,10,12.3,7.5,?,good,no,2,50,50,NA,50,NA,way bigger than others,NA
8/30/11,Gerstle River,GR-5,BC,sunny,2,PICEASP,5,15,9.9,7.1,?,good,no,2,45,43,NA,44,NA,NA,NA
8/30/11,Gerstle River,GR-5,BC,sunny,3,PICEASP,1,10,4.3,0.5,?,good,no,2,45,42,NA,43.5,NA,REALLY moldy,NA
8/30/11,Gerstle River,GR-5,BC,sunny,3,PICEASP,2,10,1.6,<DBH,?,good,no,2,25,27,NA,26,NA,REALLY moldy,NA
8/30/11,Gerstle River,GR-5,BC,sunny,3,PICEASP,3,10,3.1,0.6,?,good,no,2,47,44,NA,45.5,NA,REALLY moldy,NA
8/30/11,Gerstle River,GR-5,BC,sunny,3,PICEASP,4,10,1.7,0.7,?,good,no,2,40,38,NA,39,NA,REALLY moldy,NA
8/30/11,Gerstle River,GR-5,BC,sunny,3,PICEASP,5,10,2.1,1,?,good,no,2,23,25,NA,24,NA,REALLY moldy,NA
8/30/11,Gerstle River,GR-6,BC,sunny,1,BENE,1,25,20.8,15.8,core,center rotten,no,2,56,53,NA,54.5,NA,very rotten core,NA
8/30/11,Gerstle River,GR-6,BC,sunny,1,BENE,2,20,19.9,13.3,core,good,no,2,51,51,NA,51,NA,NA,NA
8/30/11,Gerstle River,GR-6,BC,sunny,1,BENE,3,20,14.4,10.7,core,good,no,2,56,56,NA,56,NA,NA,NA
8/30/11,Gerstle River,GR-6,BC,sunny,1,BENE,4,20,21.3,14.9,core,good,no,2,51,52,NA,51.5,NA,really hard to read,NA
8/30/11,Gerstle River,GR-6,BC,sunny,1,BENE,5,20,21.9,16.1,core,good,no,2,48,50,NA,49,NA,NA,NA
8/30/11,Gerstle River,GR-6,BC,sunny,2,PICEASP,1,15,11.8,7.8,core,good,no,3,52,53,52,52.33,NA,NA,NA
8/30/11,Gerstle River,GR-6,BC,sunny,2,PICEASP,2,15,13.5,?,core,good,no,2,45,46,NA,45.5,NA,NA,NA
8/30/11,Gerstle River,GR-6,BC,sunny,2,PICEASP,3,15,8.8,?,core,good,no,3,42,37,37,38.67,NA,NA,NA
8/30/11,Gerstle River,GR-6,BC,sunny,3,PICEASP,1,10,?,<DBH,cookie,good,no,1,37,NA,NA,37,NA,NA,NA
8/30/11,Gerstle River,GR-6,BC,sunny,3,PICEASP,2,10,?,<DBH,cookie,good,no,1,41,NA,NA,41,NA,NA,NA
8/29/11,Gerstle River,GR-7,BC,sunny,1,PIMA,1,10,10.7,7.8,core,good,no,2,41,41,NA,41,NA,NA,NA
8/29/11,Gerstle River,GR-7,BC,sunny,1,PIMA,2,20,21.2,17,core,good,no,2,74,74,NA,74,NA,much older than rest,NA
8/29/11,Gerstle River,GR-7,BC,sunny,1,PIMA,3,10,13.2,11.3,core,good,no,2,64,65,NA,64.5,NA,"good, much older than rest",NA
8/29/11,Gerstle River,GR-7,BC,sunny,1,PIMA,4,10,9.4,6.9,core,good,no,2,46,44,NA,45,NA,good,NA
8/29/11,Gerstle River,GR-7,BC,sunny,1,PIMA,5,10,10.6,6.9,core,good,no,2,40,39,NA,39.5,NA,far off pith,NA
8/29/11,Gerstle River,GR-7,BC,sunny,2,BENE,1,10,5.9,3.2,core,good,no,2,42,40,NA,41,NA,NA,NA
8/29/11,Gerstle River,GR-7,BC,sunny,2,BENE,2,10,13.3,8.8,core,good,no,2,28,28,NA,28,NA,way off pith,NA
8/29/11,Gerstle River,GR-7,BC,sunny,2,BENE,3,30,16.2,13,core,good,no,2,52,49,NA,50.5,larger than average tree,pith not good,NA
8/29/11,Gerstle River,GR-7,BC,sunny,2,BENE,4,15,9.8,6.7,core,good,no,2,34,35,NA,34.5,NA,far off pith,NA
8/29/11,Gerstle River,GR-7,BC,sunny,2,BENE,5,10,13.1,10.7,core,good,no,2,56,50,NA,53,NA,not certain about pith,NA
8/29/11,Gerstle River,GR-7,BC,sunny,3,PIMA,1,10,2.1,<DBH,cookie,good,no,2,36,38,NA,37,NA,NA,NA
8/29/11,Gerstle River,GR-7,BC,sunny,3,PIMA,2,10,2.2,<DBH,cookie,good,no,2,31,32,NA,31.5,NA,NA,NA
8/29/11,Gerstle River,GR-7,BC,sunny,3,PIMA,3,10,2.8,<DBH,cookie,good,no,2,36,37,NA,36.5,NA,NA,NA
8/29/11,Gerstle River,GR-7,BC,sunny,3,PIMA,4,10,1.9,<DBH,cookie,good,no,2,40,41,NA,40.5,NA,NA,NA
8/29/11,Gerstle River,GR-7,BC,sunny,3,PIMA,5,10,2.3,<DBH,cookie,good,no,2,39,40,NA,39.5,NA,NA,NA
8/29/11,Gerstle River,GR-7,BC,sunny,4,POTR,1,10,19.4,16.4,core,good,no,2,56,54,NA,55,NA,NA,NA
8/29/11,Gerstle River,GR-7,BC,sunny,4,POTR,2,10,17,14.3,core,good,no,2,41,43,NA,42,NA,way off pith,NA
8/29/11,Gerstle River,GR-7,BC,sunny,4,POTR,3,10,16.1,12.6,core,good,no,2,53,51,NA,52,NA,can see any rings!,count is an estimate
8/29/11,Gerstle River,GR-8,BC,sunny,1,PIMA,1,40,8.3,5.9,core,good,no,1,46,NA,NA,46,NA,NA,NA
8/29/11,Gerstle River,GR-8,BC,sunny,1,PIMA,2,40,8.6,5.9,core,good,no,1,40,NA,NA,40,NA,NA,NA
8/29/11,Gerstle River,GR-8,BC,sunny,1,PIMA,3,35,6.4,3.8,core,good,no,1,36,NA,NA,36,NA,NA,NA
8/29/11,Gerstle River,GR-8,BC,sunny,1,PIMA,4,50,5.1,3.6,core,good,no,1,42,NA,NA,42,NA,NA,NA
8/29/11,Gerstle River,GR-8,BC,sunny,1,PIMA,5,50,5.8,3.6,core,good,no,1,55,NA,NA,55,NA,NA,NA
8/29/11,Gerstle River,GR-8,BC,sunny,2,BENE,1,40,5.9,3.4,core,good,no,2,48,48,NA,48,NA,NA,NA
8/29/11,Gerstle River,GR-8,BC,sunny,2,BENE,2,30,6.1,5.1,core,good,no,2,34,31,NA,32.5,NA,weird scar,NA
8/29/11,Gerstle River,GR-8,BC,sunny,2,BENE,3,50,8,6.1,core,good,no,2,56,55,NA,55.5,NA,clearer than average birch rings,NA
8/29/11,Gerstle River,GR-8,BC,sunny,2,BENE,4,45,6.3,5.1,core,good,no,2,42,43,NA,42.5,NA,NA,NA
8/29/11,Gerstle River,GR-8,BC,sunny,3,PIMA,1,45,2.4,<DBH,cookie,good,no,1,48,NA,NA,48,NA,NA,NA
8/29/11,Gerstle River,GR-8,BC,sunny,3,PIMA,2,45,2,<DBH,cookie,good,no,2,49,48,NA,48.5,NA,NA,NA
8/29/11,Gerstle River,GR-8,BC,sunny,3,PIMA,3,40,2.3,<DBH,cookie,good,no,1,45,NA,NA,45,NA,pith stretched out-not a flat cookie,NA
8/29/11,Gerstle River,GR-8,BC,sunny,3,PIMA,4,35,3.1,<DBH,cookie,good,no,1,50,NA,NA,50,NA,NA,NA
8/29/11,Gerstle River,GR-8,BC,sunny,3,PIMA,5,40,2.5,<DBH,cookie,good,no,2,45,46,NA,45.5,NA,NA,NA
8/29/11,Gerstle River,GR-8,BC,sunny,4,CBSNBC,1,40,?,6,cookie,good,no,2,82,74,NA,78,NA,NA,should recount
8/29/11,Gerstle River,GR-8,BC,sunny,4,CBSNBC,2,40,?,6,cookie,good,no,2,88,92,NA,90,NA,NA,should recount
8/30/11,Gerstle River,GR-9,BC,sunny,1,BENE,1,75,8.7,6.3,core,good,no,3,41,38,38,39,NA,NA,NA
8/30/11,Gerstle River,GR-9,BC,sunny,1,BENE,2,75,17.1,12.9,core,good,no,3,61,61,62,61.33,NA,very nice,NA
8/30/11,Gerstle River,GR-9,BC,sunny,1,BENE,3,60,10.9,6.9,core,good,no,2,42,38,NA,40,NA,NA,NA
8/30/11,Gerstle River,GR-9,BC,sunny,1,BENE,4,60,9,6,core,good,no,2,40,38,NA,39,NA,hard to tell where pith is,NA
8/30/11,Gerstle River,GR-9,BC,sunny,1,BENE,5,60,16.2,12.7,core,good,no,2,49,54,NA,51.5,NA,"too rotten, had to stop before pith",NA
8/30/11,Gerstle River,GR-9,BC,sunny,2,PIMA,1,50,5.9,3.7,core,good,no,3,24,35,25,28,NA,far off pith,NA
8/30/11,Gerstle River,GR-9,BC,sunny,2,PIMA,2,50,7.5,4.3,core,good,no,2,36,35,NA,35.5,NA,mounted upside down!,NA
8/30/11,Gerstle River,GR-9,BC,sunny,2,PIMA,3,50,6.6,4.4,core,good,no,3,55,54,53,54,NA,NA,NA
8/30/11,Gerstle River,GR-9,BC,sunny,2,PIMA,4,50,9.3,6.5,core,good,no,3,37,37,39,37.67,NA,far off pith,NA
8/30/11,Gerstle River,GR-9,BC,sunny,2,PIMA,5,50,9.2,5.8,core,good,no,3,49,48,49,48.67,NA,GREAT,NA
8/30/11,Gerstle River,GR-9,BC,sunny,3,PIMA,1,50,2.4,<DBH,cookie,good,no,1,39,NA,NA,39,NA,NA,NA
8/30/11,Gerstle River,GR-9,BC,sunny,3,PIMA,2,50,2.7,<DBH,cookie,good,no,1,39,NA,NA,39,NA,NA,NA
8/30/11,Gerstle River,GR-9,BC,sunny,3,PIMA,3,50,2,<DBH,cookie,good,no,1,36,NA,NA,36,NA,slice not flat- pith stretched out,NA
8/30/11,Gerstle River,GR-9,BC,sunny,3,PIMA,4,75,2.3,<DBH,cookie,good,no,1,36,NA,NA,36,NA,NA,NA
8/30/11,Gerstle River,GR-9,BC,sunny,3,PIMA,5,65,3.1,<DBH,cookie,good,no,1,42,NA,NA,42,NA,NA,NA
8/30/11,Gerstle River,GR-9,BC,sunny,4,CBSNBC,1,50,?,<DBH,cookie,good,no,2,150,153,NA,151.5,NA,NA,NA
8/30/11,Gerstle River,GR-9,BC,sunny,4,CBSNBC,2,50,?,<DBH,cookie,good,no,0,NA,NA,NA,NA,NA,"super weird salix sp, not counted yet",NA
8/31/11,Gerstle River,GR-U1,BC,mostly cloudy,1,PIMA,1,25,27.7,18.8,core,good,no,1,93,NA,NA,93,NA,NA,NA
8/31/11,Gerstle River,GR-U1,BC,mostly cloudy,1,PIMA,2,25,14,10.7,core,good,no,1,91,NA,NA,91,NA,NA,NA
8/31/11,Gerstle River,GR-U1,BC,mostly cloudy,1,PIMA,3,25,13.4,9,core,good,no,2,84,82,NA,83,NA,"rotten pith, maybe few years off true age",NA
8/31/11,Gerstle River,GR-U1,BC,mostly cloudy,1,PIMA,4,30,19.6,14.1,core,good,no,1,98,NA,NA,98,NA,NA,NA
8/31/11,Gerstle River,GR-U1,BC,mostly cloudy,1,PIMA,5,30,15.4,11,core,good,no,2,97,96,NA,96.5,NA,first count no good,NA
8/31/11,Gerstle River,GR-U1,BC,mostly cloudy,3,CBSNBC,1,20,?,8,cookie,good,no,3,107,117,105,109.67,NA,"too much rot to get consistant count (holes), so I'm going to use the largest count",NA
8/31/11,Gerstle River,GR-U1,BC,mostly cloudy,3,CBSNBC,2,20,?,8,cookie,good,no,3,88,95,95,92.67,NA,NA,NA
8/9/11,Murphy Dome,MD-1,JH BC CN,getting better,1,PIMA,1,7,5.1,3.9,core,good,no,1,40,NA,NA,40,NA,NA,NA
8/9/11,Murphy Dome,MD-1,JH BC CN,getting better,1,PIMA,2,9,8.4,6.4,core,good,no,1,42,NA,NA,42,NA,NA,NA
8/9/11,Murphy Dome,MD-1,JH BC CN,getting better,1,PIMA,3,10,6.7,5.1,core,good,no,1,45,NA,NA,45,NA,doesn't look like other PICEASP cores… looks more like a birch?,NA
8/9/11,Murphy Dome,MD-1,JH BC CN,getting better,1,PIMA,4,8,7.8,6.4,core,good,no,1,44,NA,NA,44,NA,NA,NA
8/9/11,Murphy Dome,MD-1,JH BC CN,getting better,1,PIMA,5,12,11.5,8.2,core,good,no,1,40,NA,NA,40,NA,NA,NA
8/9/11,Murphy Dome,MD-1,JH BC CN,getting better,2,POTR,1,11,13.5,10.7,core,good,no,2,51,50,NA,50.5,NA,NA,NA
8/9/11,Murphy Dome,MD-1,JH BC CN,getting better,2,POTR,2,10,6.1,5.4,core,good,no,2,40,40,NA,40,NA,way off pith,NA
8/9/11,Murphy Dome,MD-1,JH BC CN,getting better,2,POTR,3,16,9.8,8,core,good,no,1,40,NA,NA,40,NA,incomplete core,age is minimum age bc core ends before pith
8/9/11,Murphy Dome,MD-1,JH BC CN,getting better,2,POTR,4,10,8.5,7.5,core,good,no,2,44,45,NA,44.5,NA,NA,NA
8/9/11,Murphy Dome,MD-1,JH BC CN,getting better,2,POTR,5,11,8.5,6.9,core,good,no,1,40,NA,NA,40,missing pith on mount?,incomplete core,age is minimum age bc core ends before pith
8/9/11,Murphy Dome,MD-1,JH BC CN,getting better,3,PIMA,1,9,2.6,0.8,core,good,no,1,35,NA,NA,35,NA,NA,NA
8/9/11,Murphy Dome,MD-1,JH BC CN,getting better,3,PIMA,2,6,1.9,0.8,core,good,no,1,32,NA,NA,32,NA,NA,NA
8/9/11,Murphy Dome,MD-1,JH BC CN,getting better,3,PIMA,3,6,2.8,0.8,core,good,no,1,38,NA,NA,38,NA,NA,NA
8/9/11,Murphy Dome,MD-1,JH BC CN,getting better,3,PIMA,4,6,1.9,0.9,core,good,no,2,38,39,NA,38.5,NA,NA,NA
8/9/11,Murphy Dome,MD-1,JH BC CN,getting better,3,PIMA,5,6,1.9,0.8,core,good,no,1,32,NA,NA,32,NA,NA,NA
8/9/11,Murphy Dome,MD-2,CN BC,nicer,1,PIMA,1,10,5.9,5,core,good,no,2,32,33,NA,32.5,NA,NA,NA
8/9/11,Murphy Dome,MD-2,CN BC,nicer,1,PIMA,2,7,5,3.8,core,good,no,2,30,32,NA,31,NA,NA,NA
8/9/11,Murphy Dome,MD-2,CN BC,nicer,1,PIMA,3,15,10,7.6,core,good,no,2,41,41,NA,41,NA,NA,NA
8/9/11,Murphy Dome,MD-2,CN BC,nicer,1,PIMA,4,10,6.3,5.2,core,good,no,1,35,NA,NA,35,NA,NA,NA
8/9/11,Murphy Dome,MD-2,CN BC,nicer,1,PIMA,5,9,5,4.1,core,good,no,2,44,46,NA,45,NA,good!,NA
8/9/11,Murphy Dome,MD-2,CN BC,nicer,2,PIMA,1,8,2.1,0.5,cookie,good,no,1,37,NA,NA,37,NA,NA,NA
8/9/11,Murphy Dome,MD-2,CN BC,nicer,2,PIMA,2,8,2.8,1.4,cookie,good,no,1,35,NA,NA,35,NA,NA,NA
8/9/11,Murphy Dome,MD-2,CN BC,nicer,2,PIMA,3,8,2.3,1.2,cookie,good,no,1,34,NA,NA,34,NA,NA,NA
8/9/11,Murphy Dome,MD-2,CN BC,nicer,2,PIMA,4,8,1.8,<DBH,cookie,good,no,1,36,NA,NA,36,NA,NA,NA
8/9/11,Murphy Dome,MD-2,CN BC,nicer,2,PIMA,5,8,2,<DBH,cookie,good,no,1,40,NA,NA,40,NA,NA,NA
8/9/11,Murphy Dome,MD-2,CN BC,nicer,3,BENE,1,20,12.5,10.1,core,good,no,1,45,NA,NA,45,NA,NA,NA
8/9/11,Murphy Dome,MD-2,CN BC,nicer,3,BENE,2,9,8,6,core,good,no,1,24,NA,NA,24,NA,"weird scars cover most of core, don't trust count",NA
8/9/11,Murphy Dome,MD-2,CN BC,nicer,3,BENE,3,11,11.9,8.6,core,good,no,1,44,NA,NA,44,NA,few years off pith,NA
8/9/11,Murphy Dome,MD-2,CN BC,nicer,3,BENE,4,10,7.1,5.1,core,good,no,1,42,NA,NA,42,NA,NA,NA
8/9/11,Murphy Dome,MD-2,CN BC,nicer,4,POTR,1,15,19.8,17.6,core,good,no,2,47,43,NA,45,NA,NA,NA
8/9/11,Murphy Dome,MD-2,CN BC,nicer,4,POTR,2,15,14,12,core,good,no,1,48,NA,NA,48,NA,first age no good- mistaken where pith was,NA
8/9/11,Murphy Dome,MD-2,CN BC,nicer,4,POTR,3,17,21.5,18,core,good,no,0,NA,NA,NA,NA,NA,can't tell where pith is,TRASH
8/9/11,Murphy Dome,MD-2,CN BC,nicer,4,POTR,4,18,16.1,13.6,core,good,no,2,47,48,NA,47.5,NA,NA,NA
8/9/11,Murphy Dome,MD-2,CN BC,nicer,4,POTR,5,20,18.7,17.4,core,good,no,1,48,NA,NA,48,NA,first age no good- mistaken where pith was,NA
8/10/11,Murphy Dome,MD-3,BC,partly sunny,1,PIMA,1,45,20.4,15.8,core,Rot area- 1.5cm from pith,no,2,97,104,NA,100.5,cored trees on SW side of plot,very rotten at pith,nearly impossible to get consistant count bc of core quality
8/10/11,Murphy Dome,MD-3,BC,partly sunny,1,PIMA,2,45,21.2,19.5,core,good,no,2,164,162,NA,163,cored trees on SW side of plot,NA,NA
8/10/11,Murphy Dome,MD-3,BC,partly sunny,1,PIMA,3,70,21.4,18.5,core,good,no,2,122,120,NA,121,cored trees on SW side of plot,NA,NA
8/10/11,Murphy Dome,MD-3,BC,partly sunny,1,PIMA,4,58,19.3,16.2,core,good,no,2,116,120,NA,118,cored trees on SW side of plot,NA,NA
8/10/11,Murphy Dome,MD-3,BC,partly sunny,1,PIMA,5,53,18,15,core,good,no,2,167,173,NA,170,cored trees on SW side of plot,NA,NA
8/10/11,Murphy Dome,MD-3,BC,partly sunny,2,PIMA,1,30,10.5,8.4,core,good,no,2,89,90,NA,89.5,cored trees on SW side of plot,NA,NA
8/10/11,Murphy Dome,MD-3,BC,partly sunny,2,PIMA,2,20,6.5,5.4,core,good,no,0,NA,NA,NA,NA,cored trees on SW side of plot,incomplete core,TRASH
8/10/11,Murphy Dome,MD-3,BC,partly sunny,2,PIMA,3,33,9.9,7.4,core,good,no,2,85,85,NA,85,cored trees on SW side of plot,NA,NA
8/10/11,Murphy Dome,MD-3,BC,partly sunny,2,PIMA,4,36,8,6.3,core,good,no,2,146,148,NA,147,cored trees on SW side of plot,NA,NA
8/10/11,Murphy Dome,MD-3,BC,partly sunny,2,PIMA,5,27,9,6.2,core,good,no,2,113,105,NA,109,cored trees on SW side of plot,NA,NA
8/10/11,Murphy Dome,MD-3,BC,partly sunny,3,PIMA,1,30,2.1,<DBH,cookie,good,no,2,61,62,NA,61.5,NA,NA,NA
8/10/11,Murphy Dome,MD-3,BC,partly sunny,3,PIMA,2,30,1.9,0.8,cookie,good,no,2,72,71,NA,71.5,NA,NA,NA
8/10/11,Murphy Dome,MD-3,BC,partly sunny,3,PIMA,3,30,2.7,1.2,cookie,good,no,2,56,60,NA,58,NA,NA,NA
8/10/11,Murphy Dome,MD-3,BC,partly sunny,3,PIMA,4,30,2.9,1.1,cookie,good,no,2,58,60,NA,59,NA,NA,NA
8/10/11,Murphy Dome,MD-3,BC,partly sunny,3,PIMA,5,30,2.3,<DBH,cookie,good,no,2,66,63,NA,64.5,NA,NA,NA
8/10/11,Murphy Dome,MD-4,BC CL LRC,partly sunny,1,BENE,1,24,14.2,11.7,core,slightly off center,no,2,37,38,NA,37.5,NA,few years off pith,NA
8/10/11,Murphy Dome,MD-4,BC CL LRC,partly sunny,1,BENE,2,24,24.7,17.5,core,light rot at center,no,0,NA,NA,NA,NA,NA,can't tell where pith is,TRASH
8/10/11,Murphy Dome,MD-4,BC CL LRC,partly sunny,1,BENE,3,20,14.7,10.9,core,good,no,2,32,33,NA,32.5,NA,few years off pith,NA
8/10/11,Murphy Dome,MD-4,BC CL LRC,partly sunny,1,BENE,4,35,20.4,15.8,core,good,no,2,48,49,NA,48.5,NA,NA,NA
8/10/11,Murphy Dome,MD-4,BC CL LRC,partly sunny,1,BENE,5,15,12.1,8.6,core,good,no,2,47,43,NA,45,NA,NA,NA
8/10/11,Murphy Dome,MD-4,BC CL LRC,partly sunny,2,PIGL,1,16,10.3,8.3,core,good,no,1,41,NA,NA,41,NA,few years pith,NA
8/10/11,Murphy Dome,MD-4,BC CL LRC,partly sunny,2,PIGL,2,15,7.7,6.1,core,good,no,1,46,NA,NA,46,NA,NA,NA
8/10/11,Murphy Dome,MD-4,BC CL LRC,partly sunny,2,PIGL,3,16,9.7,6.8,core,good,no,2,39,37,NA,38,NA,few years off pith,NA
8/10/11,Murphy Dome,MD-4,BC CL LRC,partly sunny,2,PIGL,4,16,8.4,7.4,core,good,no,1,46,NA,NA,46,NA,NA,NA
8/10/11,Murphy Dome,MD-4,BC CL LRC,partly sunny,2,PIGL,5,14,14.9,10.3,core,good,no,2,33,34,NA,33.5,NA,few years off pith,NA
8/10/11,Murphy Dome,MD-5,BC,partly sunny,1,BENE,1,23,12.6,10,core,good,no,0,NA,NA,NA,NA,NA,"core def not a BENE, did not count, put in problem pile",NA
8/10/11,Murphy Dome,MD-5,BC,partly sunny,1,BENE,2,21,16.5,12,core,good,no,2,47,45,NA,46,NA,"hard to read rings, had to mark with pencil",first count not good
8/10/11,Murphy Dome,MD-5,BC,partly sunny,1,BENE,3,21,16,11.8,core,light rot at center,no,2,41,43,NA,42,NA,"hard to read rings, had to mark with pencil",first count not good
8/10/11,Murphy Dome,MD-5,BC,partly sunny,1,BENE,4,25,14.7,11.9,core,light rot at center,no,2,48,48,NA,48,NA,NA,NA
8/10/11,Murphy Dome,MD-5,BC,partly sunny,1,BENE,5,29,20.4,14.8,core,good,no,2,49,45,NA,47,NA,NA,NA
8/10/11,Murphy Dome,MD-5,BC,partly sunny,2,PIMA,1,23,8.8,7.6,core,good,no,1,48,NA,NA,48,NA,NA,NA
8/10/11,Murphy Dome,MD-5,BC,partly sunny,2,PIMA,2,20,9.7,7.7,core,good,no,2,39,39,NA,39,NA,few years off pith,NA
8/10/11,Murphy Dome,MD-5,BC,partly sunny,2,PIMA,3,16,9.5,7.6,core,good,no,1,43,NA,NA,43,NA,NA,NA
8/10/11,Murphy Dome,MD-5,BC,partly sunny,2,PIMA,4,20,9.5,7.3,core,good,no,2,43,43,NA,43,NA,NA,NA
8/10/11,Murphy Dome,MD-5,BC,partly sunny,2,PIMA,5,17,9.5,7.7,core,good,no,2,49,50,NA,49.5,NA,NA,NA
8/11/11,Murphy Dome,MD-6,BC CN,cloudy,1,BENE,1,23,13.3,10.4,core,light rot at center,no,1,45,NA,NA,45,NA,crack at pith,"this is the third count- must have counted non-rings as rings, still hard to read"
8/11/11,Murphy Dome,MD-6,BC CN,cloudy,1,BENE,2,21,12,9.6,core,good,no,1,47,NA,NA,47,NA,very good,"this is the third count- must have counted non-rings as rings, still hard to read"
8/11/11,Murphy Dome,MD-6,BC CN,cloudy,1,BENE,3,35,24.3,17.3,core,good,no,1,40,NA,NA,40,NA,2 big cracks- really hard to read,"this is the third count- must have counted non-rings as rings, still hard to read"
8/11/11,Murphy Dome,MD-6,BC CN,cloudy,1,BENE,4,20,19.4,13.2,core,dark brown pith,no,1,38,NA,NA,38,NA,NA,"this is the third count- must have counted non-rings as rings, still hard to read"
8/11/11,Murphy Dome,MD-6,BC CN,cloudy,1,BENE,5,23,19.4,14.1,core,good,no,1,40,NA,NA,40,NA,"bad break at beginning, probably lost a few years","this is the third count- must have counted non-rings as rings, still hard to read"
8/11/11,Murphy Dome,MD-6,BC CN,cloudy,2,PIMA,1,17,9.8,8.6,core,good,no,2,48,46,NA,47,NA,cracked,NA
8/11/11,Murphy Dome,MD-6,BC CN,cloudy,2,PIMA,2,18,12.9,9.9,core,good,no,2,47,47,NA,47,NA,NA,NA
8/11/11,Murphy Dome,MD-6,BC CN,cloudy,2,PIMA,3,18,10.4,8.2,core,good,no,2,48,49,NA,48.5,NA,NA,NA
8/11/11,Murphy Dome,MD-6,BC CN,cloudy,2,PIMA,4,16,9.6,6.9,core,good,no,2,50,50,NA,50,NA,very nice,NA
8/11/11,Murphy Dome,MD-6,BC CN,cloudy,2,PIMA,5,16,7.6,5.9,core,good,no,2,49,49,NA,49,NA,NA,NA
8/11/11,Murphy Dome,MD-7,BC CN,nice,1,BENE,1,18,7.6,4.7,core,good,no,2,41,41,NA,41,NA,NA,"used most recent count, first counts not accurate"
8/11/11,Murphy Dome,MD-7,BC CN,nice,1,BENE,2,16,7.5,4.9,core,good,no,1,44,NA,NA,44,NA,NA,"used most recent count, first counts not accurate"
8/11/11,Murphy Dome,MD-7,BC CN,nice,1,BENE,3,32,12.6,9.6,core,good,no,1,43,NA,NA,43,NA,hard to see pith,"used most recent count, first counts not accurate"
8/11/11,Murphy Dome,MD-7,BC CN,nice,1,BENE,4,18,13.9,9.1,core,good,no,1,43,NA,NA,43,NA,NA,"used most recent count, first counts not accurate"
8/11/11,Murphy Dome,MD-7,BC CN,nice,1,BENE,5,19,13.5,8.3,core,good,no,1,47,NA,NA,47,NA,cracked at pith,"used most recent count, first counts not accurate"
8/11/11,Murphy Dome,MD-7,BC CN,nice,2,PIMA,1,22,10.7,8,core,branch?,no,3,34,35,38,35.67,NA,"weird scar, broken chunk",NA
8/11/11,Murphy Dome,MD-7,BC CN,nice,2,PIMA,2,14,9.1,7,core,good,no,3,42,40,40,40.67,NA,NA,NA
8/11/11,Murphy Dome,MD-7,BC CN,nice,2,PIMA,3,19,6.8,5.1,core,good,no,3,43,40,40,41,NA,crack at pith,NA
8/11/11,Murphy Dome,MD-7,BC CN,nice,2,PIMA,4,19,10.5,8,core,good,no,2,48,33,NA,40.5,NA,NA,NA
8/11/11,Murphy Dome,MD-7,BC CN,nice,2,PIMA,5,15,10.8,7.4,core,good,no,2,42,39,NA,40.5,NA,very nice,NA
8/11/11,Murphy Dome,MD-7,BC CN,nice,3,PIMA,1,15,2.3,1.5,cookie,good,no,1,45,NA,NA,45,NA,"moldy on inside, even after sanding- hard to see some rings",NA
8/11/11,Murphy Dome,MD-7,BC CN,nice,3,PIMA,2,15,2,0.4,cookie,good,no,2,36,37,NA,36.5,NA,"moldy on inside, even after sanding- hard to see some rings",NA
8/11/11,Murphy Dome,MD-7,BC CN,nice,3,PIMA,3,15,1.5,0.5,cookie,good,no,2,25,26,NA,25.5,NA,"moldy on inside, even after sanding- hard to see some rings",NA
8/11/11,Murphy Dome,MD-7,BC CN,nice,3,PIMA,4,15,2.6,0.8,cookie,good,no,2,37,38,NA,37.5,NA,"moldy on inside, even after sanding- hard to see some rings",NA
8/11/11,Murphy Dome,MD-7,BC CN,nice,3,PIMA,5,15,1.9,0.5,cookie,good,no,2,34,35,NA,34.5,NA,"moldy on inside, even after sanding- hard to see some rings",NA
8/11/11,Murphy Dome,MD-8,BC CN,nice,1,PIMA,1,30,6,4,core,good,no,1,39,40,NA,39.5,NA,NA,NA
8/11/11,Murphy Dome,MD-8,BC CN,nice,1,PIMA,2,30,5.2,3.5,core,good,no,1,40,NA,NA,40,NA,NA,NA
8/11/11,Murphy Dome,MD-8,BC CN,nice,1,PIMA,3,30,5.4,3.5,core,good,no,1,42,NA,NA,42,NA,NA,NA
8/11/11,Murphy Dome,MD-8,BC CN,nice,1,PIMA,4,30,5.4,4,core,good,no,1,44,NA,NA,44,NA,NA,NA
8/11/11,Murphy Dome,MD-8,BC CN,nice,1,PIMA,5,30,7,4.7,core,good,no,1,28,NA,NA,28,NA,way off pith,NA
8/11/11,Murphy Dome,MD-8,BC CN,nice,2,PIMA,1,30,2.7,<DBH,cookie,good,no,2,44,40,NA,42,NA,NA,NA
8/11/11,Murphy Dome,MD-8,BC CN,nice,2,PIMA,2,30,2.3,<DBH,cookie,good,no,2,28,29,NA,28.5,NA,NA,NA
8/11/11,Murphy Dome,MD-8,BC CN,nice,2,PIMA,3,30,3.5,<DBH,cookie,good,no,2,30,31,NA,30.5,NA,NA,NA
8/11/11,Murphy Dome,MD-8,BC CN,nice,2,PIMA,4,30,2.2,<DBH,cookie,good,no,2,29,28,NA,28.5,NA,NA,NA
8/11/11,Murphy Dome,MD-8,BC CN,nice,2,PIMA,5,30,2.4,<DBH,cookie,good,no,2,36,35,NA,35.5,NA,NA,NA
8/11/11,Murphy Dome,MD-8,BC CN,nice,3,CBSNBC PIMA,1,30,7.5,5.6,cookie,good,"yes, dead",1,132,NA,NA,132,NA,NA,NA
8/11/11,Murphy Dome,MD-8,BC CN,nice,3,CBSNBC PIMA,2,30,6.1,4.8,cookie,good,"yes, dead",1,126,NA,NA,126,NA,NA,NA
8/11/11,Murphy Dome,MD-8,BC CN,nice,3,CBSNBC PIMA,3,30,7.8,5.6,cookie,good,"yes, dead",1,126,NA,NA,126,NA,NA,NA
8/11/11,Murphy Dome,MD-8,BC CN,nice,3,CBSNBC PIMA,4,30,7.1,5.1,cookie,little rotten,"yes, dead",1,129,NA,NA,129,NA,NA,NA
8/11/11,Murphy Dome,MD-8,BC CN,nice,3,CBSNBC PIMA,5,30,8.6,6.4,cookie,good,"yes, dead",1,129,NA,NA,129,NA,NA,NA
8/11/11,Murphy Dome,MD-8,BC CN,nice,4,BENE,1,30,2.4,<DBH,cookie,good,no,1,30,NA,NA,30,NA,NA,NA
8/11/11,Murphy Dome,MD-8,BC CN,nice,4,BENE,2,30,2.3,<DBH,cookie,good,no,2,32,31,NA,31.5,NA,NA,NA
8/11/11,Murphy Dome,MD-8,BC CN,nice,4,BENE,3,30,4.1,1.8,cookie,good,no,1,33,NA,NA,33,NA,NA,NA
8/11/11,Murphy Dome,MD-8,BC CN,nice,4,BENE,4,30,2.9,1.2,cookie,good,no,2,34,32,NA,33,NA,NA,NA
8/11/11,Murphy Dome,MD-8,BC CN,nice,4,BENE,5,30,2.2,1.4,cookie,good,no,2,28,31,NA,29.5,NA,NA,NA
8/11/11,Murphy Dome,MD-U1,BC CN,clear skies,1,PIMA,1,60,26.9,23.2,core,good,no,0,NA,NA,NA,NA,NA,NA,TRASH
8/11/11,Murphy Dome,MD-U1,BC CN,clear skies,1,PIMA,2,45,38.4,25.5,core,good,no,1,87,NA,NA,87,NA,hard to see pith,count is an estimate
8/11/11,Murphy Dome,MD-U1,BC CN,clear skies,1,PIMA,3,50,30,21.5,core,good,no,2,95,94,NA,94.5,NA,NA,NA
8/11/11,Murphy Dome,MD-U1,BC CN,clear skies,1,PIMA,4,50,25.4,20,core,good,no,2,100,103,NA,101.5,NA,NA,NA
8/11/11,Murphy Dome,MD-U1,BC CN,clear skies,1,PIMA,5,50,24.3,19.3,core,all cracked up,no,0,NA,NA,NA,NA,"too broken to mount- broken at pith, not counted",NA,TRASH
8/11/11,Murphy Dome,MD-U1,BC CN,clear skies,2,PIMA,1,40,14.6,10.4,core,good,no,2,98,96,NA,97,NA,NA,NA
8/11/11,Murphy Dome,MD-U1,BC CN,clear skies,2,PIMA,2,40,13,9.3,core,good,no,2,87,89,NA,88,NA,NA,NA
8/11/11,Murphy Dome,MD-U1,BC CN,clear skies,2,PIMA,3,40,7.3,6.8,core,good,no,2,59,60,NA,59.5,NA,NA,NA
8/11/11,Murphy Dome,MD-U1,BC CN,clear skies,2,PIMA,4,60,8.7,4.7,core,good,no,1,NA,NA,NA,NA,NA,NA,TRASH
8/11/11,Murphy Dome,MD-U1,BC CN,clear skies,2,PIMA,5,40,11.2,8.1,core,good,no,2,55,55,NA,55,NA,NA,NA
8/11/11,Murphy Dome,MD-U1,BC CN,clear skies,3,PIMA,1,40,2,0.3,?,good,no,2,29,27,NA,28,NA,NA,NA
8/11/11,Murphy Dome,MD-U1,BC CN,clear skies,3,PIMA,2,40,2.6,1.6,?,good,no,2,41,41,NA,41,NA,NA,NA
8/11/11,Murphy Dome,MD-U1,BC CN,clear skies,3,PIMA,3,40,2.2,0.9,?,good,no,2,28,24,NA,26,NA,NA,NA
8/11/11,Murphy Dome,MD-U1,BC CN,clear skies,3,PIMA,4,40,2.4,1.4,?,good,no,2,41,39,NA,40,NA,NA,NA
8/11/11,Murphy Dome,MD-U1,BC CN,clear skies,3,PIMA,5,40,2,1.3,?,good,no,2,33,29,NA,31,NA,NA,NA
8/11/11,Murphy Dome,MD-U1,BC CN,clear skies,4,BENE,1,70,11.3,9.4,core,good,no,1,62,NA,NA,62,NA,"rotten center, can't find pith",NA
8/11/11,Murphy Dome,MD-U1,BC CN,clear skies,4,BENE,2,40,19.5,7,core,good,no,1,42,NA,NA,42,NA,can't see pith,count is an estimate
8/11/11,Murphy Dome,MD-U1,BC CN,clear skies,4,BENE,3,50,23,10.5,core,good,no,2,50,54,NA,52,"taller than average, ~10m",NA,NA
8/11/11,Murphy Dome,MD-U1,BC CN,clear skies,4,BENE,4,60,23,16.4,core,good,no,2,96,93,NA,94.5,"taller than average, ~10m",can't see pith,NA
8/25/11,Murphy Dome,MD-U2,BC,sunny,1,BENE,1,60,28.4,22,core,rotten center,no,1,92,NA,NA,92,NA,"core in 2 pieces, just counted one",count is an estimate
8/25/11,Murphy Dome,MD-U2,BC,sunny,1,BENE,2,150,40,38,core,rotten center,no,2,87,88,NA,87.5,NA,NA,NA
8/25/11,Murphy Dome,MD-U2,BC,sunny,1,BENE,3,60,32.7,24.8,core,rotten center,no,1,81,NA,NA,81,NA,can't see pith,NA
8/25/11,Murphy Dome,MD-U2,BC,sunny,1,BENE,4,90,35,31,core,rotten center,no,1,21,NA,NA,21,NA,not sure about pith,age is an estimate
8/25/11,Murphy Dome,MD-U2,BC,sunny,2,BENE,1,70,17.8,13.2,core,good,no,2,52,48,NA,50,NA,NA,NA
8/25/11,Murphy Dome,MD-U2,BC,sunny,2,BENE,2,60,14.5,11.7,core,goodish,no,2,47,44,NA,45.5,NA,NA,NA
8/25/11,Murphy Dome,MD-U2,BC,sunny,3,PIMA,1,30,17.1,13.7,core,good,no,2,62,62,NA,62,NA,NA,NA
8/25/11,Murphy Dome,MD-U2,BC,sunny,3,PIMA,2,50,19.6,15.3,core,good,no,2,47,46,NA,46.5,NA,few years off pith,NA
8/25/11,Murphy Dome,MD-U2,BC,sunny,3,PIMA,3,60,23,20.7,core,good,no,2,122,122,NA,122,NA,NA,NA
8/25/11,Murphy Dome,MD-U2,BC,sunny,3,PIMA,4,80,25,22,core,good,no,2,132,135,NA,133.5,NA,NA,NA
8/25/11,Murphy Dome,MD-U2,BC,sunny,3,PIMA,5,70,20.7,18.5,core,good,no,2,121,118,NA,119.5,NA,NA,NA
9/6/11,Wickersham Dome,WD-1,BC,sunny,1,PIMA,1,25,7.8,3.6,core,good,no,1,32,NA,NA,32,NA,NA,NA
9/6/11,Wickersham Dome,WD-1,BC,sunny,1,PIMA,2,30,6,3.7,core,good,no,2,23,24,NA,23.5,NA,few years off pith,NA
9/6/11,Wickersham Dome,WD-1,BC,sunny,1,PIMA,3,25,8.4,4.5,core,good,no,1,35,NA,NA,35,NA,NA,NA
9/6/11,Wickersham Dome,WD-1,BC,sunny,1,PIMA,4,30,15.3,8.1,core,good,no,2,82,83,NA,82.5,possible fire survivor,NA,NA
9/6/11,Wickersham Dome,WD-1,BC,sunny,1,PIMA,5,35,19.5,14.3,core,good,no,2,90,94,NA,92,possible fire survivor,few years off pith,NA
9/6/11,Wickersham Dome,WD-1,BC,sunny,2,PIMA,1,20,3.3,<DBH,cookie,good,no,2,56,53,NA,54.5,NA,NA,NA
9/6/11,Wickersham Dome,WD-1,BC,sunny,2,PIMA,2,20,2.4,<DBH,cookie,good,no,1,30,NA,NA,30,NA,NA,NA
9/6/11,Wickersham Dome,WD-1,BC,sunny,2,PIMA,3,20,1.9,<DBH,cookie,good,no,1,34,NA,NA,34,NA,NA,NA
9/6/11,Wickersham Dome,WD-1,BC,sunny,2,PIMA,4,20,2.7,<DBH,cookie,good,no,1,34,NA,NA,34,NA,NA,NA
9/6/11,Wickersham Dome,WD-1,BC,sunny,2,PIMA,5,25,3.1,<DBH,cookie,good,no,1,34,NA,NA,34,NA,NA,NA
9/6/11,Wickersham Dome,WD-1,BC,sunny,3,CBSNBC,1,20,?,6,cookie,good,no,2,79,78,NA,78.5,NA,much smaller than other three,NA
9/6/11,Wickersham Dome,WD-1,BC,sunny,3,CBSNBC,2,20,?,6,cookie,good,no,3,161,164,162,162.33,NA,NA,NA
9/6/11,Wickersham Dome,WD-1,BC,sunny,3,CBSNBC,3,20,?,6,cookie,good,no,1,150,NA,NA,150,NA,NA,NA
9/6/11,Wickersham Dome,WD-1,BC,sunny,3,CBSNBC,4,20,?,6,cookie,good,no,1,169,NA,NA,169,NA,no pith (holes)- count is minimum age,NA
9/8/11,Wickersham Dome,WD-2,JH CN,nice,1,BENE,1,25,13.5,11.3,core,good,no,1,35,NA,NA,35,NA,NA,NA
9/8/11,Wickersham Dome,WD-2,JH CN,nice,1,BENE,2,37,12.1,8.6,core,good,no,1,34,NA,NA,34,NA,few years off pith,NA
9/8/11,Wickersham Dome,WD-2,JH CN,nice,1,BENE,3,48,11.2,10.4,core,good,no,1,37,NA,NA,37,NA,NA,NA
9/8/11,Wickersham Dome,WD-2,JH CN,nice,1,BENE,4,35,14.7,11.4,core,good,no,1,35,NA,NA,35,NA,NA,NA
9/8/11,Wickersham Dome,WD-2,JH CN,nice,1,BENE,5,36,15.1,13.4,core,good,no,1,31,NA,NA,31,NA,few years off pith,NA
9/8/11,Wickersham Dome,WD-2,JH CN,nice,2,PIMA,1,23,7.1,5.3,core,good,no,1,13,NA,NA,13,NA,way off pith,NA
9/8/11,Wickersham Dome,WD-2,JH CN,nice,2,PIMA,2,23,6.4,4.9,core,good,no,1,13,NA,NA,13,NA,way off pith,NA
9/8/11,Wickersham Dome,WD-2,JH CN,nice,2,PIMA,3,14.3,7.5,5.4,core,good,no,1,29,NA,NA,29,NA,NA,NA
9/8/11,Wickersham Dome,WD-2,JH CN,nice,2,PIMA,4,12,9,6.4,core,good,no,2,20,21,NA,20.5,NA,off pith,NA
9/8/11,Wickersham Dome,WD-2,JH CN,nice,2,PIMA,5,17,7.4,9,core,good,no,1,25,NA,NA,25,NA,perfect core- great pith!,NA
9/8/11,Wickersham Dome,WD-2,JH CN,nice,3,PIMA,1,8,3.8,<DBH,cookie,good,no,2,19,21,NA,20,NA,NA,NA
9/8/11,Wickersham Dome,WD-2,JH CN,nice,3,PIMA,2,8,3.2,<DBH,cookie,good,no,3,29,26,27,27.33,NA,NA,NA
9/8/11,Wickersham Dome,WD-2,JH CN,nice,3,PIMA,3,8,2.9,<DBH,cookie,good,no,2,20,22,NA,21,NA,NA,NA
9/8/11,Wickersham Dome,WD-2,JH CN,nice,3,PIMA,4,8,2.3,<DBH,cookie,good,no,2,24,23,NA,23.5,NA,NA,NA
9/8/11,Wickersham Dome,WD-2,JH CN,nice,3,PIMA,5,8,2.1,<DBH,cookie,good,no,2,25,26,NA,25.5,NA,NA,NA
9/8/11,Wickersham Dome,WD-3,JH CL,cloudy,1,PIMA,1,17,11.4,9.5,core,good,no,2,18,18,NA,18,NA,way off pith,NA
9/8/11,Wickersham Dome,WD-3,JH CL,cloudy,1,PIMA,2,15,9.8,8,core,good,no,1,26,NA,NA,26,NA,way off pith,NA
9/8/11,Wickersham Dome,WD-3,JH CL,cloudy,1,PIMA,3,16,7.6,6.5,core,good,no,1,28,NA,NA,28,NA,NA,NA
9/8/11,Wickersham Dome,WD-3,JH CL,cloudy,1,PIMA,4,19,15.4,12.1,core,good,no,2,25,25,NA,25,NA,NA,NA
9/8/11,Wickersham Dome,WD-3,JH CL,cloudy,1,PIMA,5,22,15.2,11,core,good,no,2,32,32,NA,32,NA,best of cohort,NA
9/8/11,Wickersham Dome,WD-3,JH CL,cloudy,2,BENE,1,19,19.7,13.4,core,good,no,1,29,NA,NA,29,NA,NA,NA
9/8/11,Wickersham Dome,WD-3,JH CL,cloudy,2,BENE,2,18,18,25.1,core,good,no,2,33,35,NA,34,NA,NA,NA
9/8/11,Wickersham Dome,WD-3,JH CL,cloudy,2,BENE,3,18,17.8,14.6,core,good,no,1,28,NA,NA,28,NA,NA,NA
9/8/11,Wickersham Dome,WD-3,JH CL,cloudy,2,BENE,4,40,14.4,16.6,core,good,no,2,23,24,NA,23.5,NA,way off pith,NA
9/8/11,Wickersham Dome,WD-3,JH CL,cloudy,2,BENE,5,35,15.7,13.4,core,good,no,1,34,NA,NA,34,NA,NA,NA
9/8/11,Wickersham Dome,WD-3,JH CL,cloudy,3,PIMA,1,8,1.6,0.4,core,good,no,2,21,20,NA,20.5,NA,NA,NA
9/8/11,Wickersham Dome,WD-3,JH CL,cloudy,3,PIMA,2,8,1.2,<DBH,cookie,good,no,2,16,17,NA,16.5,NA,NA,NA
9/8/11,Wickersham Dome,WD-3,JH CL,cloudy,3,PIMA,3,8,1.6,<DBH,cookie,good,no,1,19,NA,NA,19,NA,NA,NA
9/8/11,Wickersham Dome,WD-3,JH CL,cloudy,3,PIMA,4,8,2.3,<DBH,cookie,good,no,2,15,16,NA,15.5,NA,NA,NA
9/8/11,Wickersham Dome,WD-3,JH CL,cloudy,3,PIMA,5,8,2.5,<DBH,cookie,good,no,1,15,NA,NA,15,NA,NA,NA
9/8/11,Wickersham Dome,WD-4,JH LRC CL CN,clear skies,1,BENE,1,12.4,19.8,15.7,core,good,no,3,32,34,34,33.33,NA,NA,NA
9/8/11,Wickersham Dome,WD-4,JH LRC CL CN,clear skies,1,BENE,2,11.2,15.9,11.2,core,good,no,2,30,29,NA,29.5,NA,few years off pith,NA
9/8/11,Wickersham Dome,WD-4,JH LRC CL CN,clear skies,1,BENE,3,14.1,17.2,13.7,core,good,no,1,37,NA,NA,37,NA,NA,NA
9/8/11,Wickersham Dome,WD-4,JH LRC CL CN,clear skies,1,BENE,4,12.1,17.5,11.4,core,good,no,1,34,NA,NA,34,NA,NA,NA
9/8/11,Wickersham Dome,WD-4,JH LRC CL CN,clear skies,1,BENE,5,12.2,14.2,11.5,core,good,no,1,38,NA,NA,38,NA,NA,NA
9/8/11,Wickersham Dome,WD-4,JH LRC CL CN,clear skies,2,PIMA,1,10,2,<DBH,cookie,good,no,2,26,23,NA,24.5,NA,NA,NA
9/8/11,Wickersham Dome,WD-4,JH LRC CL CN,clear skies,2,PIMA,2,10,1.3,<DBH,cookie,good,no,1,17,NA,NA,17,NA,NA,NA
9/8/11,Wickersham Dome,WD-4,JH LRC CL CN,clear skies,2,PIMA,3,10,1.7,<DBH,cookie,good,no,1,21,NA,NA,21,NA,NA,NA
9/8/11,Wickersham Dome,WD-4,JH LRC CL CN,clear skies,2,PIMA,4,10,1.6,<DBH,cookie,good,no,1,18,NA,NA,18,NA,NA,NA
9/8/11,Wickersham Dome,WD-4,JH LRC CL CN,clear skies,2,PIMA,5,10,1.5,<DBH,cookie,good,no,1,22,NA,NA,22,NA,NA,NA
9/8/11,Wickersham Dome,WD-4,JH LRC CL CN,clear skies,3,PIMA,1,11.2,10.1,8.1,core,good,no,1,33,NA,NA,33,NA,very good pith,1 & 2 are more accurate ages
9/8/11,Wickersham Dome,WD-4,JH LRC CL CN,clear skies,3,PIMA,2,11.1,16.8,13.5,core,good,no,1,34,NA,NA,34,NA,very good pith,1 & 2 are more accurate ages
9/8/11,Wickersham Dome,WD-4,JH LRC CL CN,clear skies,3,PIMA,3,12.3,12.8,9.5,core,good,no,1,25,NA,NA,25,NA,few years off pith,NA
9/8/11,Wickersham Dome,WD-4,JH LRC CL CN,clear skies,3,PIMA,4,11.3,10.7,8.2,core,good,no,1,26,NA,NA,26,NA,few years off pith,NA
9/8/11,Wickersham Dome,WD-4,JH LRC CL CN,clear skies,3,PIMA,5,12.1,9.5,7.5,core,good,no,1,26,NA,NA,26,NA,few years off pith,NA
9/8/11,Wickersham Dome,WD-4,JH LRC CL CN,clear skies,4,BENE,1,10,3.5,2.3,cookie,good,no,3,15,18,17,16.67,NA,NA,NA
9/8/11,Wickersham Dome,WD-4,JH LRC CL CN,clear skies,4,BENE,2,10,3.2,2.5,cookie,good,no,2,24,23,NA,23.5,NA,NA,NA
9/8/11,Wickersham Dome,WD-4,JH LRC CL CN,clear skies,4,BENE,3,10,4.7,3.1,cookie,good,no,2,24,21,NA,22.5,NA,NA,NA
9/8/11,Wickersham Dome,WD-4,JH LRC CL CN,clear skies,4,BENE,4,10,3.2,2.2,cookie,good,no,2,19,19,NA,19,NA,NA,NA
9/8/11,Wickersham Dome,WD-4,JH LRC CL CN,clear skies,4,BENE,5,10,3.1,2.1,cookie,good,no,2,17,17,NA,17,NA,NA,NA
9/14/11,Wickersham Dome,WD-5,BC CN LRC,partly cloudy,1,PIMA,1,17,9.6,7.1,core,good,no,2,54,46,NA,50,NA,counted both direction,NA
9/14/11,Wickersham Dome,WD-5,BC CN LRC,partly cloudy,1,PIMA,2,19,9.6,6.5,core,good,no,2,45,48,NA,46.5,NA,weird scars,NA
9/14/11,Wickersham Dome,WD-5,BC CN LRC,partly cloudy,1,PIMA,3,16,7,5.1,core,good,no,2,26,26,NA,26,NA,way off pith,NA
9/14/11,Wickersham Dome,WD-5,BC CN LRC,partly cloudy,1,PIMA,4,19,9.1,6.7,core,good,no,2,32,36,NA,34,NA,good!,NA
9/14/11,Wickersham Dome,WD-5,BC CN LRC,partly cloudy,1,PIMA,5,21,10.8,7.8,core,good,no,2,29,29,NA,29,NA,few years off pith,NA
9/14/11,Wickersham Dome,WD-5,BC CN LRC,partly cloudy,2,BENE,1,17,11.1,7.4,core,good,no,1,33,NA,NA,33,NA,NA,NA
9/14/11,Wickersham Dome,WD-5,BC CN LRC,partly cloudy,2,BENE,2,17,10.7,7.1,core,good,no,1,30,NA,NA,30,NA,NA,NA
9/14/11,Wickersham Dome,WD-5,BC CN LRC,partly cloudy,2,BENE,3,21,16.3,11.3,core,good,no,1,37,NA,NA,37,NA,NA,NA
9/14/11,Wickersham Dome,WD-5,BC CN LRC,partly cloudy,2,BENE,4,15,9.4,7,core,good,no,1,34,NA,NA,34,NA,NA,NA
9/14/11,Wickersham Dome,WD-5,BC CN LRC,partly cloudy,2,BENE,5,15,11,6.6,core,good,no,1,34,NA,NA,34,NA,NA,NA
9/14/11,Wickersham Dome,WD-5,BC CN LRC,partly cloudy,3,PIMA,1,10,?,<DBH,cookie,good,no,1,28,NA,NA,28,NA,NA,NA
9/14/11,Wickersham Dome,WD-5,BC CN LRC,partly cloudy,3,PIMA,2,10,?,<DBH,cookie,good,no,1,28,NA,NA,28,NA,NA,NA
9/14/11,Wickersham Dome,WD-5,BC CN LRC,partly cloudy,3,PIMA,3,10,?,<DBH,cookie,good,no,1,28,NA,NA,28,NA,NA,NA
9/14/11,Wickersham Dome,WD-5,BC CN LRC,partly cloudy,3,PIMA,4,10,?,<DBH,cookie,good,no,1,29,NA,NA,29,NA,NA,NA
9/14/11,Wickersham Dome,WD-5,BC CN LRC,partly cloudy,3,PIMA,5,10,?,<DBH,cookie,good,no,1,31,NA,NA,31,NA,NA,NA
9/14/11,Wickersham Dome,WD-5,BC CN LRC,partly cloudy,4,BENE,1,10,?,3.6,cookie,good,no,1,33,NA,NA,33,NA,NA,NA
9/14/11,Wickersham Dome,WD-5,BC CN LRC,partly cloudy,4,BENE,2,10,?,2.4,cookie,good,no,1,36,NA,NA,36,NA,NA,NA
9/14/11,Wickersham Dome,WD-5,BC CN LRC,partly cloudy,4,BENE,3,10,?,3,cookie,good,no,1,36,NA,NA,36,NA,NA,NA
9/14/11,Wickersham Dome,WD-5,BC CN LRC,partly cloudy,4,BENE,4,10,?,2.3,cookie,good,no,1,37,NA,NA,37,NA,NA,NA
9/14/11,Wickersham Dome,WD-5,BC CN LRC,partly cloudy,4,BENE,5,10,?,2.8,cookie,good,no,0,NA,NA,NA,NA,NA,NA,TRASH
9/14/11,Wickersham Dome,WD-5,BC CN LRC,partly cloudy,5,CBSNBC,1,10,?,12,cookie,good,no,2,149,146,NA,147.5,NA,NA,NA
9/14/11,Wickersham Dome,WD-5,BC CN LRC,partly cloudy,5,CBSNBC,2,10,?,12,cookie,good,no,1,145,NA,NA,145,NA,NA,NA
9/14/11,Wickersham Dome,WD-5,BC CN LRC,partly cloudy,5,CBSNBC,3,10,?,12,cookie,good,no,3,211,200,191,200.67,NA,pith so rotten couldn't get accurate count,NA
9/14/11,Wickersham Dome,WD-5,BC CN LRC,partly cloudy,5,CBSNBC,4,10,?,12,cookie,good,no,2,167,157,NA,162,NA,hole where pith should be,used largest age bc that’s prob closest to the tru age
9/14/11,Wickersham Dome,WD-5,BC CN LRC,partly cloudy,5,CBSNBC,5,10,?,12,cookie,good,no,2,149,146,NA,147.5,NA,"labeled as WD3, but no field notes about a WD3 CBSNBC. Just put with WD5's to give it a cohort",NA
9/14/11,Wickersham Dome,WD-6,CN LRC,sunny,1,BENE,1,12,13.5,10,core,good,no,1,33,NA,NA,33,NA,NA,NA
9/14/11,Wickersham Dome,WD-6,CN LRC,sunny,1,BENE,2,9,12.6,7.9,core,good,no,1,35,NA,NA,35,NA,really hard to read first rings,NA
9/14/11,Wickersham Dome,WD-6,CN LRC,sunny,1,BENE,3,10,8.4,5.1,core,good,no,1,35,NA,NA,35,NA,NA,NA
9/14/11,Wickersham Dome,WD-6,CN LRC,sunny,1,BENE,4,10,17.8,12.5,core,good,no,1,36,NA,NA,36,NA,NA,NA
9/14/11,Wickersham Dome,WD-6,CN LRC,sunny,1,BENE,5,13,9.9,6.9,core,fair,no,1,NA,NA,NA,NA,NA,way off pith - trash?,TRASH
9/14/11,Wickersham Dome,WD-6,CN LRC,sunny,2,PIMA,1,15,13.8,9.5,core,thrid try,no,2,32,32,NA,32,NA,few years off pith,NA
9/14/11,Wickersham Dome,WD-6,CN LRC,sunny,2,PIMA,2,33,21.5,15.5,core,good,no,2,68,68,NA,68,NA,NA,NA
9/14/11,Wickersham Dome,WD-6,CN LRC,sunny,2,PIMA,3,19,11.2,7.6,core,good,no,1,16,NA,NA,16,NA,can't tell where pith is,maybe part of younger cohort?
9/14/11,Wickersham Dome,WD-6,CN LRC,sunny,2,PIMA,4,12,7.9,5.3,core,good,no,2,32,33,NA,32.5,NA,NA,NA
9/14/11,Wickersham Dome,WD-6,CN LRC,sunny,2,PIMA,5,15,7.5,5.8,core,good,no,2,16,16,NA,16,NA,NA,maybe part of younger cohort?
9/14/11,Wickersham Dome,WD-6,CN LRC,sunny,3,POTR,1,23,12.5,11.8,core,some rot,no,2,43,39,NA,41,NA,NA,NA
9/14/11,Wickersham Dome,WD-6,CN LRC,sunny,3,POTR,2,27,11.4,10.1,core,some rot at pith,no,2,40,38,NA,39,NA,NA,NA
9/14/11,Wickersham Dome,WD-6,CN LRC,sunny,3,POTR,3,19,10.3,10,core,very rotty,no,2,27,27,NA,27,NA,way off pith,NA
9/14/11,Wickersham Dome,WD-6,CN LRC,sunny,3,POTR,4,30,14.7,13,core,rot at pith,no,2,29,30,NA,29.5,NA,few years off pith,NA
9/14/11,Wickersham Dome,WD-6,CN LRC,sunny,3,POTR,5,27,14.1,12.8,core,rotten,no,2,32,33,NA,32.5,NA,NA,NA
9/14/11,Wickersham Dome,WD-6,CN LRC,sunny,4,PIMA,1,5,?,<DBH,cookie,good,no,1,19,NA,NA,19,NA,NA,NA
9/14/11,Wickersham Dome,WD-6,CN LRC,sunny,4,PIMA,2,5,?,<DBH,cookie,good,no,1,17,NA,NA,17,NA,NA,NA
9/14/11,Wickersham Dome,WD-6,CN LRC,sunny,4,PIMA,3,5,?,<DBH,cookie,good,no,1,21,NA,NA,21,NA,NA,NA
9/14/11,Wickersham Dome,WD-6,CN LRC,sunny,4,PIMA,4,5,?,<DBH,cookie,good,no,1,18,NA,NA,18,NA,NA,NA
9/14/11,Wickersham Dome,WD-6,CN LRC,sunny,4,PIMA,5,5,?,<DBH,cookie,good,no,1,22,NA,NA,22,NA,NA,NA
9/14/11,Wickersham Dome,WD-6,CN LRC,sunny,5,CBSNBC,1,5,10,<DBH,cookie,good,no,3,128,130,129,129,NA,NA,NA
9/14/11,Wickersham Dome,WD-6,CN LRC,sunny,5,CBSNBC,2,5,10,<DBH,cookie,good,no,1,135,NA,NA,135,NA,NA,NA
9/14/11,Wickersham Dome,WD-6,CN LRC,sunny,5,CBSNBC,3,5,10,<DBH,cookie,good,no,1,132,NA,NA,132,NA,NA,NA
9/14/11,Wickersham Dome,WD-6,CN LRC,sunny,5,CBSNBC,4,5,10,<DBH,cookie,good,no,2,146,146,NA,146,NA,NA,NA
9/14/11,Wickersham Dome,WD-6,CN LRC,sunny,5,CBSNBC,5,5,10,<DBH,cookie,good,no,1,134,NA,NA,134,NA,NA,NA
9/14/11,Wickersham Dome,WD-7,LRC CN BC,sunny,1,BENE,1,24,19.1,14.2,core,good,no,2,35,37,NA,36,NA,NA,NA
9/14/11,Wickersham Dome,WD-7,LRC CN BC,sunny,1,BENE,2,28,16.1,9.4,core,good,no,1,37,NA,NA,37,tree forks- two heads!,NA,NA
9/14/11,Wickersham Dome,WD-7,LRC CN BC,sunny,1,BENE,3,21,16.4,15.8,core,good,no,2,34,34,NA,34,tree forks- two heads!,NA,NA
9/14/11,Wickersham Dome,WD-7,LRC CN BC,sunny,1,BENE,4,27,21.4,16.8,core,good,no,2,30,30,NA,30,NA,NA,NA
9/14/11,Wickersham Dome,WD-7,LRC CN BC,sunny,1,BENE,5,16,19.3,15.1,core,good,no,2,33,34,NA,33.5,NA,NA,NA
9/14/11,Wickersham Dome,WD-7,LRC CN BC,sunny,2,PIMA,1,15,?,4.7,cookie,good,no,1,28,NA,NA,28,NA,NA,NA
9/14/11,Wickersham Dome,WD-7,LRC CN BC,sunny,2,PIMA,2,15,?,4,cookie,good,no,1,27,NA,NA,27,NA,NA,NA
9/14/11,Wickersham Dome,WD-7,LRC CN BC,sunny,2,PIMA,3,15,?,2.5,cookie,good,no,1,24,NA,NA,24,NA,NA,NA
9/14/11,Wickersham Dome,WD-7,LRC CN BC,sunny,2,PIMA,4,15,?,6,cookie,good,no,1,28,NA,NA,28,NA,NA,NA
9/14/11,Wickersham Dome,WD-7,LRC CN BC,sunny,2,PIMA,5,15,?,7.7,cookie,good,no,2,30,32,NA,31,NA,NA,NA
9/14/11,Wickersham Dome,WD-7,LRC CN BC,sunny,3,BENE,1,15,?,4.3,cookie,good,no,1,26,NA,NA,26,NA,NA,NA
9/14/11,Wickersham Dome,WD-7,LRC CN BC,sunny,3,BENE,2,15,?,1.5,cookie,good,no,2,24,23,NA,23.5,NA,NA,NA
9/14/11,Wickersham Dome,WD-7,LRC CN BC,sunny,3,BENE,3,15,?,2.3,cookie,good,no,1,29,NA,NA,29,NA,NA,NA
9/14/11,Wickersham Dome,WD-7,LRC CN BC,sunny,3,BENE,4,15,?,1.9,cookie,good,no,1,27,NA,NA,27,NA,NA,NA
9/14/11,Wickersham Dome,WD-7,LRC CN BC,sunny,3,BENE,5,15,?,2,cookie,good,no,1,24,NA,NA,24,NA,NA,NA
9/14/11,Wickersham Dome,WD-7,LRC CN BC,sunny,4,PIMA,1,15,?,<DBH,cookie,good,no,2,25,24,NA,24.5,NA,NA,NA
9/14/11,Wickersham Dome,WD-7,LRC CN BC,sunny,4,PIMA,2,15,?,<DBH,cookie,good,no,2,27,25,NA,26,NA,NA,NA
9/14/11,Wickersham Dome,WD-7,LRC CN BC,sunny,4,PIMA,3,15,?,<DBH,cookie,good,no,2,25,25,NA,25,NA,NA,NA
9/14/11,Wickersham Dome,WD-7,LRC CN BC,sunny,4,PIMA,4,15,?,<DBH,cookie,good,no,2,28,26,NA,27,NA,NA,NA
9/14/11,Wickersham Dome,WD-7,LRC CN BC,sunny,4,PIMA,5,15,?,<DBH,cookie,good,no,2,26,26,NA,26,NA,NA,NA
9/14/11,Wickersham Dome,WD-7,LRC CN BC,sunny,5,CBSNBC,1,15,?,12,cookie,good,no,2,132,130,NA,131,NA,NA,NA
9/14/11,Wickersham Dome,WD-7,LRC CN BC,sunny,5,CBSNBC,2,15,?,12,cookie,good,no,1,126,NA,NA,126,NA,NA,NA
9/20/11,Wickersham Dome,WD-8,CN,partly cloudy,1,POTR,1,28,10,8.9,core,good,no,1,23,NA,NA,23,NA,hard to read rings,way off pith
9/20/11,Wickersham Dome,WD-8,CN,partly cloudy,1,POTR,2,26,11.5,10.5,core,good,no,1,39,NA,NA,39,NA,NA,NA
9/20/11,Wickersham Dome,WD-8,CN,partly cloudy,1,POTR,3,28,10.8,9.5,core,some rot at pith,no,1,39,NA,NA,39,NA,NA,NA
9/20/11,Wickersham Dome,WD-8,CN,partly cloudy,1,POTR,4,28,11.2,10,core,good,no,1,37,NA,NA,37,NA,NA,NA
9/20/11,Wickersham Dome,WD-8,CN,partly cloudy,1,POTR,5,24,10,9.2,core,good,no,1,36,NA,NA,36,NA,NA,NA
9/20/11,Wickersham Dome,WD-8,CN,partly cloudy,2,BENE,1,30,16.5,11.7,core,good,no,1,34,NA,NA,34,NA,NA,NA
9/20/11,Wickersham Dome,WD-8,CN,partly cloudy,2,BENE,2,36,13.6,12.2,core,good,no,1,32,NA,NA,32,NA,NA,NA
9/20/11,Wickersham Dome,WD-8,CN,partly cloudy,3,PIMA,1,8,?,<DBH,cookie,good,no,2,35,33,NA,34,NA,NA,NA
9/20/11,Wickersham Dome,WD-8,CN,partly cloudy,3,PIMA,2,8,?,1.1,cookie,good,no,2,33,35,NA,34,NA,NA,NA
9/20/11,Wickersham Dome,WD-8,CN,partly cloudy,3,PIMA,3,8,?,<DBH,cookie,good,no,2,29,30,NA,29.5,NA,NA,NA
9/20/11,Wickersham Dome,WD-8,CN,partly cloudy,3,PIMA,4,8,?,2,cookie,good,no,2,24,25,NA,24.5,NA,NA,NA
9/20/11,Wickersham Dome,WD-8,CN,partly cloudy,3,PIMA,5,8,?,<DBH,cookie,good,no,2,28,26,NA,27,NA,NA,NA
8/16/11,Big Denver,BD-1,CN,sunny,4,ALNVER,1,10,7.4,5.4,cookie,good,no,NA,NA,NA,NA,NA,NA,NA,NA
8/16/11,Big Denver,BD-2,BC,partly sunny,3,ALNVER,1,20,7.8,5.2,core,good,no,NA,NA,NA,NA,NA,NA,NA,NA
8/31/11,Gerstle River,GR-10,BC,sunny,4,CBSNBC,3,25,?,8,cookie,good,no,NA,NA,NA,NA,NA,NA,NA,NA
9/20/11,Wickersham Dome,WD-8,CN,partly cloudy,4,CBSNBC,1,?,?,?,?,good,no,NA,NA,NA,NA,NA,NA,NA,NA
9/20/11,Wickersham Dome,WD-8,CN,partly cloudy,4,CBSNBC,2,?,?,?,?,good,no,NA,NA,NA,NA,NA,NA,NA,NA
9/20/11,Wickersham Dome,WD-8,CN,partly cloudy,4,CBSNBC,3,?,?,?,?,good,no,NA,NA,NA,NA,NA,NA,NA,NA
9/20/11,Wickersham Dome,WD-8,CN,partly cloudy,4,CBSNBC,4,?,?,?,?,good,no,NA,NA,NA,NA,NA,NA,NA,NA
9/20/11,Wickersham Dome,WD-8,CN,partly cloudy,4,CBSNBC,5,?,?,?,?,good,no,NA,NA,NA,NA,NA,NA,NA,NA
