,UniqueID,SITE,PLOT,TREE,SPECIES,First_Appearance,Dead_Year,Last_Appearance,Sampled_Years,Last_Status,Trend,Year,NOTES
1,BDI411_565,BDI4,11,565,BETNEO/POPTRE,2014,2018,2018,"2018, 2014",dead,2 trees with same UniqueID,,"1 is BETNEO, the other is POPTRE. BETNEO dies in 2018, while POPTRE is still alive. Could consider deleting the BETNEO record since it only has a single live data point, and then use the POPTRE, just be careful when distinguishing this."
5,BFY412_433,BFY4,12,433,BETNEO,2018,2018,2023,"2023, 2018, 2014",persistent,Back to life,,"First recorded as dead in 2018, but was alive in 2023. Could just be considered a new data point in 2023."
6,FP1C13_143,FP1C,13,143,POPBAL,1998,2008,2018,"2018, 2008, 2004, 2000, 1998",persistent,Back to life,,"DBH of 1 in 2004, dead in 2008, DBH of 6.6 in 2018"
7,FP1C7_116,FP1C,7,116,POPBAL,1998,2004,2018,"2018, 2008, 2004, 2000, 1998",persistent,Back to life,2004,Fix as missing
8,FP1C8_119,FP1C,8,119,POPBAL,1998,2008,2018,"2018, 2008, 2004, 2000, 1998",persistent,Back to life,,"DBH of 2.2 in 2004, dead in 2008, DBH of 9.1 in 2018"
9,FP2B1_2145,FP2B,1,2145,POPBAL,1998,2000,2008,"2018, 2008, 2004, 2000, 1998, 1992, 1990",dead,Back to life (and death),2000,Fix as missing
10,FP2B1_2146,FP2B,1,2146,POPBAL,1998,2000,2018,"2018, 2008, 2004, 2000, 1998, 1992, 1990",dead,Back to life (and death),2000,Fix as missing
11,FP2B11_598,FP2B,11,598,POPBAL,1998,2000,2008,"2018, 2008, 2004, 2000, 1998, 1992, 1990",dead,Back to life (and death),2000,Fix as missing
12,FP2B11_599,FP2B,11,599,POPBAL,1998,2000,2008,"2018, 2008, 2004, 2000, 1998, 1992, 1990",dead,Back to life (and death),2000,Fix as missing
13,FP2B11_616,FP2B,11,616,POPBAL,1998,2000,2008,"2018, 2008, 2004, 2000, 1998, 1992, 1990",dead,Back to life (and death),2000,Fix as missing
14,FP2B12_622,FP2B,12,622,POPBAL,1998,2000,2018,"2018, 2008, 2004, 2000, 1998, 1992, 1990",dead,Back to life (and death),2000,Fix as missing
15,FP2B12_627,FP2B,12,627,POPBAL,1998,2000,2018,"2018, 2008, 2004, 2000, 1998, 1992, 1990",dead,Back to life (and death),2000,Fix as missing
16,FP2B12_628,FP2B,12,628,POPBAL,1998,2000,2018,"2018, 2008, 2004, 2000, 1998, 1992, 1990",dead,Back to life (and death),2000,"DBH of 1.4 in 1998, dead/missing in 2000, DBH of 4.3 in 2004, 7.2 in 2008, dead in 2018"
17,FP2B12_631,FP2B,12,631,POPBAL,1998,2000,2018,"2018, 2008, 2004, 2000, 1998, 1992, 1990",dead,Back to life (and death),2000,Fix as missing
18,FP2B12_637,FP2B,12,637,POPBAL,1998,2000,2008,"2018, 2008, 2004, 2000, 1998, 1992, 1990",dead,Back to life (and death),2000,Fix as missing
19,FP2B12_638,FP2B,12,638,POPBAL,1998,2000,2018,"2018, 2008, 2004, 2000, 1998, 1992, 1990",dead,Back to life (and death),2000,Fix as missing
20,FP2B12_640,FP2B,12,640,POPBAL,1998,2000,2008,"2018, 2008, 2004, 2000, 1998, 1992, 1990",dead,Back to life (and death),2000,Fix as missing
21,FP2B12_644,FP2B,12,644,POPBAL,1998,2000,2018,"2018, 2008, 2004, 2000, 1998, 1992, 1990",dead,Back to life (and death),2000,Fix as missing
22,FP2B12_645,FP2B,12,645,POPBAL,1998,2000,2018,"2018, 2008, 2004, 2000, 1998, 1992, 1990",dead,Back to life (and death),,"DBH of 0.3 in 1998, dead/missing in 2000/2004, DBH of 4.5 in 2008, dead in 2018"
23,FP2B12_646,FP2B,12,646,POPBAL,1998,2000,2008,"2018, 2008, 2004, 2000, 1998, 1992, 1990",dead,Back to life (and death),2000,Fix as missing
24,FP2B12_648,FP2B,12,648,POPBAL,1998,2000,2008,"2018, 2008, 2004, 2000, 1998, 1992, 1990",dead,Back to life (and death),2000,Fix as missing
25,FP2B14_664,FP2B,14,664,POPBAL,1998,2000,2018,"2018, 2008, 2004, 2000, 1998, 1992, 1990",persistent,Back to life,2000,Fix as missing
26,FP2B14_677,FP2B,14,677,POPBAL,1998,2000,2008,"2018, 2008, 2004, 2000, 1998, 1992, 1990",dead,Back to life (and death),2000,Fix as missing
27,FP2B14_679,FP2B,14,679,POPBAL,1998,2000,2018,"2018, 2008, 2004, 2000, 1998, 1992, 1990",persistent,Back to life,2000,Fix as missing
28,FP2B2_1254,FP2B,2,1254,POPBAL,1998,2000,2018,"2018, 2008, 2004, 2000, 1998, 1992, 1990",dead,Back to life (and death),2000,Fix as missing
29,FP2B2_169,FP2B,2,169,POPBAL,1998,2000,2008,"2018, 2008, 2004, 2000, 1998, 1992, 1990",dead,Back to life (and death),2000,Fix as missing
30,FP2B2_197,FP2B,2,197,POPBAL,1998,2000,2008,"2018, 2008, 2004, 2000, 1998, 1992, 1990",dead,Back to life (and death),2000,Fix as missing
31,FP2B2_198,FP2B,2,198,POPBAL,1998,2000,2018,"2018, 2008, 2004, 2000, 1998, 1992, 1990",dead,Back to life (and death),2000,Fix as missing
32,FP2B2_201,FP2B,2,201,POPBAL,1998,2000,2018,"2018, 2008, 2004, 2000, 1998, 1992, 1990",dead,Back to life (and death),2000,Fix as missing
33,FP2B2_202,FP2B,2,202,POPBAL,1998,2000,2018,"2018, 2008, 2004, 2000, 1998, 1992, 1990",dead,Back to life (and death),2000,Fix as missing
34,FP2B2_209,FP2B,2,209,POPBAL,1998,2000,2008,"2018, 2008, 2004, 2000, 1998, 1992, 1990",dead,Back to life (and death),2000,Fix as missing
35,FP2B2_212,FP2B,2,212,POPBAL,1998,2000,2008,"2018, 2008, 2004, 2000, 1998, 1992, 1990",dead,Back to life (and death),2000,Fix as missing
36,FP2B2_218,FP2B,2,218,POPBAL,1998,2000,2008,"2018, 2008, 2004, 2000, 1998, 1992, 1990",dead,Back to life (and death),2000,Fix as missing
37,FP2B2_2199,FP2B,2,2199,POPBAL,1998,2000,2004,"2018, 2008, 2004, 2000, 1998, 1992, 1990",persistent,Back to life,2000,Fix as missing
38,FP2B2_220,FP2B,2,220,POPBAL,1998,2000,2008,"2018, 2008, 2004, 2000, 1998, 1992, 1990",dead,Back to life (and death),2000,Fix as missing
39,FP2B2_226,FP2B,2,226,POPBAL,1998,2000,2008,"2018, 2008, 2004, 2000, 1998, 1992, 1990",dead,Back to life (and death),2000,Fix as missing
40,FP2B2_230,FP2B,2,230,POPBAL,1998,2000,2008,"2018, 2008, 2004, 2000, 1998, 1992, 1990",dead,Back to life (and death),2000,Fix as missing
41,FP2B2_236,FP2B,2,236,POPBAL,1998,2000,2008,"2018, 2008, 2004, 2000, 1998, 1992, 1990",dead,Back to life (and death),2000,Fix as missing
42,FP2B2_242,FP2B,2,242,POPBAL,1998,2000,2008,"2018, 2008, 2004, 2000, 1998, 1992, 1990",dead,Back to life (and death),2000,Fix as missing
43,FP2B2_246,FP2B,2,246,POPBAL,1998,2000,2008,"2018, 2008, 2004, 2000, 1998, 1992, 1990",dead,Back to life (and death),2000,Fix as missing
44,FP2B2_247,FP2B,2,247,POPBAL,1998,2000,2008,"2018, 2008, 2004, 2000, 1998, 1992, 1990",dead,Back to life (and death),2000,Fix as missing
45,FP2B2_251,FP2B,2,251,POPBAL,1998,2000,2018,"2018, 2008, 2004, 2000, 1998, 1992, 1990",persistent,Back to life,2000,Fix as missing
46,FP2B2_252,FP2B,2,252,POPBAL,1998,2000,2018,"2018, 2008, 2004, 2000, 1998, 1992, 1990",persistent,Back to life,2000,Fix as missing
47,FP2B2_265,FP2B,2,265,POPBAL,1998,2000,2008,"2018, 2008, 2004, 2000, 1998, 1992, 1990",dead,Back to life (and death),2000,Fix as missing
48,FP2B2_270,FP2B,2,270,POPBAL,1998,2000,2008,"2018, 2008, 2004, 2000, 1998, 1992, 1990",dead,Back to life (and death),2000,Fix as missing
49,FP2B2_272,FP2B,2,272,POPBAL,1998,2000,2008,"2018, 2008, 2004, 2000, 1998, 1992, 1990",dead,Back to life (and death),2000,Fix as missing
50,FP2B2_277,FP2B,2,277,POPBAL,1998,2000,2008,"2018, 2008, 2004, 2000, 1998, 1992, 1990",dead,Back to life (and death),2000,Fix as missing
51,FP2B2_278,FP2B,2,278,POPBAL,1998,2000,2018,"2018, 2008, 2004, 2000, 1998, 1992, 1990",dead,Back to life (and death),2000,Fix as missing
52,FP2B2_287,FP2B,2,287,POPBAL,1998,2000,2018,"2018, 2008, 2004, 2000, 1998, 1992, 1990",persistent,Back to life,2000,Fix as missing
53,FP2B2_290,FP2B,2,290,POPBAL,1998,2000,2008,"2018, 2008, 2004, 2000, 1998, 1992, 1990",dead,Back to life (and death),2000,Fix as missing
54,FP2B2_293,FP2B,2,293,POPBAL,1998,2000,2008,"2018, 2008, 2004, 2000, 1998, 1992, 1990",dead,Back to life (and death),2000,Fix as missing
55,FP2B2_294,FP2B,2,294,POPBAL,1998,2000,2018,"2018, 2008, 2004, 2000, 1998, 1992, 1990",dead,Back to life (and death),2000,Fix as missing
56,FP2B2_295,FP2B,2,295,POPBAL,1998,2000,2008,"2018, 2008, 2004, 2000, 1998, 1992, 1990",dead,Back to life (and death),2000,Fix as missing
57,FP2B2_297,FP2B,2,297,POPBAL,1998,2000,2008,"2018, 2008, 2004, 2000, 1998, 1992, 1990",dead,Back to life (and death),2000,Fix as missing
58,FP2B2_299,FP2B,2,299,POPBAL,1998,2000,2018,"2018, 2008, 2004, 2000, 1998, 1992, 1990",dead,Back to life (and death),2000,Fix as missing
59,FP2B3_308,FP2B,3,308,POPBAL,1998,2000,2008,"2018, 2008, 2004, 2000, 1998, 1992, 1990",dead,Back to life (and death),2000,Fix as missing
60,FP2B3_311,FP2B,3,311,POPBAL,1998,2000,2018,"2018, 2008, 2004, 2000, 1998, 1992, 1990",dead,Back to life (and death),2000,Fix as missing
61,FP2B3_327,FP2B,3,327,POPBAL,1998,2000,2018,"2018, 2008, 2004, 2000, 1998, 1992, 1990",dead,Back to life (and death),2000,Fix as missing
62,FP2B3_331,FP2B,3,331,POPBAL,1998,2000,2018,"2018, 2008, 2004, 2000, 1998, 1992, 1990",persistent,Back to life,2000,"DBH of 1.1 in 1998, dead/missing in 2000, DBH of 1.5 in 2004, 1.8 in 2008, 6.3 in 2018"
63,FP2B3_332,FP2B,3,332,POPBAL,1998,2000,2008,"2018, 2008, 2004, 2000, 1998, 1992, 1990",dead,Back to life (and death),2000,Fix as missing
64,FP2B3_335,FP2B,3,335,POPBAL,1998,2000,2018,"2018, 2008, 2004, 2000, 1998, 1992, 1990",dead,Back to life (and death),2000,Fix as missing
65,FP2B3_336,FP2B,3,336,POPBAL,1998,2000,2008,"2018, 2008, 2004, 2000, 1998, 1992, 1990",dead,Back to life (and death),2000,Fix as missing
66,FP2B3_337,FP2B,3,337,POPBAL,1998,2000,2008,"2018, 2008, 2004, 2000, 1998, 1992, 1990",dead,Back to life (and death),2000,Fix as missing
67,FP2B3_340,FP2B,3,340,POPBAL,1998,2000,2008,"2018, 2008, 2004, 2000, 1998, 1992, 1990",dead,Back to life (and death),2000,Fix as missing
68,FP2B3_349,FP2B,3,349,POPBAL,1998,2000,2008,"2018, 2008, 2004, 2000, 1998, 1992, 1990",dead,Back to life (and death),2000,Fix as missing
69,FP2B3_355,FP2B,3,355,POPBAL,1998,2000,2008,"2018, 2008, 2004, 2000, 1998, 1992, 1990",persistent,Back to life (and death),2000,Fix as missing
70,FP2B3_360,FP2B,3,360,POPBAL,1998,2000,2008,"2018, 2008, 2004, 2000, 1998, 1992, 1990",dead,Back to life (and death),2000,"DBH of 1.2 in 1998, dead/missing in 2000, DBH of 4.2 in 2004, dead in 2008"
71,FP2B3_370,FP2B,3,370,POPBAL,1998,2000,2018,"2018, 2008, 2004, 2000, 1998, 1992, 1990",dead,Back to life (and death),2000,Fix as missing
72,FP2B3_378,FP2B,3,378,POPBAL,1998,2000,2008,"2018, 2008, 2004, 2000, 1998, 1992, 1990",dead,Back to life (and death),2000,Fix as missing
73,FP2B4_381,FP2B,4,381,POPBAL,1998,2000,2018,"2018, 2008, 2004, 2000, 1998, 1992, 1990",dead,Back to life (and death),2000,Fix as missing
74,FP2B4_382,FP2B,4,382,POPBAL,1998,2000,2008,"2018, 2008, 2004, 2000, 1998, 1992, 1990",dead,Back to life (and death),2000,Fix as missing
75,FP2B4_385,FP2B,4,385,POPBAL,1998,2000,2018,"2018, 2008, 2004, 2000, 1998, 1992, 1990",persistent,Back to life,2000,Fix as missing
76,FP2B4_387,FP2B,4,387,POPBAL,1998,2000,2018,"2018, 2008, 2004, 2000, 1998, 1992, 1990",dead,Back to life (and death),2000,Fix as missing
77,FP2B4_392,FP2B,4,392,POPBAL,1998,2000,2018,"2018, 2008, 2004, 2000, 1998, 1992, 1990",dead,Back to life (and death),2000,Fix as missing
78,FP2B4_398,FP2B,4,398,POPBAL,1998,2000,2008,"2018, 2008, 2004, 2000, 1998, 1992, 1990",dead,Back to life (and death),2000,Fix as missing
79,FP2B4_403,FP2B,4,403,POPBAL,1998,2000,2018,"2018, 2008, 2004, 2000, 1998, 1992, 1990",dead,Back to life (and death),2000,Fix as missing
80,FP2B4_412,FP2B,4,412,POPBAL,1998,2000,2018,"2018, 2008, 2004, 2000, 1998, 1992, 1990",dead,Back to life (and death),2000,Fix as missing
81,FP2B4_416,FP2B,4,416,POPBAL,1998,2000,2018,"2018, 2008, 2004, 2000, 1998, 1992, 1990",dead,Back to life (and death),2000,Fix as missing
82,FP2B4_423,FP2B,4,423,POPBAL,1998,2000,2018,"2018, 2008, 2004, 2000, 1998, 1992, 1990",dead,Back to life (and death),2000,Fix as missing
83,FP2B4_424,FP2B,4,424,POPBAL,1998,2000,2018,"2018, 2008, 2004, 2000, 1998, 1992, 1990",persistent,Back to life,2000,Fix as missing
84,FP2B4_432,FP2B,4,432,POPBAL,1998,2000,2008,"2018, 2008, 2004, 2000, 1998, 1992, 1990",dead,Back to life (and death),2000,Fix as missing
85,FP2B4_435,FP2B,4,435,POPBAL,1998,2000,2018,"2018, 2008, 2004, 2000, 1998, 1992, 1990",dead,Back to life (and death),2000,Fix as missing
86,FP2B4_437,FP2B,4,437,POPBAL,1998,2000,2008,"2018, 2008, 2004, 2000, 1998, 1992, 1990",dead,Back to life (and death),2000,Fix as missing
87,FP2B4_438,FP2B,4,438,POPBAL,1998,2000,2018,"2018, 2008, 2004, 2000, 1998, 1992, 1990",persistent,Back to life,2000,Fix as missing
88,FP2B4_439,FP2B,4,439,POPBAL,1998,2000,2008,"2018, 2008, 2004, 2000, 1998, 1992, 1990",dead,Back to life (and death),2000,Fix as missing
89,FP2B4_4563,FP2B,4,4563,POPBAL,1990,1998,2008,"2018, 2008, 2004, 2000, 1998, 1992, 1990",dead,Back to life (and death),2000,Fix as missing
90,FP2B6_463,FP2B,6,463,POPBAL,1998,2000,2018,"2018, 2008, 2004, 2000, 1998, 1992, 1990",persistent,Back to life,2000,Fix as missing
91,FP2B7_480,FP2B,7,480,POPBAL,1998,2000,2018,"2018, 2008, 2004, 2000, 1998, 1992, 1990",dead,Back to life (and death),2000,Fix as missing
92,FP2B7_485,FP2B,7,485,POPBAL,1998,2000,2018,"2018, 2008, 2004, 2000, 1998, 1992, 1990",dead,Back to life (and death),2000,Fix as missing
93,FP2B7_492,FP2B,7,492,POPBAL,1998,2000,2018,"2018, 2008, 2004, 2000, 1998, 1992, 1990",dead,Back to life (and death),2000,Fix as missing
94,FP2B7_496,FP2B,7,496,POPBAL,1998,2000,2008,"2018, 2008, 2004, 2000, 1998, 1992, 1990",dead,Back to life (and death),2000,Fix as missing
95,FP2B7_499,FP2B,7,499,POPBAL,1998,2000,2018,"2018, 2008, 2004, 2000, 1998, 1992, 1990",dead,Back to life (and death),2000,Fix as missing
96,FP2B7_502,FP2B,7,502,POPBAL,1998,2000,2018,"2018, 2008, 2004, 2000, 1998, 1992, 1990",dead,Back to life (and death),2000,Fix as missing
97,FP2B7_506,FP2B,7,506,POPBAL,1998,2000,2018,"2018, 2008, 2004, 2000, 1998, 1992, 1990",dead,Back to life (and death),2000,Fix as missing
98,FP2B7_507,FP2B,7,507,POPBAL,1998,2000,2008,"2018, 2008, 2004, 2000, 1998, 1992, 1990",dead,Back to life (and death),2000,Fix as missing
99,FP2B7_508,FP2B,7,508,POPBAL,1998,2000,2018,"2018, 2008, 2004, 2000, 1998, 1992, 1990",dead,Back to life (and death),2000,Fix as missing
100,FP2B7_509,FP2B,7,509,POPBAL,1998,2000,2008,"2018, 2008, 2004, 2000, 1998, 1992, 1990",dead,Back to life (and death),2000,Fix as missing
101,FP2B7_510,FP2B,7,510,POPBAL,1998,2000,2008,"2018, 2008, 2004, 2000, 1998, 1992, 1990",dead,Back to life (and death),2000,Fix as missing
102,FP2B7_512,FP2B,7,512,POPBAL,1998,2000,2008,"2018, 2008, 2004, 2000, 1998, 1992, 1990",dead,Back to life (and death),2000,Fix as missing
103,FP2B7_515,FP2B,7,515,POPBAL,1998,2000,2008,"2018, 2008, 2004, 2000, 1998, 1992, 1990",dead,Back to life (and death),2000,Fix as missing
104,FP2B7_516,FP2B,7,516,POPBAL,1998,2000,2018,"2018, 2008, 2004, 2000, 1998, 1992, 1990",dead,Back to life (and death),2000,Fix as missing
105,FP2B7_517,FP2B,7,517,POPBAL,1998,2000,2018,"2018, 2008, 2004, 2000, 1998, 1992, 1990",persistent,Back to life,2000,Fix as missing
106,FP2B8_525,FP2B,8,525,POPBAL,1998,2000,2008,"2018, 2008, 2004, 2000, 1998, 1992, 1990",dead,Back to life (and death),,"DBH of 0.5 in 1998, dead/missing in 2000, DBH of 4.6 in 2004, dead in 2008"
107,FP2B8_530,FP2B,8,530,POPBAL,1998,2000,2008,"2018, 2008, 2004, 2000, 1998, 1992, 1990",dead,Back to life (and death),2000,Fix as missing
108,FP2B8_532,FP2B,8,532,POPBAL,1998,2000,2008,"2018, 2008, 2004, 2000, 1998, 1992, 1990",dead,Back to life (and death),2000,Fix as missing
109,FP2B8_533,FP2B,8,533,POPBAL,1998,2000,2008,"2018, 2008, 2004, 2000, 1998, 1992, 1990",dead,Back to life (and death),2000,Fix as missing
110,FP2B8_540,FP2B,8,540,POPBAL,1998,2000,2008,"2018, 2008, 2004, 2000, 1998, 1992, 1990",dead,Back to life (and death),2000,Fix as missing
111,FP2B8_541,FP2B,8,541,POPBAL,1998,2000,2008,"2018, 2008, 2004, 2000, 1998, 1992, 1990",dead,Back to life (and death),2000,Fix as missing
112,FP2B8_544,FP2B,8,544,POPBAL,1998,2000,2008,"2018, 2008, 2004, 2000, 1998, 1992, 1990",dead,Back to life (and death),2000,Fix as missing
113,FP2B9_1205,FP2B,9,1205,POPBAL,1998,2000,2008,"2018, 2008, 2004, 2000, 1998, 1992, 1990",dead,Back to life (and death),2000,Fix as missing
114,FP2B9_554,FP2B,9,554,POPBAL,1998,2000,2008,"2018, 2008, 2004, 2000, 1998, 1992, 1990",dead,Back to life (and death),2000,Fix as missing
115,FP2B9_565,FP2B,9,565,POPBAL,1998,2000,2018,"2018, 2008, 2004, 2000, 1998, 1992, 1990",persistent,Back to life,2000,Fix as missing
116,FP2B9_568,FP2B,9,568,POPBAL,1998,2000,2008,"2018, 2008, 2004, 2000, 1998, 1992, 1990",dead,Back to life (and death),2000,Fix as missing
117,FP2B9_570,FP2B,9,570,POPBAL,1998,2000,2018,"2018, 2008, 2004, 2000, 1998, 1992, 1990",dead,Back to life (and death),2000,Fix as missing
118,FP2B9_572,FP2B,9,572,POPBAL,1998,2000,2018,"2018, 2008, 2004, 2000, 1998, 1992, 1990",dead,Back to life (and death),2000,Fix as missing
119,FP2B9_575,FP2B,9,575,POPBAL,1998,2000,2008,"2018, 2008, 2004, 2000, 1998, 1992, 1990",dead,Back to life (and death),2000,Fix as missing
120,FP2B9_577,FP2B,9,577,POPBAL,1998,2000,2008,"2018, 2008, 2004, 2000, 1998, 1992, 1990",dead,Back to life (and death),2000,Fix as missing
121,FP2B9_581,FP2B,9,581,POPBAL,1998,2000,2008,"2018, 2008, 2004, 2000, 1998, 1992, 1990",dead,Back to life (and death),2000,Fix as missing
122,FP2B9_582,FP2B,9,582,POPBAL,1998,2000,2018,"2018, 2008, 2004, 2000, 1998, 1992, 1990",dead,Back to life (and death),2000,"DBH of 1.2 in 1998, dead/missing in 2000, DBH of 4.2 in 2004, 4.8 in 2008, dead in 2018"
123,FP2B9_587,FP2B,9,587,POPBAL,1998,2000,2008,"2018, 2008, 2004, 2000, 1998, 1992, 1990",dead,Back to life (and death),2000,Fix as missing
124,FP2B9_588,FP2B,9,588,POPBAL,1998,2000,2008,"2018, 2008, 2004, 2000, 1998, 1992, 1990",dead,Back to life (and death),2000,Fix as missing
125,FP2B9_6510,FP2B,9,6510,POPBAL,1998,2000,2018,"2018, 2008, 2004, 2000, 1998, 1992, 1990",dead,Back to life (and death),2000,Fix as missing
126,FP2C4_5025,FP2C,4,5025,POPBAL,1990,2004,2018,"2018, 2008, 2004, 2000, 1997, 1993, 1990",dead,Back to life (and death),2004,Fix as missing
127,FP2C9_5122,FP2C,9,5122,POPBAL,1990,1997,2018,"2018, 2008, 2004, 2000, 1997, 1993, 1990",persistent,Back to life,"1997, 2000",Fix as missing
128,FP3A7_1939,FP3A,7,1939,PICGLA,1989,2004,2018,"2018, 2008, 2004, 2000, 1997, 1993, 1989",persistent,Back to life,2004,Fix as missing
129,FP3B9_2840,FP3B,9,2840,POPBAL,1990,2004,2018,"2018, 2008, 2004, 2000, 1997, 1993, 1990",dead,Back to life (and death),2004,Fix as missing
130,FP3B9_930,FP3B,9,930,POPBAL,1993,1993,2000,"2018, 2008, 2004, 2000, 1997, 1993, 1990",persistent,Back to life,,"First recorded as dead in 1993, but was alive in 2000. No record after."
131,FP3C13_3747,FP3C,13,3747,POPBAL,1990,1997,2018,"2023, 2018, 2008, 2004, 2000, 1997, 1993, 1990",dead,Back to life,"1997, 2000",Fix as missing
132,FP3C6_154,FP3C,6,154,PICGLA,1990,1993,2008,"2023, 2018, 2008, 2004, 2000, 1997, 1993, 1990",dead,Back to life (and death),1993,Fix as missing
133,FP3C7_155,FP3C,7,155,PICGLA,1990,1993,2008,"2023, 2018, 2008, 2004, 2000, 1997, 1993, 1990",dead,Back to life (and death),1993,Fix as missing
134,FP3C7_4395,FP3C,7,4395,PICGLA,1990,2018,2023,"2023, 2018, 2008, 2004, 2000, 1997, 1993, 1990",persistent,Back to life,2018,Fix as missing
135,FP3C9_4886,FP3C,9,4886,PICGLA,1990,2004,2023,"2023, 2018, 2008, 2004, 2000, 1997, 1993, 1990",persistent,Back to life,2004,Fix as missing
136,FP4C22_516,FP4C,22,516,PICGLA,1993,2000,2018,"2018, 2008, 2004, 2000, 1997, 1993, 1989",dead,Back to life (and death),2000,Fix as missing
137,FP4C36_705,FP4C,36,705,PICGLA,1993,1997,2008,"2018, 2008, 2004, 2000, 1997, 1993, 1989",dead,Back to life (and death),1997,Fix as missing
138,FP5A1_4114,FP5A,1,4114,PICMAR,1990,1997,2023,"2023, 2018, 2008, 2004, 2000, 1997, 1993, 1990",persistent,Back to life,1997,Fix as missing
139,FP5A1_993,FP5A,1,993,PICMAR,1990,1993,2023,"2023, 2018, 2008, 2004, 2000, 1997, 1993, 1990",persistent,Back to life,1993,Fix as missing
140,FP5A13_4286,FP5A,13,4286,PICMAR,1990,1993,2023,"2023, 2018, 2008, 2004, 2000, 1997, 1993, 1990",persistent,Back to life,"1993, 1997, 2000",Fix as missing
141,FP5A7_4177,FP5A,7,4177,PICMAR,1990,2000,2023,"2023, 2018, 2008, 2004, 2000, 1997, 1993, 1990",persistent,Back to life,2000,Fix as missing
142,FP5A9_115,FP5A,9,115,PICMAR,1990,1993,2018,"2023, 2018, 2008, 2004, 2000, 1997, 1993, 1990",dead,Back to life (and death),1993,Fix as missing
143,FP5A9_116,FP5A,9,116,PICMAR,1990,1993,2018,"2023, 2018, 2008, 2004, 2000, 1997, 1993, 1990",dead,Back to life (and death),1993,Fix as missing
144,FP5A9_4233,FP5A,9,4233,PICMAR,1990,2000,2023,"2023, 2018, 2008, 2004, 2000, 1997, 1993, 1990",dead,Back to life (and death),2000,Fix as missing
145,FP5B1_106,FP5B,1,106,BETNEO,1991,2008,2018,"2018, 2014, 2013, 2008, 2004, 2000, 1997, 1993, 1991",dead,Back to life (and death),2008,Fix as missing
146,FP5B1_107,FP5B,1,107,BETNEO,1991,2008,2013,"2018, 2014, 2013, 2008, 2004, 2000, 1997, 1993, 1991",persistent,Back to life,2008,Fix as missing
147,FP5B11_4996,FP5B,11,4996,PICGLA,1991,1993,2013,"2018, 2014, 2013, 2008, 2004, 2000, 1997, 1993, 1991",persistent,Back to life,"1993, 1998",Fix as missing
148,FP5B12_5811,FP5B,12,5811,PICGLA,1991,1997,2018,"2018, 2014, 2013, 2008, 2004, 2000, 1997, 1993, 1991",persistent,Back to life,"1997, 2000",Fix as missing
149,FP5B13_5822,FP5B,13,5822,PICGLA,1991,2008,2013,"2018, 2014, 2013, 2008, 2004, 2000, 1997, 1993, 1991",persistent,Back to life,2008,Fix as missing
150,FP5B2_112,FP5B,2,112,BETNEO,1991,2000,2014,"2018, 2014, 2013, 2008, 2004, 2000, 1997, 1993, 1991",dead,Back to life (and death),2000,Fix as missing
151,FP5B2_115,FP5B,2,115,BETNEO,1991,2000,2018,"2018, 2014, 2013, 2008, 2004, 2000, 1997, 1993, 1991",dead,Back to life (and death),2000,Fix as missing
152,FP5B2_119,FP5B,2,119,BETNEO,1991,2008,2018,"2018, 2014, 2013, 2008, 2004, 2000, 1997, 1993, 1991",persistent,Back to life,2008,Fix as missing
153,FP5B2_122,FP5B,2,122,BETNEO,1991,2008,2013,"2018, 2014, 2013, 2008, 2004, 2000, 1997, 1993, 1991",persistent,Back to life,2008,Fix as missing
154,FP5B2_974,FP5B,2,974,BETNEO,1991,1993,2018,"2018, 2014, 2013, 2008, 2004, 2000, 1997, 1993, 1991",persistent,Back to life,1993,Fix as missing
155,FP5B3_125,FP5B,3,125,BETNEO,1991,1997,2018,"2018, 2014, 2013, 2008, 2004, 2000, 1997, 1993, 1991",dead,Back to life (and death),1997,Fix as missing
156,FP5B3_129,FP5B,3,129,BETNEO,1991,1997,2018,"2018, 2014, 2013, 2008, 2004, 2000, 1997, 1993, 1991",dead,Back to life (and death),1997,Fix as missing
157,FP5B3_130,FP5B,3,130,PICMAR,1991,1997,2018,"2018, 2014, 2013, 2008, 2004, 2000, 1997, 1993, 1991",persistent,Back to life,1997,Fix as missing
158,FP5B3_131,FP5B,3,131,PICMAR,1991,1997,2018,"2018, 2014, 2013, 2008, 2004, 2000, 1997, 1993, 1991",dead,Back to life (and death),1997,Fix as missing
159,FP5B3_132,FP5B,3,132,PICMAR,1991,1997,2018,"2018, 2014, 2013, 2008, 2004, 2000, 1997, 1993, 1991",dead,Back to life (and death),1997,Fix as missing
160,FP5B3_133,FP5B,3,133,PICMAR,1991,1993,2018,"2018, 2014, 2013, 2008, 2004, 2000, 1997, 1993, 1991",persistent,Back to life,"1993, 1997",Fix as missing
161,FP5B3_134,FP5B,3,134,BETNEO,1991,1997,2018,"2018, 2014, 2013, 2008, 2004, 2000, 1997, 1993, 1991",dead,Back to life (and death),1997,Fix as missing
162,FP5B3_136,FP5B,3,136,BETNEO,1991,1997,2018,"2018, 2014, 2013, 2008, 2004, 2000, 1997, 1993, 1991",persistent,Back to life,1997,Fix as missing
163,FP5B3_137,FP5B,3,137,BETNEO,1991,1997,2018,"2018, 2014, 2013, 2008, 2004, 2000, 1997, 1993, 1991",dead,Back to life (and death),1997,Fix as missing
164,FP5B3_138,FP5B,3,138,BETNEO,1991,1997,2018,"2018, 2014, 2013, 2008, 2004, 2000, 1997, 1993, 1991",dead,Back to life (and death),1997,Fix as missing
165,FP5B3_575,FP5B,3,575,BETNEO,1991,1997,2018,"2018, 2014, 2013, 2008, 2004, 2000, 1997, 1993, 1991",persistent,Back to life,1997,Fix as missing
166,FP5B3_742,FP5B,3,742,BETNEO,1991,1997,2018,"2018, 2014, 2013, 2008, 2004, 2000, 1997, 1993, 1991",persistent,Back to life,1997,Fix as missing
167,FP5B6_159,FP5B,6,159,PICGLA,1991,1997,2018,"2018, 2014, 2013, 2008, 2004, 2000, 1997, 1993, 1991",persistent,Back to life,"1997, 2000",Fix as missing
168,FP5B7_173,FP5B,7,173,BETNEO,1991,1997,2014,"2018, 2014, 2013, 2008, 2004, 2000, 1997, 1993, 1991",dead,Back to life (and death),1997,Fix as missing
169,FP5B8_749,FP5B,8,749,PICGLA,1991,1993,2018,"2018, 2014, 2013, 2008, 2004, 2000, 1997, 1993, 1991",dead,Back to life (and death),,"DBH of 3.5 in 1991, dead in 1993, found dead in 2008, DBH of 3.3 in 2014, dead in 2018"
170,FP5C12_104,FP5C,12,104,PICMAR,1990,1993,2008,"2023, 2008, 2004, 2000, 1997, 1993, 1990",persistent,Back to life,1993,Fix as missing
171,FP5C12_5574,FP5C,12,5574,PICMAR,1990,2000,2008,"2023, 2008, 2004, 2000, 1997, 1993, 1990",persistent,Back to life,2000,Fix as missing
172,FP5C12_5590,FP5C,12,5590,PICMAR,1990,1993,2008,"2023, 2008, 2004, 2000, 1997, 1993, 1990",persistent,Back to life,1993,Fix as missing
173,FP5C12_5592,FP5C,12,5592,PICMAR,1990,1993,2008,"2023, 2008, 2004, 2000, 1997, 1993, 1990",persistent,Back to life,1993,Fix as missing
174,FP5C12_5593,FP5C,12,5593,PICMAR,1990,1993,2008,"2023, 2008, 2004, 2000, 1997, 1993, 1990",persistent,Back to life,1993,Fix as missing
175,FP5C14_4899,FP5C,14,4899,PICMAR,1990,2004,2008,"2023, 2008, 2004, 2000, 1997, 1993, 1990",persistent,Back to life,2004,Fix as missing
176,FP5C2_966,FP5C,2,966,PICMAR,1990,1990,2008,"2023, 2008, 2004, 2000, 1997, 1993, 1990",persistent,Back to life,,"First recorded as dead in 1990, and dead until 2008. No record after 2008"
177,FP5C2_982,FP5C,2,982,PICMAR,1990,1993,2008,"2023, 2008, 2004, 2000, 1997, 1993, 1990",persistent,Back to life,,"DBH of 2 in 1990, dead in 1993, DBH of 2.3 in 2008, no record after 2008"
178,FP5C7_103,FP5C,7,103,PICMAR,1990,1993,2008,"2023, 2008, 2004, 2000, 1997, 1993, 1990",dead,Back to life (and death),1993,Fix as missing
179,FP5C9_5517,FP5C,9,5517,PICMAR,1990,2004,2008,"2023, 2008, 2004, 2000, 1997, 1993, 1990",persistent,Back to life,2004,Fix as missing
180,FP5C9_5519,FP5C,9,5519,PICMAR,1990,2004,2008,"2023, 2008, 2004, 2000, 1997, 1993, 1990",persistent,Back to life,2004,Fix as missing
181,FP5C9_5522,FP5C,9,5522,PICMAR,1990,2004,2008,"2023, 2008, 2004, 2000, 1997, 1993, 1990",persistent,Back to life,2004,Fix as missing
182,FP5C9_5524,FP5C,9,5524,PICMAR,1990,1993,2008,"2023, 2008, 2004, 2000, 1997, 1993, 1990",dead,Back to life (and death),1993,Fix as missing
183,FP5C9_5526,FP5C,9,5526,PICMAR,1990,2004,2008,"2023, 2008, 2004, 2000, 1997, 1993, 1990",persistent,Back to life,2004,Fix as missing
184,FP5C9_5527,FP5C,9,5527,PICMAR,1990,1997,2008,"2023, 2008, 2004, 2000, 1997, 1993, 1990",dead,Back to life (and death),1997,Fix as missing
185,FP5C9_5529,FP5C,9,5529,PICMAR,1990,2004,2008,"2023, 2008, 2004, 2000, 1997, 1993, 1990",persistent,Back to life,2004,Fix as missing
186,FP5C9_5531,FP5C,9,5531,PICMAR,1990,1997,2008,"2023, 2008, 2004, 2000, 1997, 1993, 1990",persistent,Back to life,1997,Fix as missing
187,FP5D1_1106,FP5D,1,1106,PICMAR,1999,2004,2018,"2018, 2008, 2004, 1999, 1994",persistent,Back to life,2004,Fix as missing
188,FP5D1_6254,FP5D,1,6254,PICMAR,1994,2008,2018,"2018, 2008, 2004, 1999, 1994",persistent,Back to life,2008,Fix as missing
189,FP5D12_7574,FP5D,12,7574,PICMAR,1999,2004,2018,"2018, 2008, 2004, 1999, 1994",persistent,Back to life,2004,Fix as missing
190,FP5D2_6300,FP5D,2,6300,LARLAR,1994,2004,2018,"2018, 2008, 2004, 1999, 1994",dead,Back to life (and death),?,"DBH of 6.5 in 1994, 4.9 in 1999, dead in 2004, and then either dead or DBH of 5.7 in 2008, dead in 2018"
191,FP5D2_6416,FP5D,2,6416,PICMAR,1994,2004,2018,"2018, 2008, 2004, 1999, 1994",persistent,Back to life,2004,Fix as missing
192,FP5D7_1304,FP5D,7,1304,BETNEO,1999,2004,2018,"2018, 2008, 2004, 1999, 1994",dead,Back to life (and death),2004,Fix as missing
193,FP5D7_1307,FP5D,7,1307,BETNEO,1999,2004,2018,"2018, 2008, 2004, 1999, 1994",persistent,Back to life,2004,Fix as missing
194,FP5D7_1315,FP5D,7,1315,PICMAR,1999,2004,2018,"2018, 2008, 2004, 1999, 1994",persistent,Back to life,2004,Fix as missing
195,FP5D7_6448,FP5D,7,6448,PICMAR,1994,2004,2018,"2018, 2008, 2004, 1999, 1994",dead,Back to life (and death),2004,Fix as missing
197,UP1A1_6106,UP1A,1,6106,POPTRE,1994,1994,2008,"2023, 2018, 2008, 2004, 1998, 1994, 1989",dead,Back to life (and death),1994,"First recorded as dead in 1994, then DBH of 3 in 1998, then dead onwards"
198,UP1A1_6198,UP1A,1,6198,BETNEO,1994,1994,2023,"2023, 2018, 2008, 2004, 1998, 1994, 1989",persistent,Back to life,1994,"First recorded as dead, either delete record or record as missing to adjust for value"
199,UP1A11_90,UP1A,11,90,BETNEO,2004,2008,2023,"2023, 2018, 2008, 2004, 1998, 1994, 1989",missing,Back to life,2008,Fix as missing
200,UP1A13_1274,UP1A,13,1274,BETNEO,1994,2004,2023,"2023, 2018, 2008, 2004, 1998, 1994, 1989",persistent,Back to life,2004,Fix as missing
201,UP1A3_1145,UP1A,3,1145,BETNEO,1994,1998,2023,"2023, 2018, 2008, 2004, 1998, 1994, 1989",persistent,Back to life,1998,Fix as missing
202,UP1A3_469,UP1A,3,469,BETNEO,1994,1998,2023,"2023, 2018, 2008, 2004, 1998, 1994, 1989",persistent,Back to life,1998,Fix as missing
203,UP1A4_1172,UP1A,4,1172,BETNEO,1994,1998,2023,"2023, 2018, 2008, 2004, 1998, 1994, 1989",persistent,Back to life,1998,Fix as missing
204,UP1A6_3611,UP1A,6,3611,BETNEO,1994,1994,2018,"2023, 2018, 2008, 2004, 1998, 1994, 1989",dead,Back to life (and death),1994,"First recorded as dead in 1994, then DBH of 2.5 in 1998 and 2.6 in 2004, then dead onwards"
205,UP1A8_3714,UP1A,8,3714,BETNEO,1994,1998,2023,"2023, 2018, 2008, 2004, 1998, 1994, 1989",persistent,Back to life,1998,Fix as missing
206,UP1B3_(585) 143,UP1B,3,(585) 143,BETNEO,2018,2018,2023,"2023, 2018, 2008, 2004, 1998, 1995, 1994, 1990",persistent,Tag fix; back to life,2018,"Fix tag to just 585, fix dead as missing"
207,UP1B3_145,UP1B,3,145,BETNEO,1990,1994,2023,"2023, 2018, 2008, 2004, 1998, 1995, 1994, 1990",dead,Back to life (and death),1994,"First recorded as dead in 1994, then DBH of 1.9 in 1998, grows, dead in 2018 and onwards"
208,UP1B3_152,UP1B,3,152,BETNEO,1990,1994,2018,"2023, 2018, 2008, 2004, 1998, 1995, 1994, 1990",dead,Back to life (and death),1994,Fix as missing
209,UP1B3_3662,UP1B,3,3662,BETNEO,1990,1994,2023,"2023, 2018, 2008, 2004, 1998, 1995, 1994, 1990",persistent,Back to life,1994,Fix as missing
210,UP1B3_584,UP1B,3,584,BETNEO,1990,1994,2008,"2023, 2018, 2008, 2004, 1998, 1995, 1994, 1990",persistent,Tag fix; Back to life,1994,"Fix tag to just 584, fix dead as missing"
211,UP1B3_591,UP1B,3,591,BETNEO,1990,1994,2008,"2023, 2018, 2008, 2004, 1998, 1995, 1994, 1990",persistent,Back to life,1994,"Fix tag to just 491, fix dead as missing"
212,UP1B3_6719,UP1B,3,6719,BETNEO,1990,1994,2023,"2023, 2018, 2008, 2004, 1998, 1995, 1994, 1990",persistent,Back to life,1994,Fix as missing
213,UP1B7_6731,UP1B,7,6731,BETNEO,1990,1994,2023,"2023, 2018, 2008, 2004, 1998, 1995, 1994, 1990",persistent,Back to life,1994,Fix as missing
215,UP1C1_6865,UP1C,1,6865,POPTRE,1995,2018,2023,"2023, 2018, 2008, 2004, 1998, 1997, 1995, 1991",persistent,Back to life,2018,Fix as missing
216,UP1C1_811,UP1C,1,811,POPTRE,1991,1995,2023,"2023, 2018, 2008, 2004, 1998, 1997, 1995, 1991",persistent,Back to life,1995,Fix as missing
217,UP1C11_430,UP1C,11,430,BETNEO,2008,2018,2023,"2023, 2018, 2008, 2004, 1998, 1997, 1995, 1991",persistent,Back to life,2018,Fix as missing
218,UP1C13_8374,UP1C,13,8374,POPTRE,1995,2018,2023,"2023, 2018, 2008, 2004, 1998, 1997, 1995, 1991",persistent,Back to life,2018,Fix as missing
220,UP1C2_4040,UP1C,2,4040,POPTRE,1991,2018,2023,"2023, 2018, 2008, 2004, 1998, 1997, 1995, 1991",persistent,Back to life,2018,Fix as missing
221,UP1C2_6869,UP1C,2,6869,POPTRE,1995,2004,2018,"2023, 2018, 2008, 2004, 1998, 1997, 1995, 1991",dead,Back to life (and death),2004,Fix as missing
222,UP1C3_850,UP1C,3,850,POPTRE,1991,2018,2023,"2023, 2018, 2008, 2004, 1998, 1997, 1995, 1991",persistent,Back to life,2018,Fix as missing
225,UP1C6_4027,UP1C,6,4027,POPTRE,1991,1995,2023,"2023, 2018, 2008, 2004, 1998, 1997, 1995, 1991",persistent,Back to life,1995,Fix as missing
226,UP1C7_917,UP1C,7,917,POPTRE,1991,2008,2023,"2023, 2018, 2008, 2004, 1998, 1997, 1995, 1991",persistent,Back to life,2008,Fix as missing
227,UP1C7_920,UP1C,7,920,POPTRE,1991,1997,2018,"2023, 2018, 2008, 2004, 1998, 1997, 1995, 1991",dead,Back to life (and death),1997,Fix as missing
228,UP2A11_1214,UP2A,11,1214,BETNEO,1990,1993,2023,"2023, 2018, 2008, 2004, 2000, 1997, 1993, 1990",persistent,Back to life,1993,Fix as missing
229,UP2A11_1337,UP2A,11,1337,BETNEO,1990,2018,2023,"2023, 2018, 2008, 2004, 2000, 1997, 1993, 1990",persistent,Back to life,2018,Fix as missing
230,UP2A22_1012,UP2A,22,1012,PICGLA,1990,1993,2000,"2023, 2018, 2008, 2004, 2000, 1997, 1993, 1990",persistent,Back to life,1993,Fix as missing
231,UP2A22_1015,UP2A,22,1015,BETNEO,1990,1993,2000,"2023, 2018, 2008, 2004, 2000, 1997, 1993, 1990",persistent,Back to life,1993,Fix as missing
232,UP2A22_1017,UP2A,22,1017,BETNEO,1990,1993,2000,"2023, 2018, 2008, 2004, 2000, 1997, 1993, 1990",persistent,Back to life,1993,Fix as missing
233,UP2A22_1018,UP2A,22,1018,BETNEO,1990,1993,2000,"2023, 2018, 2008, 2004, 2000, 1997, 1993, 1990",persistent,Back to life,1993,Fix as missing
234,UP2A22_5226,UP2A,22,5226,PICGLA,1990,1993,2000,"2023, 2018, 2008, 2004, 2000, 1997, 1993, 1990",persistent,Back to life,1993,Fix as missing
235,UP2A22_5227,UP2A,22,5227,BETNEO,1990,1993,2000,"2023, 2018, 2008, 2004, 2000, 1997, 1993, 1990",dead,Back to life (and death),1993,Fix as missing
236,UP2A22_5228,UP2A,22,5228,BETNEO,1990,1993,2000,"2023, 2018, 2008, 2004, 2000, 1997, 1993, 1990",persistent,Back to life,1993,Fix as missing
237,UP2A22_5229,UP2A,22,5229,BETNEO,1990,1993,2000,"2023, 2018, 2008, 2004, 2000, 1997, 1993, 1990",persistent,Back to life,1993,Fix as missing
238,UP2A22_5230,UP2A,22,5230,PICGLA,1990,1993,2000,"2023, 2018, 2008, 2004, 2000, 1997, 1993, 1990",persistent,Back to life,1993,Fix as missing
239,UP2A22_5232,UP2A,22,5232,BETNEO,1990,1993,2000,"2023, 2018, 2008, 2004, 2000, 1997, 1993, 1990",persistent,Back to life,1993,Fix as missing
240,UP2A22_5233,UP2A,22,5233,BETNEO,1990,1993,2000,"2023, 2018, 2008, 2004, 2000, 1997, 1993, 1990",persistent,Back to life,1993,Fix as missing
241,UP2A22_5234,UP2A,22,5234,PICGLA,1990,1993,2000,"2023, 2018, 2008, 2004, 2000, 1997, 1993, 1990",persistent,Back to life,1993,Fix as missing
242,UP2A22_5235,UP2A,22,5235,BETNEO,1990,1993,2000,"2023, 2018, 2008, 2004, 2000, 1997, 1993, 1990",persistent,Back to life,1993,Fix as missing
243,UP2A22_5236,UP2A,22,5236,BETNEO,1990,1993,2000,"2023, 2018, 2008, 2004, 2000, 1997, 1993, 1990",persistent,Back to life,1993,Fix as missing
244,UP2A22_5237,UP2A,22,5237,BETNEO,1990,1993,2000,"2023, 2018, 2008, 2004, 2000, 1997, 1993, 1990",persistent,Back to life,1993,Fix as missing
245,UP2A22_5238,UP2A,22,5238,PICGLA,1990,1993,2000,"2023, 2018, 2008, 2004, 2000, 1997, 1993, 1990",persistent,Back to life,1993,Fix as missing
246,UP2A22_5239,UP2A,22,5239,PICGLA,1990,1993,2000,"2023, 2018, 2008, 2004, 2000, 1997, 1993, 1990",persistent,Back to life,1993,Fix as missing
247,UP2A22_5240,UP2A,22,5240,BETNEO,1990,1993,2000,"2023, 2018, 2008, 2004, 2000, 1997, 1993, 1990",persistent,Back to life,1993,Fix as missing
248,UP2A22_5241,UP2A,22,5241,BETNEO,1990,1993,2000,"2023, 2018, 2008, 2004, 2000, 1997, 1993, 1990",persistent,Back to life,1993,Fix as missing
249,UP2A22_5242,UP2A,22,5242,BETNEO,1990,1993,2000,"2023, 2018, 2008, 2004, 2000, 1997, 1993, 1990",persistent,Back to life,1993,Fix as missing
250,UP2A22_5243,UP2A,22,5243,BETNEO,1990,1993,2000,"2023, 2018, 2008, 2004, 2000, 1997, 1993, 1990",persistent,Back to life,1993,Fix as missing
251,UP2A22_725,UP2A,22,725,PICGLA,1990,1993,2000,"2023, 2018, 2008, 2004, 2000, 1997, 1993, 1990",persistent,Back to life,1993,Fix as missing
252,UP2A22_726,UP2A,22,726,PICGLA,1990,1993,2000,"2023, 2018, 2008, 2004, 2000, 1997, 1993, 1990",persistent,Back to life,1993,Fix as missing
253,UP2A22_727,UP2A,22,727,PICGLA,1990,1993,2000,"2023, 2018, 2008, 2004, 2000, 1997, 1993, 1990",persistent,Back to life,1993,Fix as missing
254,UP2A22_728,UP2A,22,728,PICGLA,1990,1993,2000,"2023, 2018, 2008, 2004, 2000, 1997, 1993, 1990",persistent,Back to life,1993,Fix as missing
255,UP2A23_1020,UP2A,23,1020,BETNEO,1990,1993,2000,"2023, 2018, 2008, 2004, 2000, 1997, 1993, 1990",persistent,Back to life,1993,Fix as missing
256,UP2A23_1023,UP2A,23,1023,PICGLA,1990,1993,2000,"2023, 2018, 2008, 2004, 2000, 1997, 1993, 1990",persistent,Back to life,1993,Fix as missing
257,UP2A23_1024,UP2A,23,1024,BETNEO,1990,1993,2000,"2023, 2018, 2008, 2004, 2000, 1997, 1993, 1990",persistent,Back to life,1993,Fix as missing
258,UP2A23_1037,UP2A,23,1037,BETNEO,1990,1993,2000,"2023, 2018, 2008, 2004, 2000, 1997, 1993, 1990",persistent,Back to life,1993,Fix as missing
259,UP2A23_1038,UP2A,23,1038,BETNEO,1990,1993,2000,"2023, 2018, 2008, 2004, 2000, 1997, 1993, 1990",persistent,Back to life,1993,Fix as missing
260,UP2A23_5244,UP2A,23,5244,BETNEO,1990,1993,2000,"2023, 2018, 2008, 2004, 2000, 1997, 1993, 1990",persistent,Back to life,1993,Fix as missing
261,UP2A23_5245,UP2A,23,5245,BETNEO,1990,1993,2000,"2023, 2018, 2008, 2004, 2000, 1997, 1993, 1990",persistent,Back to life,1993,Fix as missing
262,UP2A23_5246,UP2A,23,5246,BETNEO,1990,1993,2000,"2023, 2018, 2008, 2004, 2000, 1997, 1993, 1990",persistent,Back to life,1993,Fix as missing
263,UP2A23_5248,UP2A,23,5248,PICGLA,1990,1993,2000,"2023, 2018, 2008, 2004, 2000, 1997, 1993, 1990",persistent,Back to life,1993,Fix as missing
264,UP2A23_5249,UP2A,23,5249,PICGLA,1990,1993,2000,"2023, 2018, 2008, 2004, 2000, 1997, 1993, 1990",persistent,Back to life,1993,Fix as missing
265,UP2A23_5250,UP2A,23,5250,BETNEO,1990,1993,2000,"2023, 2018, 2008, 2004, 2000, 1997, 1993, 1990",persistent,Back to life,1993,Fix as missing
266,UP2A23_5251,UP2A,23,5251,BETNEO,1990,1993,2000,"2023, 2018, 2008, 2004, 2000, 1997, 1993, 1990",persistent,Back to life,1993,Fix as missing
267,UP2A23_5252,UP2A,23,5252,BETNEO,1990,1993,2000,"2023, 2018, 2008, 2004, 2000, 1997, 1993, 1990",persistent,Back to life,1993,Fix as missing
268,UP2A23_5253,UP2A,23,5253,BETNEO,1990,1993,2000,"2023, 2018, 2008, 2004, 2000, 1997, 1993, 1990",persistent,Back to life,1993,Fix as missing
269,UP2A23_5254,UP2A,23,5254,BETNEO,1990,1993,2000,"2023, 2018, 2008, 2004, 2000, 1997, 1993, 1990",persistent,Back to life,1993,Fix as missing
270,UP2A23_5255,UP2A,23,5255,PICGLA,1990,1993,2000,"2023, 2018, 2008, 2004, 2000, 1997, 1993, 1990",persistent,Back to life,1993,Fix as missing
271,UP2A23_5257,UP2A,23,5257,BETNEO,1990,1993,2000,"2023, 2018, 2008, 2004, 2000, 1997, 1993, 1990",persistent,Back to life,1993,Fix as missing
272,UP2A23_5258,UP2A,23,5258,BETNEO,1990,1993,2000,"2023, 2018, 2008, 2004, 2000, 1997, 1993, 1990",persistent,Back to life,1993,Fix as missing
273,UP2A23_5259,UP2A,23,5259,PICGLA,1990,1993,2000,"2023, 2018, 2008, 2004, 2000, 1997, 1993, 1990",persistent,Back to life,1993,Fix as missing
274,UP2A23_5260,UP2A,23,5260,BETNEO,1990,1993,2000,"2023, 2018, 2008, 2004, 2000, 1997, 1993, 1990",persistent,Back to life,1993,Fix as missing
275,UP2A23_5261,UP2A,23,5261,PICGLA,1990,1993,2000,"2023, 2018, 2008, 2004, 2000, 1997, 1993, 1990",persistent,Back to life,1993,Fix as missing
276,UP2A23_5262,UP2A,23,5262,PICGLA,1990,1993,2000,"2023, 2018, 2008, 2004, 2000, 1997, 1993, 1990",persistent,Back to life,1993,Fix as missing
277,UP2A23_5263,UP2A,23,5263,PICGLA,1990,1993,2000,"2023, 2018, 2008, 2004, 2000, 1997, 1993, 1990",persistent,Back to life,1993,Fix as missing
278,UP2A23_5264,UP2A,23,5264,BETNEO,1990,1993,2000,"2023, 2018, 2008, 2004, 2000, 1997, 1993, 1990",persistent,Back to life,1993,Fix as missing
279,UP2A23_5265,UP2A,23,5265,BETNEO,1990,1993,2000,"2023, 2018, 2008, 2004, 2000, 1997, 1993, 1990",persistent,Back to life,1993,Fix as missing
280,UP2A23_5266,UP2A,23,5266,PICGLA,1990,1993,2000,"2023, 2018, 2008, 2004, 2000, 1997, 1993, 1990",persistent,Back to life,1993,Fix as missing
281,UP2A23_5267,UP2A,23,5267,PICGLA,1990,1993,2000,"2023, 2018, 2008, 2004, 2000, 1997, 1993, 1990",persistent,Back to life,1993,Fix as missing
282,UP2A23_5268,UP2A,23,5268,PICGLA,1990,1993,2000,"2023, 2018, 2008, 2004, 2000, 1997, 1993, 1990",persistent,Back to life,1993,Fix as missing
283,UP2A23_5269,UP2A,23,5269,BETNEO,1990,1993,2000,"2023, 2018, 2008, 2004, 2000, 1997, 1993, 1990",persistent,Back to life,1993,Fix as missing
284,UP2A23_5270,UP2A,23,5270,PICGLA,1990,1993,2000,"2023, 2018, 2008, 2004, 2000, 1997, 1993, 1990",persistent,Back to life,1993,Fix as missing
285,UP2A23_735,UP2A,23,735,PICGLA,1990,1993,2000,"2023, 2018, 2008, 2004, 2000, 1997, 1993, 1990",persistent,Back to life,1993,Fix as missing
286,UP2A23_736,UP2A,23,736,PICGLA,1990,1993,2000,"2023, 2018, 2008, 2004, 2000, 1997, 1993, 1990",persistent,Back to life,1993,Fix as missing
287,UP2A24_1040,UP2A,24,1040,PICGLA,1990,1993,2000,"2023, 2018, 2008, 2004, 2000, 1997, 1993, 1990",persistent,Back to life,1993,Fix as missing
288,UP2A24_1041,UP2A,24,1041,PICGLA,1990,1993,2000,"2023, 2018, 2008, 2004, 2000, 1997, 1993, 1990",persistent,Back to life,1993,Fix as missing
289,UP2A24_1043,UP2A,24,1043,BETNEO,1990,1993,2000,"2023, 2018, 2008, 2004, 2000, 1997, 1993, 1990",persistent,Back to life,1993,Fix as missing
290,UP2A24_1044,UP2A,24,1044,BETNEO,1990,1993,2000,"2023, 2018, 2008, 2004, 2000, 1997, 1993, 1990",persistent,Back to life,1993,Fix as missing
291,UP2A24_1048,UP2A,24,1048,PICGLA,1990,1993,2000,"2023, 2018, 2008, 2004, 2000, 1997, 1993, 1990",persistent,Back to life,1993,Fix as missing
292,UP2A24_1050,UP2A,24,1050,BETNEO,1990,1993,2000,"2023, 2018, 2008, 2004, 2000, 1997, 1993, 1990",persistent,Back to life,1993,Fix as missing
293,UP2A24_1051,UP2A,24,1051,BETNEO,1990,1993,2000,"2023, 2018, 2008, 2004, 2000, 1997, 1993, 1990",persistent,Back to life,1993,Fix as missing
294,UP2A24_1052,UP2A,24,1052,PICGLA,1990,1993,2000,"2023, 2018, 2008, 2004, 2000, 1997, 1993, 1990",persistent,Back to life,1993,Fix as missing
295,UP2A24_5271,UP2A,24,5271,BETNEO,1990,1993,2000,"2023, 2018, 2008, 2004, 2000, 1997, 1993, 1990",persistent,Back to life,1993,Fix as missing
296,UP2A24_5272,UP2A,24,5272,PICGLA,1990,1993,2000,"2023, 2018, 2008, 2004, 2000, 1997, 1993, 1990",persistent,Back to life,1993,Fix as missing
297,UP2A24_5273,UP2A,24,5273,BETNEO,1990,1993,2000,"2023, 2018, 2008, 2004, 2000, 1997, 1993, 1990",persistent,Back to life,1993,Fix as missing
298,UP2A24_5274,UP2A,24,5274,PICGLA,1990,1993,2000,"2023, 2018, 2008, 2004, 2000, 1997, 1993, 1990",persistent,Back to life,1993,Fix as missing
299,UP2A24_5275,UP2A,24,5275,PICGLA,1990,1993,2000,"2023, 2018, 2008, 2004, 2000, 1997, 1993, 1990",persistent,Back to life,1993,Fix as missing
300,UP2A24_5276,UP2A,24,5276,PICGLA,1990,1993,2000,"2023, 2018, 2008, 2004, 2000, 1997, 1993, 1990",persistent,Back to life,1993,Fix as missing
301,UP2A24_5277,UP2A,24,5277,PICGLA,1990,1993,2000,"2023, 2018, 2008, 2004, 2000, 1997, 1993, 1990",persistent,Back to life,1993,Fix as missing
302,UP2A24_5278,UP2A,24,5278,BETNEO,1990,1993,2000,"2023, 2018, 2008, 2004, 2000, 1997, 1993, 1990",persistent,Back to life,1993,Fix as missing
303,UP2A24_5279,UP2A,24,5279,BETNEO,1990,1993,2000,"2023, 2018, 2008, 2004, 2000, 1997, 1993, 1990",persistent,Back to life,1993,Fix as missing
304,UP2A24_5280,UP2A,24,5280,PICGLA,1990,1993,2000,"2023, 2018, 2008, 2004, 2000, 1997, 1993, 1990",persistent,Back to life,1993,Fix as missing
305,UP2A24_5281,UP2A,24,5281,BETNEO,1990,1993,2000,"2023, 2018, 2008, 2004, 2000, 1997, 1993, 1990",persistent,Back to life,1993,Fix as missing
306,UP2A24_5282,UP2A,24,5282,PICGLA,1990,1993,2000,"2023, 2018, 2008, 2004, 2000, 1997, 1993, 1990",persistent,Back to life,1993,Fix as missing
307,UP2A24_5283,UP2A,24,5283,BETNEO,1990,1993,2000,"2023, 2018, 2008, 2004, 2000, 1997, 1993, 1990",persistent,Back to life,1993,Fix as missing
308,UP2A24_5284,UP2A,24,5284,BETNEO,1990,1993,2000,"2023, 2018, 2008, 2004, 2000, 1997, 1993, 1990",persistent,Back to life,1993,Fix as missing
309,UP2A24_5285,UP2A,24,5285,BETNEO,1990,1993,2000,"2023, 2018, 2008, 2004, 2000, 1997, 1993, 1990",persistent,Back to life,1993,Fix as missing
310,UP2A24_5287,UP2A,24,5287,BETNEO,1990,1993,2000,"2023, 2018, 2008, 2004, 2000, 1997, 1993, 1990",dead,Back to life (and death),1993,Fix as missing
311,UP2A24_5288,UP2A,24,5288,BETNEO,1990,1993,2000,"2023, 2018, 2008, 2004, 2000, 1997, 1993, 1990",persistent,Back to life,1993,Fix as missing
312,UP2A24_5289,UP2A,24,5289,PICGLA,1990,1993,2000,"2023, 2018, 2008, 2004, 2000, 1997, 1993, 1990",persistent,Back to life,1993,Fix as missing
313,UP2A24_5290,UP2A,24,5290,PICGLA,1990,1993,2000,"2023, 2018, 2008, 2004, 2000, 1997, 1993, 1990",persistent,Back to life,1993,Fix as missing
314,UP2A24_5291,UP2A,24,5291,PICGLA,1990,1993,2000,"2023, 2018, 2008, 2004, 2000, 1997, 1993, 1990",persistent,Back to life,1993,Fix as missing
315,UP2A24_5292,UP2A,24,5292,BETNEO,1990,1993,2000,"2023, 2018, 2008, 2004, 2000, 1997, 1993, 1990",persistent,Back to life,1993,Fix as missing
316,UP2A24_5293,UP2A,24,5293,PICGLA,1990,1993,2000,"2023, 2018, 2008, 2004, 2000, 1997, 1993, 1990",persistent,Back to life,1993,Fix as missing
317,UP2A24_763,UP2A,24,763,PICGLA,1990,1993,2000,"2023, 2018, 2008, 2004, 2000, 1997, 1993, 1990",persistent,Back to life,1993,Fix as missing
318,UP2A24_764,UP2A,24,764,PICGLA,1990,1993,2000,"2023, 2018, 2008, 2004, 2000, 1997, 1993, 1990",persistent,Back to life,1993,Fix as missing
319,UP2A25_1053,UP2A,25,1053,PICGLA,1990,1993,2000,"2023, 2018, 2008, 2004, 2000, 1997, 1993, 1990",persistent,Back to life,1993,Fix as missing
320,UP2A25_1054,UP2A,25,1054,PICGLA,1990,1993,2000,"2023, 2018, 2008, 2004, 2000, 1997, 1993, 1990",persistent,Back to life,1993,Fix as missing
321,UP2A25_1055,UP2A,25,1055,BETNEO,1990,1993,2000,"2023, 2018, 2008, 2004, 2000, 1997, 1993, 1990",dead,Back to life (and death),1993,Fix as missing
322,UP2A25_1056,UP2A,25,1056,PICGLA,1990,1993,2000,"2023, 2018, 2008, 2004, 2000, 1997, 1993, 1990",persistent,Back to life,1993,Fix as missing
323,UP2A25_1058,UP2A,25,1058,PICGLA,1990,1993,2000,"2023, 2018, 2008, 2004, 2000, 1997, 1993, 1990",persistent,Back to life,1993,Fix as missing
324,UP2A25_1059,UP2A,25,1059,BETNEO,1990,1993,2000,"2023, 2018, 2008, 2004, 2000, 1997, 1993, 1990",persistent,Back to life,1993,Fix as missing
325,UP2A25_1060,UP2A,25,1060,BETNEO,1990,1993,2000,"2023, 2018, 2008, 2004, 2000, 1997, 1993, 1990",persistent,Back to life,1993,Fix as missing
326,UP2A25_1080,UP2A,25,1080,BETNEO,1990,1993,2000,"2023, 2018, 2008, 2004, 2000, 1997, 1993, 1990",dead,Back to life (and death),1993,Fix as missing
327,UP2A25_1081,UP2A,25,1081,PICGLA,1990,1993,2000,"2023, 2018, 2008, 2004, 2000, 1997, 1993, 1990",persistent,Back to life,1993,Fix as missing
328,UP2A25_1082,UP2A,25,1082,BETNEO,1990,1993,2000,"2023, 2018, 2008, 2004, 2000, 1997, 1993, 1990",dead,Back to life (and death),1993,Fix as missing
329,UP2A25_1083,UP2A,25,1083,BETNEO,1990,1993,2000,"2023, 2018, 2008, 2004, 2000, 1997, 1993, 1990",persistent,Back to life,1993,Fix as missing
330,UP2A25_5294,UP2A,25,5294,BETNEO,1990,1993,2000,"2023, 2018, 2008, 2004, 2000, 1997, 1993, 1990",persistent,Back to life,1993,Fix as missing
331,UP2A25_5295,UP2A,25,5295,PICGLA,1990,1993,2000,"2023, 2018, 2008, 2004, 2000, 1997, 1993, 1990",persistent,Back to life,1993,Fix as missing
332,UP2A25_5297,UP2A,25,5297,BETNEO,1990,1993,2000,"2023, 2018, 2008, 2004, 2000, 1997, 1993, 1990",persistent,Back to life,1993,Fix as missing
333,UP2A25_5298,UP2A,25,5298,BETNEO,1990,1993,2000,"2023, 2018, 2008, 2004, 2000, 1997, 1993, 1990",persistent,Back to life,1993,Fix as missing
334,UP2A25_5299,UP2A,25,5299,BETNEO,1990,1993,2000,"2023, 2018, 2008, 2004, 2000, 1997, 1993, 1990",dead,Back to life (and death),1993,Fix as missing
335,UP2A25_5300,UP2A,25,5300,PICGLA,1990,1993,2000,"2023, 2018, 2008, 2004, 2000, 1997, 1993, 1990",persistent,Back to life,1993,Fix as missing
336,UP2A25_5301,UP2A,25,5301,BETNEO,1990,1993,2000,"2023, 2018, 2008, 2004, 2000, 1997, 1993, 1990",persistent,Back to life,1993,Fix as missing
337,UP2A25_5302,UP2A,25,5302,BETNEO,1990,1993,2000,"2023, 2018, 2008, 2004, 2000, 1997, 1993, 1990",persistent,Back to life,1993,Fix as missing
338,UP2A25_5303,UP2A,25,5303,BETNEO,1990,1993,2000,"2023, 2018, 2008, 2004, 2000, 1997, 1993, 1990",persistent,Back to life,1993,Fix as missing
339,UP2A25_5304,UP2A,25,5304,BETNEO,1990,1993,2000,"2023, 2018, 2008, 2004, 2000, 1997, 1993, 1990",persistent,Back to life,1993,Fix as missing
340,UP2A25_5305,UP2A,25,5305,BETNEO,1990,1993,2000,"2023, 2018, 2008, 2004, 2000, 1997, 1993, 1990",persistent,Back to life,1993,Fix as missing
341,UP2A25_5306,UP2A,25,5306,BETNEO,1990,1993,2000,"2023, 2018, 2008, 2004, 2000, 1997, 1993, 1990",dead,Back to life (and death),1993,Fix as missing
342,UP2A25_5307,UP2A,25,5307,BETNEO,1990,1993,2000,"2023, 2018, 2008, 2004, 2000, 1997, 1993, 1990",persistent,Back to life,1993,Fix as missing
343,UP2A25_5308,UP2A,25,5308,BETNEO,1990,1993,2000,"2023, 2018, 2008, 2004, 2000, 1997, 1993, 1990",persistent,Back to life,1993,Fix as missing
344,UP2A25_5309,UP2A,25,5309,PICGLA,1990,1993,2000,"2023, 2018, 2008, 2004, 2000, 1997, 1993, 1990",persistent,Back to life,1993,Fix as missing
345,UP2A25_5311,UP2A,25,5311,BETNEO,1990,1993,2000,"2023, 2018, 2008, 2004, 2000, 1997, 1993, 1990",dead,Back to life (and death),1993,Fix as missing
346,UP2A25_5313,UP2A,25,5313,BETNEO,1990,1993,2000,"2023, 2018, 2008, 2004, 2000, 1997, 1993, 1990",dead,Back to life (and death),1993,Fix as missing
347,UP2A25_5314,UP2A,25,5314,PICGLA,1990,1993,2000,"2023, 2018, 2008, 2004, 2000, 1997, 1993, 1990",persistent,Back to life,1993,Fix as missing
348,UP2A25_5315,UP2A,25,5315,PICGLA,1990,1993,2000,"2023, 2018, 2008, 2004, 2000, 1997, 1993, 1990",persistent,Back to life,1993,Fix as missing
349,UP2A25_5316,UP2A,25,5316,BETNEO,1990,1993,2000,"2023, 2018, 2008, 2004, 2000, 1997, 1993, 1990",persistent,Back to life,1993,Fix as missing
350,UP2A25_5317,UP2A,25,5317,BETNEO,1990,1993,2000,"2023, 2018, 2008, 2004, 2000, 1997, 1993, 1990",dead,Back to life (and death),1993,Fix as missing
351,UP2A25_5318,UP2A,25,5318,BETNEO,1990,1993,2000,"2023, 2018, 2008, 2004, 2000, 1997, 1993, 1990",persistent,Back to life,1993,Fix as missing
352,UP2A25_5319,UP2A,25,5319,BETNEO,1990,1993,2000,"2023, 2018, 2008, 2004, 2000, 1997, 1993, 1990",dead,Back to life (and death),1993,Fix as missing
353,UP2A25_5320,UP2A,25,5320,BETNEO,1990,1993,2000,"2023, 2018, 2008, 2004, 2000, 1997, 1993, 1990",persistent,Back to life,1993,Fix as missing
354,UP2A25_785,UP2A,25,785,PICGLA,1990,1993,2000,"2023, 2018, 2008, 2004, 2000, 1997, 1993, 1990",persistent,Back to life,1993,Fix as missing
355,UP2A26_1085,UP2A,26,1085,PICGLA,1990,1993,1997,"2023, 2018, 2008, 2004, 2000, 1997, 1993, 1990",persistent,Back to life,1993,Fix as missing
356,UP2A26_1086,UP2A,26,1086,PICGLA,1990,1993,1997,"2023, 2018, 2008, 2004, 2000, 1997, 1993, 1990",persistent,Back to life,1993,Fix as missing
357,UP2A26_1092,UP2A,26,1092,BETNEO,1990,1993,1997,"2023, 2018, 2008, 2004, 2000, 1997, 1993, 1990",persistent,Back to life,1993,Fix as missing
358,UP2A26_789,UP2A,26,789,PICGLA,1990,1993,1997,"2023, 2018, 2008, 2004, 2000, 1997, 1993, 1990",persistent,Back to life,1993,Fix as missing
359,UP2A27_1087,UP2A,27,1087,BETNEO,1990,1993,1997,"2023, 2018, 2008, 2004, 2000, 1997, 1993, 1990",persistent,Back to life,1993,Fix as missing
360,UP2A27_1088,UP2A,27,1088,PICGLA,1990,1993,1997,"2023, 2018, 2008, 2004, 2000, 1997, 1993, 1990",persistent,Back to life,1993,Fix as missing
361,UP2A27_1089,UP2A,27,1089,BETNEO,1990,1993,1997,"2023, 2018, 2008, 2004, 2000, 1997, 1993, 1990",persistent,Back to life,1993,Fix as missing
362,UP2A27_1090,UP2A,27,1090,PICGLA,1990,1993,1997,"2023, 2018, 2008, 2004, 2000, 1997, 1993, 1990",persistent,Back to life,1993,Fix as missing
363,UP2A27_1091,UP2A,27,1091,PICGLA,1990,1993,1997,"2023, 2018, 2008, 2004, 2000, 1997, 1993, 1990",persistent,Back to life,1993,Fix as missing
364,UP2A27_1093,UP2A,27,1093,PICGLA,1990,1993,2000,"2023, 2018, 2008, 2004, 2000, 1997, 1993, 1990",persistent,Back to life,1993,Fix as missing
365,UP2A27_1094,UP2A,27,1094,PICGLA,1990,1993,1997,"2023, 2018, 2008, 2004, 2000, 1997, 1993, 1990",persistent,Back to life,1993,Fix as missing
366,UP2A27_1101,UP2A,27,1101,BETNEO,1990,1993,1997,"2023, 2018, 2008, 2004, 2000, 1997, 1993, 1990",persistent,Back to life,1993,Fix as missing
367,UP2A28_1102,UP2A,28,1102,BETNEO,1990,1993,1997,"2023, 2018, 2008, 2004, 2000, 1997, 1993, 1990",persistent,Back to life,1993,Fix as missing
368,UP2A28_1104,UP2A,28,1104,BETNEO,1990,1993,1997,"2023, 2018, 2008, 2004, 2000, 1997, 1993, 1990",persistent,Back to life,1993,Fix as missing
369,UP2A28_1273,UP2A,28,1273,BETNEO,1990,1993,1997,"2023, 2018, 2008, 2004, 2000, 1997, 1993, 1990",persistent,Back to life,1993,Fix as missing
370,UP2A28_1275,UP2A,28,1275,BETNEO,1990,1993,1997,"2023, 2018, 2008, 2004, 2000, 1997, 1993, 1990",persistent,Back to life,1993,Fix as missing
371,UP2A28_1276,UP2A,28,1276,BETNEO,1990,1993,1997,"2023, 2018, 2008, 2004, 2000, 1997, 1993, 1990",persistent,Back to life,1993,Fix as missing
372,UP2A28_1277,UP2A,28,1277,BETNEO,1990,1993,1997,"2023, 2018, 2008, 2004, 2000, 1997, 1993, 1990",persistent,Back to life,1993,Fix as missing
373,UP2A28_1278,UP2A,28,1278,PICGLA,1990,1993,1997,"2023, 2018, 2008, 2004, 2000, 1997, 1993, 1990",persistent,Back to life,1993,Fix as missing
374,UP2A28_1279,UP2A,28,1279,PICGLA,1990,1993,1997,"2023, 2018, 2008, 2004, 2000, 1997, 1993, 1990",persistent,Back to life,1993,Fix as missing
375,UP2A28_1280,UP2A,28,1280,PICGLA,1990,1993,1997,"2023, 2018, 2008, 2004, 2000, 1997, 1993, 1990",persistent,Back to life,1993,Fix as missing
376,UP2A29_1282,UP2A,29,1282,PICGLA,1990,1993,1997,"2023, 2018, 2008, 2004, 2000, 1997, 1993, 1990",persistent,Back to life,1993,Fix as missing
377,UP2A29_1283,UP2A,29,1283,PICGLA,1990,1993,1997,"2023, 2018, 2008, 2004, 2000, 1997, 1993, 1990",persistent,Back to life,1993,Fix as missing
378,UP2A29_1284,UP2A,29,1284,PICGLA,1990,1993,1997,"2023, 2018, 2008, 2004, 2000, 1997, 1993, 1990",persistent,Back to life,1993,Fix as missing
379,UP2A29_1289,UP2A,29,1289,PICGLA,1990,1993,1997,"2023, 2018, 2008, 2004, 2000, 1997, 1993, 1990",persistent,Back to life,1993,Fix as missing
380,UP2A29_1290,UP2A,29,1290,PICGLA,1990,1993,1997,"2023, 2018, 2008, 2004, 2000, 1997, 1993, 1990",persistent,Back to life,1993,Fix as missing
381,UP2A29_1291,UP2A,29,1291,PICGLA,1990,1993,1997,"2023, 2018, 2008, 2004, 2000, 1997, 1993, 1990",persistent,Back to life,1993,Fix as missing
382,UP2A29_1292,UP2A,29,1292,PICGLA,1990,1993,1997,"2023, 2018, 2008, 2004, 2000, 1997, 1993, 1990",persistent,Back to life,1993,Fix as missing
383,UP2A29_1293,UP2A,29,1293,BETNEO,1990,1993,1997,"2023, 2018, 2008, 2004, 2000, 1997, 1993, 1990",persistent,Back to life,1993,Fix as missing
384,UP2A29_1294,UP2A,29,1294,PICGLA,1990,1993,1997,"2023, 2018, 2008, 2004, 2000, 1997, 1993, 1990",persistent,Back to life,1993,Fix as missing
385,UP2A29_1296,UP2A,29,1296,BETNEO,1990,1993,1997,"2023, 2018, 2008, 2004, 2000, 1997, 1993, 1990",persistent,Back to life,1993,Fix as missing
386,UP2A29_808,UP2A,29,808,PICGLA,1990,1993,1997,"2023, 2018, 2008, 2004, 2000, 1997, 1993, 1990",persistent,Back to life,1993,Fix as missing
387,UP2A3_1111,UP2A,3,1111,POPBAL,1990,2000,2023,"2023, 2018, 2008, 2004, 2000, 1997, 1993, 1990",dead,Back to life (and death),2000,Fix as missing
388,UP2A3_5699,UP2A,3,5699,PICGLA,1990,1997,2000,"2023, 2018, 2008, 2004, 2000, 1997, 1993, 1990",persistent,Back to life,1997,Fix as missing
389,UP2A30_1295,UP2A,30,1295,PICGLA,1990,1993,1997,"2023, 2018, 2008, 2004, 2000, 1997, 1993, 1990",persistent,Back to life,1993,Fix as missing
390,UP2A30_1298,UP2A,30,1298,PICGLA,1990,1993,1997,"2023, 2018, 2008, 2004, 2000, 1997, 1993, 1990",persistent,Back to life,1993,Fix as missing
391,UP2A31_1300,UP2A,31,1300,PICGLA,1990,1993,1997,"2023, 2018, 2008, 2004, 2000, 1997, 1993, 1990",persistent,Back to life,1993,Fix as missing
392,UP2A31_1311,UP2A,31,1311,POPBAL,1990,1993,1997,"2023, 2018, 2008, 2004, 2000, 1997, 1993, 1990",persistent,Back to life,1993,Fix as missing
393,UP2A31_1312,UP2A,31,1312,BETNEO,1990,1993,1997,"2023, 2018, 2008, 2004, 2000, 1997, 1993, 1990",persistent,Back to life,1993,Fix as missing
394,UP2A31_1314,UP2A,31,1314,PICGLA,1990,1993,1997,"2023, 2018, 2008, 2004, 2000, 1997, 1993, 1990",persistent,Back to life,1993,Fix as missing
395,UP2A32_1316,UP2A,32,1316,BETNEO,1990,1993,1997,"2023, 2018, 2008, 2004, 2000, 1997, 1993, 1990",persistent,Back to life,1993,Fix as missing
396,UP2A32_1324,UP2A,32,1324,BETNEO,1990,1993,1997,"2023, 2018, 2008, 2004, 2000, 1997, 1993, 1990",persistent,Back to life,1993,Fix as missing
397,UP2A32_1325,UP2A,32,1325,BETNEO,1990,1993,1997,"2023, 2018, 2008, 2004, 2000, 1997, 1993, 1990",persistent,Back to life,1993,Fix as missing
398,UP2A32_1327,UP2A,32,1327,BETNEO,1990,1993,1997,"2023, 2018, 2008, 2004, 2000, 1997, 1993, 1990",persistent,Back to life,1993,Fix as missing
399,UP2A32_1328,UP2A,32,1328,BETNEO,1990,1993,1997,"2023, 2018, 2008, 2004, 2000, 1997, 1993, 1990",persistent,Back to life,1993,Fix as missing
400,UP2A33_1329,UP2A,33,1329,BETNEO,1990,1993,1997,"2023, 2018, 2008, 2004, 2000, 1997, 1993, 1990",persistent,Back to life,1993,Fix as missing
401,UP2A33_1330,UP2A,33,1330,BETNEO,1990,1993,1997,"2023, 2018, 2008, 2004, 2000, 1997, 1993, 1990",persistent,Back to life,1993,Fix as missing
402,UP2A33_1343,UP2A,33,1343,BETNEO,1990,1993,1997,"2023, 2018, 2008, 2004, 2000, 1997, 1993, 1990",persistent,Back to life,1993,Fix as missing
403,UP2A34_1344,UP2A,34,1344,BETNEO,1990,1993,1997,"2023, 2018, 2008, 2004, 2000, 1997, 1993, 1990",persistent,Back to life,1993,Fix as missing
404,UP2A34_1345,UP2A,34,1345,BETNEO,1990,1993,1997,"2023, 2018, 2008, 2004, 2000, 1997, 1993, 1990",persistent,Back to life,1993,Fix as missing
405,UP2A34_1346,UP2A,34,1346,PICGLA,1990,1993,1997,"2023, 2018, 2008, 2004, 2000, 1997, 1993, 1990",persistent,Back to life,1993,Fix as missing
406,UP2A34_1354,UP2A,34,1354,BETNEO,1990,1993,1997,"2023, 2018, 2008, 2004, 2000, 1997, 1993, 1990",persistent,Back to life,1993,Fix as missing
407,UP2A34_1355,UP2A,34,1355,BETNEO,1990,1993,1997,"2023, 2018, 2008, 2004, 2000, 1997, 1993, 1990",persistent,Back to life,1993,Fix as missing
408,UP2A34_1356,UP2A,34,1356,PICGLA,1990,1993,1997,"2023, 2018, 2008, 2004, 2000, 1997, 1993, 1990",persistent,Back to life,1993,Fix as missing
409,UP2A35_1358,UP2A,35,1358,BETNEO,1990,1993,1997,"2023, 2018, 2008, 2004, 2000, 1997, 1993, 1990",persistent,Back to life,1993,Fix as missing
410,UP2A35_1359,UP2A,35,1359,PICGLA,1990,1993,1997,"2023, 2018, 2008, 2004, 2000, 1997, 1993, 1990",persistent,Back to life,1993,Fix as missing
411,UP2A35_1360,UP2A,35,1360,BETNEO,1990,1993,1997,"2023, 2018, 2008, 2004, 2000, 1997, 1993, 1990",persistent,Back to life,1993,Fix as missing
412,UP2A35_1361,UP2A,35,1361,PICGLA,1990,1993,1997,"2023, 2018, 2008, 2004, 2000, 1997, 1993, 1990",persistent,Back to life,1993,Fix as missing
413,UP2A35_1362,UP2A,35,1362,BETNEO,1990,1993,1997,"2023, 2018, 2008, 2004, 2000, 1997, 1993, 1990",persistent,Back to life,1993,Fix as missing
414,UP2A36_1184,UP2A,36,1184,PICGLA,1990,1993,1997,"2023, 2018, 2008, 2004, 2000, 1997, 1993, 1990",persistent,Back to life,1993,Fix as missing
415,UP2A36_1185,UP2A,36,1185,BETNEO,1990,1993,1997,"2023, 2018, 2008, 2004, 2000, 1997, 1993, 1990",persistent,Back to life,1993,Fix as missing
416,UP2A36_1186,UP2A,36,1186,BETNEO,1990,1993,1997,"2023, 2018, 2008, 2004, 2000, 1997, 1993, 1990",persistent,Back to life,1993,Fix as missing
417,UP2A36_1187,UP2A,36,1187,BETNEO,1990,1993,1997,"2023, 2018, 2008, 2004, 2000, 1997, 1993, 1990",persistent,Back to life,1993,Fix as missing
418,UP2A36_1195,UP2A,36,1195,BETNEO,1990,1993,1997,"2023, 2018, 2008, 2004, 2000, 1997, 1993, 1990",persistent,Back to life,1993,Fix as missing
419,UP2A36_1347,UP2A,36,1347,BETNEO,1990,1993,1997,"2023, 2018, 2008, 2004, 2000, 1997, 1993, 1990",persistent,Back to life,1993,Fix as missing
420,UP2A36_1363,UP2A,36,1363,BETNEO,1990,1993,1997,"2023, 2018, 2008, 2004, 2000, 1997, 1993, 1990",persistent,Back to life,1993,Fix as missing
421,UP2A36_823,UP2A,36,823,PICGLA,1990,1993,1997,"2023, 2018, 2008, 2004, 2000, 1997, 1993, 1990",persistent,Back to life,1993,Fix as missing
422,UP2A37_1162,UP2A,37,1162,PICGLA,1990,1993,1997,"2023, 2018, 2008, 2004, 2000, 1997, 1993, 1990",persistent,Back to life,1993,Fix as missing
423,UP2A37_1167,UP2A,37,1167,BETNEO,1990,1993,1997,"2023, 2018, 2008, 2004, 2000, 1997, 1993, 1990",persistent,Back to life,1993,Fix as missing
424,UP2A37_1168,UP2A,37,1168,BETNEO,1990,1993,1997,"2023, 2018, 2008, 2004, 2000, 1997, 1993, 1990",persistent,Back to life,1993,Fix as missing
425,UP2A37_1190,UP2A,37,1190,BETNEO,1990,1993,1997,"2023, 2018, 2008, 2004, 2000, 1997, 1993, 1990",persistent,Back to life,1993,Fix as missing
426,UP2A37_1191,UP2A,37,1191,BETNEO,1990,1993,1997,"2023, 2018, 2008, 2004, 2000, 1997, 1993, 1990",persistent,Back to life,1993,Fix as missing
427,UP2A37_1192,UP2A,37,1192,BETNEO,1990,1993,1997,"2023, 2018, 2008, 2004, 2000, 1997, 1993, 1990",persistent,Back to life,1993,Fix as missing
428,UP2A37_1193,UP2A,37,1193,PICGLA,1990,1993,1997,"2023, 2018, 2008, 2004, 2000, 1997, 1993, 1990",persistent,Back to life,1993,Fix as missing
429,UP2A37_1194,UP2A,37,1194,BETNEO,1990,1993,1997,"2023, 2018, 2008, 2004, 2000, 1997, 1993, 1990",persistent,Back to life,1993,Fix as missing
430,UP2A37_1195,UP2A,37,1195,BETNEO,1990,1993,1997,"2023, 2018, 2008, 2004, 2000, 1997, 1993, 1990",persistent,Back to life,1993,Fix as missing
431,UP2A37_1196,UP2A,37,1196,BETNEO,1990,1993,1997,"2023, 2018, 2008, 2004, 2000, 1997, 1993, 1990",persistent,Back to life,1993,Fix as missing
432,UP2A37_1197,UP2A,37,1197,BETNEO,1990,1993,1997,"2023, 2018, 2008, 2004, 2000, 1997, 1993, 1990",persistent,Back to life,1993,Fix as missing
433,UP2A37_828,UP2A,37,828,PICGLA,1990,1993,1997,"2023, 2018, 2008, 2004, 2000, 1997, 1993, 1990",persistent,Back to life,1993,Fix as missing
434,UP2A37_829,UP2A,37,829,PICGLA,1990,1993,1997,"2023, 2018, 2008, 2004, 2000, 1997, 1993, 1990",persistent,Back to life,1993,Fix as missing
435,UP2A38_1002,UP2A,38,1002,BETNEO,1990,1993,1997,"2023, 2018, 2008, 2004, 2000, 1997, 1993, 1990",persistent,Back to life,1993,Fix as missing
436,UP2A38_1004,UP2A,38,1004,PICGLA,1990,1993,1997,"2023, 2018, 2008, 2004, 2000, 1997, 1993, 1990",persistent,Back to life,1993,Fix as missing
437,UP2A38_1005,UP2A,38,1005,PICGLA,1990,1993,1997,"2023, 2018, 2008, 2004, 2000, 1997, 1993, 1990",persistent,Back to life,1993,Fix as missing
438,UP2A38_834,UP2A,38,834,PICGLA,1990,1993,1997,"2023, 2018, 2008, 2004, 2000, 1997, 1993, 1990",persistent,Back to life,1993,Fix as missing
439,UP2A38_835,UP2A,38,835,PICGLA,1990,1993,1997,"2023, 2018, 2008, 2004, 2000, 1997, 1993, 1990",persistent,Back to life,1993,Fix as missing
440,UP2A4_104,UP2A,4,104,PICGLA,1990,2004,2018,"2023, 2018, 2008, 2004, 2000, 1997, 1993, 1990",persistent,Back to life,2004,Fix as missing
441,UP2A4_2802,UP2A,4,2802,PICGLA,1990,2008,2023,"2023, 2018, 2008, 2004, 2000, 1997, 1993, 1990",persistent,Back to life,2008,Fix as missing
442,UP2A6_1105,UP2A,6,1105,BETNEO,1990,2000,2018,"2023, 2018, 2008, 2004, 2000, 1997, 1993, 1990",dead,Back to life (and death),"2000, 2004",Fix as missing
443,UP2A6_1123,UP2A,6,1123,PICGLA,1990,2018,2023,"2023, 2018, 2008, 2004, 2000, 1997, 1993, 1990",persistent,Back to life,2018,Fix as missing
444,UP2A6_4666,UP2A,6,4666,BETNEO,1990,1993,2008,"2023, 2018, 2008, 2004, 2000, 1997, 1993, 1990",dead,Back to life (and death),"1993, 1997",Fix as missing
445,UP2A6_4668,UP2A,6,4668,PICGLA,1990,1997,2023,"2023, 2018, 2008, 2004, 2000, 1997, 1993, 1990",persistent,Back to life,"1997, 2000",Fix as missing
446,UP2B2_105,UP2B,2,105,PICGLA,1989,2004,2008,"2023, 2018, 2008, 2004, 2000, 1997, 1993, 1989",persistent,Back to life,2004,Fix as missing
447,UP2B8_140,UP2B,8,140,BETNEO,1989,2004,2018,"2023, 2018, 2008, 2004, 2000, 1997, 1993, 1989",dead,Back to life (and death),2004,Fix as missing
448,UP2B8_185,UP2B,8,185,BETNEO,1997,2004,2018,"2023, 2018, 2008, 2004, 2000, 1997, 1993, 1989",dead,Back to life (and death),2004,Fix as missing
449,UP2B8_2925,UP2B,8,2925,PICGLA,1997,2004,2023,"2023, 2018, 2008, 2004, 2000, 1997, 1993, 1989",persistent,Back to life,2004,Fix as missing
450,UP2B8_2926,UP2B,8,2926,PICGLA,1997,2004,2023,"2023, 2018, 2008, 2004, 2000, 1997, 1993, 1989",persistent,Back to life,2004,Fix as missing
451,UP2C1_2813,UP2C,1,2813,PICGLA,1989,1993,2023,"2023, 2018, 2008, 2004, 2000, 1997, 1993, 1989",persistent,Back to life,1993,Fix as missing
452,UP2C11_576,UP2C,11,576,BETNEO,1989,1993,2018,"2023, 2018, 2008, 2004, 2000, 1997, 1993, 1989",persistent,Back to life,"1993, 1997",Fix as missing
453,UP2C12_2827,UP2C,12,2827,PICGLA,1989,1993,2023,"2023, 2018, 2008, 2004, 2000, 1997, 1993, 1989",persistent,Back to life,1993,Fix as missing
454,UP2C13_2828,UP2C,13,2828,PICGLA,1989,1993,2023,"2023, 2018, 2008, 2004, 2000, 1997, 1993, 1989",persistent,Back to life,1993,Fix as missing
455,UP2C14_2829,UP2C,14,2829,PICGLA,1989,1993,2023,"2023, 2018, 2008, 2004, 2000, 1997, 1993, 1989",persistent,Back to life,1993,Fix as missing
456,UP2C3_2815,UP2C,3,2815,PICGLA,1989,1997,2023,"2023, 2018, 2008, 2004, 2000, 1997, 1993, 1989",persistent,Back to life,1997,Fix as missing
457,UP2C3_2817,UP2C,3,2817,PICGLA,1989,1997,2023,"2023, 2018, 2008, 2004, 2000, 1997, 1993, 1989",persistent,Back to life,1997,Fix as missing
458,UP2C6_2819,UP2C,6,2819,PICGLA,1989,1993,2023,"2023, 2018, 2008, 2004, 2000, 1997, 1993, 1989",persistent,Back to life,1993,Fix as missing
459,UP2C6_2821,UP2C,6,2821,PICGLA,1989,1993,2023,"2023, 2018, 2008, 2004, 2000, 1997, 1993, 1989",persistent,Back to life,1993,Fix as missing
460,UP2C7_549,UP2C,7,549,PICGLA,1989,1993,2023,"2023, 2018, 2008, 2004, 2000, 1997, 1993, 1989",persistent,Back to life,1993,Fix as missing
461,UP2C9_2824,UP2C,9,2824,PICGLA,1989,1993,2023,"2023, 2018, 2008, 2004, 2000, 1997, 1993, 1989",persistent,Back to life,"1993, 1997",Fix as missing
462,UP3A11_254,UP3A,11,254,BETNEO,1990,1993,2008,"2023, 2018, 2008, 2004, 2000, 1997, 1993, 1990",persistent,Back to life,1993,Fix as missing
463,UP3A11_255,UP3A,11,255,BETNEO,1990,1993,2023,"2023, 2018, 2008, 2004, 2000, 1997, 1993, 1990",persistent,Back to life,1993,Fix as missing
464,UP3A11_256,UP3A,11,256,BETNEO,1990,1993,2023,"2023, 2018, 2008, 2004, 2000, 1997, 1993, 1990",persistent,Back to life,1993,Fix as missing
465,UP3A11_614,UP3A,11,614,BETNEO,1990,1993,2008,"2023, 2018, 2008, 2004, 2000, 1997, 1993, 1990",dead,Back to life (and death),1993,Fix as missing
466,UP3A11_615,UP3A,11,615,BETNEO,1990,1993,2000,"2023, 2018, 2008, 2004, 2000, 1997, 1993, 1990",dead,Back to life (and death),1993,Fix as missing
467,UP3A11_616,UP3A,11,616,BETNEO,1990,1993,2008,"2023, 2018, 2008, 2004, 2000, 1997, 1993, 1990",dead,Back to life (and death),1993,Fix as missing
468,UP3A11_618,UP3A,11,618,BETNEO,1990,1993,2000,"2023, 2018, 2008, 2004, 2000, 1997, 1993, 1990",dead,Back to life (and death),1993,Fix as missing
469,UP3A11_619,UP3A,11,619,BETNEO,1990,1993,2008,"2023, 2018, 2008, 2004, 2000, 1997, 1993, 1990",dead,Back to life (and death),1993,Fix as missing
470,UP3A11_621,UP3A,11,621,BETNEO,1990,1993,2008,"2023, 2018, 2008, 2004, 2000, 1997, 1993, 1990",dead,Back to life (and death),1993,Fix as missing
471,UP3A12_1603,UP3A,12,1603,PICGLA,1990,2000,2008,"2023, 2018, 2008, 2004, 2000, 1997, 1993, 1990",dead,Back to life (and death),2000,Fix as missing
472,UP3A12_257,UP3A,12,257,BETNEO,1990,1993,2008,"2023, 2018, 2008, 2004, 2000, 1997, 1993, 1990",dead,Back to life (and death),1993,Fix as missing
473,UP3A12_258,UP3A,12,258,BETNEO,1990,1993,2023,"2023, 2018, 2008, 2004, 2000, 1997, 1993, 1990",persistent,Back to life,1993,Fix as missing
474,UP3A12_622,UP3A,12,622,BETNEO,1990,1993,2000,"2023, 2018, 2008, 2004, 2000, 1997, 1993, 1990",dead,Back to life (and death),1993,Fix as missing
475,UP3A12_624,UP3A,12,624,BETNEO,1990,1993,2008,"2023, 2018, 2008, 2004, 2000, 1997, 1993, 1990",dead,Back to life (and death),1993,Fix as missing
476,UP3A14_626,UP3A,14,626,POPTRE,1990,1993,2000,"2023, 2018, 2008, 2004, 2000, 1997, 1993, 1990",dead,Back to life (and death),1993,Fix as missing
477,UP3A14_627,UP3A,14,627,POPTRE,1990,1993,2000,"2023, 2018, 2008, 2004, 2000, 1997, 1993, 1990",dead,Back to life (and death),1993,Fix as missing
478,UP3A14_630,UP3A,14,630,POPTRE,1990,1993,2008,"2023, 2018, 2008, 2004, 2000, 1997, 1993, 1990",dead,Back to life (and death),1993,Fix as missing
479,UP3A14_631,UP3A,14,631,POPTRE,1990,1993,2008,"2023, 2018, 2008, 2004, 2000, 1997, 1993, 1990",dead,Back to life (and death),1993,Fix as missing
480,UP3A14_634,UP3A,14,634,POPTRE,1990,1993,2008,"2023, 2018, 2008, 2004, 2000, 1997, 1993, 1990",dead,Back to life (and death),1993,Fix as missing
481,UP3A14_635,UP3A,14,635,POPTRE,1990,1993,2008,"2023, 2018, 2008, 2004, 2000, 1997, 1993, 1990",dead,Back to life (and death),1993,Fix as missing
482,UP3A14_822,UP3A,14,822,POPTRE,1990,1993,2008,"2023, 2018, 2008, 2004, 2000, 1997, 1993, 1990",dead,Back to life (and death),1993,Fix as missing
483,UP3A2_602,UP3A,2,602,BETNEO,1990,1993,2008,"2023, 2018, 2008, 2004, 2000, 1997, 1993, 1990",persistent,Back to life,1993,Fix as missing
484,UP3A2_6546,UP3A,2,6546,BETNEO,1990,1993,2023,"2023, 2018, 2008, 2004, 2000, 1997, 1993, 1990",persistent,Back to life,1993,Fix as missing
485,UP3A2_6547,UP3A,2,6547,BETNEO,1990,1993,2023,"2023, 2018, 2008, 2004, 2000, 1997, 1993, 1990",persistent,Back to life,1993,Fix as missing
486,UP3A2_6548,UP3A,2,6548,BETNEO,1990,1993,2023,"2023, 2018, 2008, 2004, 2000, 1997, 1993, 1990",persistent,Back to life,1993,Fix as missing
487,UP3A2_6549,UP3A,2,6549,BETNEO,1990,1993,2023,"2023, 2018, 2008, 2004, 2000, 1997, 1993, 1990",persistent,Back to life,1993,Fix as missing
488,UP3A26_243,UP3A,26,243,BETNEO,1990,1993,2023,"2023, 2018, 2008, 2004, 2000, 1997, 1993, 1990",persistent,Back to life,"1993, 2008",Fix as missing
489,UP3A26_244,UP3A,26,244,BETNEO,1990,1993,2023,"2023, 2018, 2008, 2004, 2000, 1997, 1993, 1990",missing,Back to life (and death),"1993, 2008",Fix as missing
490,UP3A29_245,UP3A,29,245,BETNEO,1990,1993,2023,"2023, 2018, 2008, 2004, 2000, 1997, 1993, 1990",persistent,Back to life,"1993, 1997",Fix as missing
491,UP3A29_669,UP3A,29,669,BETNEO,1990,1993,2008,"2023, 2018, 2008, 2004, 2000, 1997, 1993, 1990",dead,Back to life (and death),"1993, 1997",Fix as missing
492,UP3A3_3698,UP3A,3,3698,BETNEO,1990,1993,2023,"2023, 2018, 2008, 2004, 2000, 1997, 1993, 1990",persistent,Back to life,1993,Fix as missing
493,UP3A3_3699,UP3A,3,3699,BETNEO,1990,1993,2023,"2023, 2018, 2008, 2004, 2000, 1997, 1993, 1990",persistent,Back to life,1993,Fix as missing
494,UP3A3_6539,UP3A,3,6539,BETNEO,1990,1993,2023,"2023, 2018, 2008, 2004, 2000, 1997, 1993, 1990",persistent,Back to life,1993,Fix as missing
495,UP3A3_6540,UP3A,3,6540,BETNEO,1990,1993,2023,"2023, 2018, 2008, 2004, 2000, 1997, 1993, 1990",persistent,Back to life,1993,Fix as missing
496,UP3A30_4085,UP3A,30,4085,PICGLA,1990,2000,2008,"2023, 2018, 2008, 2004, 2000, 1997, 1993, 1990",dead,Back to life (and death),2000,Fix as missing
497,UP3A31_774,UP3A,31,774,POPTRE,1990,1993,2008,"2023, 2018, 2008, 2004, 2000, 1997, 1993, 1990",dead,Back to life (and death),1993,Fix as missing
498,UP3A32_248,UP3A,32,248,BETNEO,1990,1993,2023,"2023, 2018, 2008, 2004, 2000, 1997, 1993, 1990",persistent,Back to life,1993,Fix as missing
499,UP3A33_249,UP3A,33,249,BETNEO,1990,1993,2023,"2023, 2018, 2008, 2004, 2000, 1997, 1993, 1990",persistent,Back to life,1993,Fix as missing
500,UP3A33_250,UP3A,33,250,BETNEO,1990,1993,2023,"2023, 2018, 2008, 2004, 2000, 1997, 1993, 1990",persistent,Back to life,"1993, 2000",Fix as missing
501,UP3A33_798,UP3A,33,798,BETNEO,1990,1993,2023,"2023, 2018, 2008, 2004, 2000, 1997, 1993, 1990",persistent,Back to life,"1993, 2008",Fix as missing
502,UP3A33_799,UP3A,33,799,BETNEO,1990,1993,2023,"2023, 2018, 2008, 2004, 2000, 1997, 1993, 1990",persistent,Back to life,"1993, 2008",Fix as missing
503,UP3A33_802,UP3A,33,802,BETNEO,1990,1993,2008,"2023, 2018, 2008, 2004, 2000, 1997, 1993, 1990",dead,Back to life (and death),1993,Fix as missing
504,UP3A34_803,UP3A,34,803,BETNEO,1990,1993,2008,"2023, 2018, 2008, 2004, 2000, 1997, 1993, 1990",dead,Back to life (and death),1993,Fix as missing
505,UP3A34_804,UP3A,34,804,BETNEO,1990,1993,2008,"2023, 2018, 2008, 2004, 2000, 1997, 1993, 1990",dead,Back to life (and death),1993,Fix as missing
506,UP3A35_251,UP3A,35,251,BETNEO,1990,1993,2023,"2023, 2018, 2008, 2004, 2000, 1997, 1993, 1990",persistent,Back to life,1993,Fix as missing
507,UP3A35_252,UP3A,35,252,BETNEO,1990,1993,2023,"2023, 2018, 2008, 2004, 2000, 1997, 1993, 1990",persistent,Back to life,1993,Fix as missing
508,UP3A35_253,UP3A,35,253,BETNEO,1990,1993,2023,"2023, 2018, 2008, 2004, 2000, 1997, 1993, 1990",persistent,Back to life,1993,Fix as missing
509,UP3A35_4513,UP3A,35,4513,PICGLA,1990,2000,2008,"2023, 2018, 2008, 2004, 2000, 1997, 1993, 1990",dead,Back to life (and death),2000,Fix as missing
510,UP3A35_806,UP3A,35,806,BETNEO,1990,1993,2000,"2023, 2018, 2008, 2004, 2000, 1997, 1993, 1990",dead,Back to life (and death),1993,Fix as missing
511,UP3A36_810,UP3A,36,810,BETNEO,1990,1993,2000,"2023, 2018, 2008, 2004, 2000, 1997, 1993, 1990",dead,Back to life (and death),1993,Fix as missing
512,UP3A38_241,UP3A,38,241,BETNEO,1990,1993,2023,"2023, 2018, 2008, 2004, 2000, 1997, 1993, 1990",persistent,Back to life,1993,Fix as missing
513,UP3A38_242,UP3A,38,242,BETNEO,1990,1993,2023,"2023, 2018, 2008, 2004, 2000, 1997, 1993, 1990",persistent,Back to life,1993,Fix as missing
514,UP3A38_814,UP3A,38,814,POPTRE,1990,1993,2008,"2023, 2018, 2008, 2004, 2000, 1997, 1993, 1990",dead,Back to life (and death),1993,Fix as missing
515,UP3A38_815,UP3A,38,815,POPTRE,1990,1993,2008,"2023, 2018, 2008, 2004, 2000, 1997, 1993, 1990",dead,Back to life (and death),1993,Fix as missing
516,UP3A38_820,UP3A,38,820,POPTRE,1990,1993,2000,"2023, 2018, 2008, 2004, 2000, 1997, 1993, 1990",dead,Back to life (and death),1993,Fix as missing
517,UP3A4_611,UP3A,4,611,BETNEO,1990,1993,2008,"2023, 2018, 2008, 2004, 2000, 1997, 1993, 1990",dead,Back to life (and death),1993,Fix as missing
518,UP3A4_612,UP3A,4,612,BETNEO,1990,1993,2008,"2023, 2018, 2008, 2004, 2000, 1997, 1993, 1990",dead,Back to life (and death),"1993, 2000",Fix as missing
519,UP3A7_267,UP3A,7,267,BETNEO,2004,2008,2023,"2023, 2018, 2008, 2004, 2000, 1997, 1993, 1990",persistent,Back to life,2008,Fix as missing
520,UP3B13_1433,UP3B,13,1433,BETNEO,1990,2004,2023,"2023, 2018, 2008, 2004, 2000, 1997, 1993, 1990",persistent,Back to life,"2004, 2008",Fix as missing
521,UP3B14_2940,UP3B,14,2940,BETNEO,1990,1993,2023,"2023, 2018, 2008, 2004, 2000, 1997, 1993, 1990",persistent,Back to life,1993,Fix as missing
522,UP3B14_622,UP3B,14,622,BETNEO,1990,1993,2008,"2023, 2018, 2008, 2004, 2000, 1997, 1993, 1990",dead,Back to life (and death),1993,Fix as missing
523,UP3B14_628,UP3B,14,628,BETNEO,1990,1993,2018,"2023, 2018, 2008, 2004, 2000, 1997, 1993, 1990",dead,Back to life (and death),1993,Fix as missing
524,UP3B14_629,UP3B,14,629,BETNEO,1990,1993,2018,"2023, 2018, 2008, 2004, 2000, 1997, 1993, 1990",dead,Back to life (and death),1993,Fix as missing
525,UP3B14_631,UP3B,14,631,BETNEO,1990,1993,2023,"2023, 2018, 2008, 2004, 2000, 1997, 1993, 1990",persistent,Back to life,1993,Fix as missing
526,UP3B24_4428,UP3B,24,4428,PICGLA,1990,1997,2023,"2023, 2018, 2008, 2004, 2000, 1997, 1993, 1990",persistent,Back to life,1997,Fix as missing
527,UP3B24_634,UP3B,24,634,BETNEO,1990,1993,2023,"2023, 2018, 2008, 2004, 2000, 1997, 1993, 1990",persistent,Back to life,1993,Fix as missing
528,UP3B26_635,UP3B,26,635,BETNEO,1990,1993,2023,"2023, 2018, 2008, 2004, 2000, 1997, 1993, 1990",persistent,Back to life,1993,Fix as missing
529,UP3B3_1383,UP3B,3,1383,PICGLA,1990,1997,2008,"2023, 2018, 2008, 2004, 2000, 1997, 1993, 1990",dead,Back to life (and death),1997,Fix as missing
530,UP3B30_636,UP3B,30,636,BETNEO,1990,1993,2008,"2023, 2018, 2008, 2004, 2000, 1997, 1993, 1990",dead,Back to life (and death),1993,Fix as missing
531,UP3B30_637,UP3B,30,637,BETNEO,1990,1993,2000,"2023, 2018, 2008, 2004, 2000, 1997, 1993, 1990",dead,Back to life (and death),1993,Fix as missing
532,UP3B31_638,UP3B,31,638,BETNEO,1990,1993,2023,"2023, 2018, 2008, 2004, 2000, 1997, 1993, 1990",persistent,Back to life,1993,Fix as missing
533,UP3B31_639,UP3B,31,639,BETNEO,1990,1993,2008,"2023, 2018, 2008, 2004, 2000, 1997, 1993, 1990",dead,Back to life (and death),1993,Fix as missing
534,UP3B33_643,UP3B,33,643,POPTRE,1990,1993,2018,"2023, 2018, 2008, 2004, 2000, 1997, 1993, 1990",dead,Back to life (and death),1993,Fix as missing
535,UP3B33_644,UP3B,33,644,POPTRE,1990,1993,2008,"2023, 2018, 2008, 2004, 2000, 1997, 1993, 1990",dead,Back to life (and death),1993,Fix as missing
536,UP3B34_2935,UP3B,34,2935,PICGLA,1990,1993,2023,"2023, 2018, 2008, 2004, 2000, 1997, 1993, 1990",persistent,Back to life,1993,Fix as missing
537,UP3B35_2937,UP3B,35,2937,PICGLA,1990,1993,2023,"2023, 2018, 2008, 2004, 2000, 1997, 1993, 1990",persistent,Back to life,1993,Fix as missing
538,UP3B35_647,UP3B,35,647,BETNEO,1990,1993,2018,"2023, 2018, 2008, 2004, 2000, 1997, 1993, 1990",dead,Back to life (and death),1993,Fix as missing
539,UP3B35_648,UP3B,35,648,BETNEO,1990,1993,2000,"2023, 2018, 2008, 2004, 2000, 1997, 1993, 1990",dead,Back to life (and death),1993,Fix as missing
540,UP3B36_651,UP3B,36,651,BETNEO,1990,1993,2018,"2023, 2018, 2008, 2004, 2000, 1997, 1993, 1990",dead,Back to life (and death),1993,Fix as missing
541,UP3B6_601,UP3B,6,601,PICGLA,1990,1993,2008,"2023, 2018, 2008, 2004, 2000, 1997, 1993, 1990",dead,Back to life (and death),1993,Fix as missing
542,UP3B6_602,UP3B,6,602,PICGLA,1990,1993,2008,"2023, 2018, 2008, 2004, 2000, 1997, 1993, 1990",dead,Back to life (and death),1993,Fix as missing
543,UP3B8_1395,UP3B,8,1395,PICGLA,1990,1997,2023,"2023, 2018, 2008, 2004, 2000, 1997, 1993, 1990",persistent,Back to life,1997,Fix as missing
544,UP3C1_1449,UP3C,1,1449,PICGLA,1989,2018,2023,"2023, 2018, 2008, 2004, 2000, 1997, 1993, 1989",persistent,Back to life,2018,Fix as missing
545,UP3C11_3700,UP3C,11,3700,BETNEO,1989,1993,2023,"2023, 2018, 2008, 2004, 2000, 1997, 1993, 1989",persistent,Back to life,1993,Fix as missing
546,UP3C11_614,UP3C,11,614,BETNEO,1989,1993,2023,"2023, 2018, 2008, 2004, 2000, 1997, 1993, 1989",persistent,Back to life,"1993, 2004",Fix as missing
547,UP3C11_616,UP3C,11,616,PICGLA,1989,1993,2023,"2023, 2018, 2008, 2004, 2000, 1997, 1993, 1989",missing,Back to life,1993,Fix as missing
548,UP3C12_621,UP3C,12,621,BETNEO,1989,1993,2008,"2023, 2018, 2008, 2004, 2000, 1997, 1993, 1989",dead,Back to life (and death),1993,Fix as missing
549,UP3C13_622,UP3C,13,622,BETNEO,1989,1993,2000,"2023, 2018, 2008, 2004, 2000, 1997, 1993, 1989",dead,Back to life (and death),1993,Fix as missing
550,UP3C13_623,UP3C,13,623,BETNEO,1989,1993,2018,"2023, 2018, 2008, 2004, 2000, 1997, 1993, 1989",dead,Back to life (and death),1993,Fix as missing
551,UP3C13_624,UP3C,13,624,BETNEO,1989,1993,2018,"2023, 2018, 2008, 2004, 2000, 1997, 1993, 1989",dead,Back to life (and death),1993,Fix as missing
552,UP3C14_630,UP3C,14,630,BETNEO,1989,1993,2000,"2023, 2018, 2008, 2004, 2000, 1997, 1993, 1989",dead,Back to life (and death),1993,Fix as missing
553,UP3C2_602,UP3C,2,602,BETNEO,1989,1993,2023,"2023, 2018, 2008, 2004, 2000, 1997, 1993, 1989",missing,Back to life,1993,Fix as missing
554,UP3C2_603,UP3C,2,603,BETNEO,1989,1993,2018,"2023, 2018, 2008, 2004, 2000, 1997, 1993, 1989",dead,Back to life (and death),1993,Fix as missing
555,UP3C2_604,UP3C,2,604,BETNEO,1989,1993,2018,"2023, 2018, 2008, 2004, 2000, 1997, 1993, 1989",dead,Back to life (and death),1993,Fix as missing
556,UP3C2_610,UP3C,2,610,BETNEO,1989,1993,2018,"2023, 2018, 2008, 2004, 2000, 1997, 1993, 1989",dead,Back to life (and death),"1993, 2000",Fix as missing
557,UP3C22_631,UP3C,22,631,BETNEO,1989,1993,2023,"2023, 2018, 2008, 2004, 2000, 1997, 1993, 1989",persistent,Back to life,1993,Fix as missing
558,UP3C22_632,UP3C,22,632,BETNEO,1989,1993,2018,"2023, 2018, 2008, 2004, 2000, 1997, 1993, 1989",dead,Back to life (and death),1993,Fix as missing
559,UP3C22_633,UP3C,22,633,BETNEO,1989,1993,2023,"2023, 2018, 2008, 2004, 2000, 1997, 1993, 1989",persistent,Back to life,1993,Fix as missing
560,UP3C22_634,UP3C,22,634,BETNEO,1989,1993,2023,"2023, 2018, 2008, 2004, 2000, 1997, 1993, 1989",persistent,Back to life,1993,Fix as missing
561,UP3C22_635,UP3C,22,635,BETNEO,1989,1993,2023,"2023, 2018, 2008, 2004, 2000, 1997, 1993, 1989",persistent,Back to life,1993,Fix as missing
562,UP3C22_636,UP3C,22,636,BETNEO,1989,1993,2023,"2023, 2018, 2008, 2004, 2000, 1997, 1993, 1989",persistent,Back to life,1993,Fix as missing
563,UP3C22_638,UP3C,22,638,POPTRE,1989,1993,2008,"2023, 2018, 2008, 2004, 2000, 1997, 1993, 1989",dead,Back to life (and death),1993,Fix as missing
564,UP3C25_640,UP3C,25,640,BETNEO,1989,1993,2018,"2023, 2018, 2008, 2004, 2000, 1997, 1993, 1989",dead,Back to life (and death),1993,Fix as missing
565,UP3C25_641,UP3C,25,641,POPTRE,1989,1993,2000,"2023, 2018, 2008, 2004, 2000, 1997, 1993, 1989",dead,Back to life (and death),1993,Fix as missing
566,UP3C28_644,UP3C,28,644,BETNEO,1989,1993,2008,"2023, 2018, 2008, 2004, 2000, 1997, 1993, 1989",dead,Back to life (and death),1993,Fix as missing
567,UP3C28_645,UP3C,28,645,BETNEO,1989,1993,2023,"2023, 2018, 2008, 2004, 2000, 1997, 1993, 1989",persistent,Back to life,"1993, 2000",Fix as missing
568,UP3C28_646,UP3C,28,646,BETNEO,1989,1993,2023,"2023, 2018, 2008, 2004, 2000, 1997, 1993, 1989",dead,Back to life (and death),"1993, 2000",Fix as missing
569,UP3C28_647,UP3C,28,647,BETNEO,1989,1993,2008,"2023, 2018, 2008, 2004, 2000, 1997, 1993, 1989",dead,Back to life (and death),1993,Fix as missing
570,UP3C28_648,UP3C,28,648,PICGLA,1989,1993,2008,"2023, 2018, 2008, 2004, 2000, 1997, 1993, 1989",dead,Back to life (and death),1993,Fix as missing
571,UP3C31_663,UP3C,31,663,POPTRE,1989,1993,2000,"2023, 2018, 2008, 2004, 2000, 1997, 1993, 1989",dead,Back to life (and death),1993,Fix as missing
572,UP3C31_678,UP3C,31,678,BETNEO,1997,2000,2018,"2023, 2018, 2008, 2004, 2000, 1997, 1993, 1989",dead,Back to life (and death),"2000, 2004",Fix as missing
573,UP3C32_665,UP3C,32,665,PICGLA,1989,1993,2023,"2023, 2018, 2008, 2004, 2000, 1997, 1993, 1989",missing,Back to life,1993,Fix as missing
574,UP3C34_669,UP3C,34,669,BETNEO,1989,1993,2008,"2023, 2018, 2008, 2004, 2000, 1997, 1993, 1989",dead,Back to life (and death),1993,Fix as missing
575,UP3C34_670,UP3C,34,670,POPTRE,1989,1993,2018,"2023, 2018, 2008, 2004, 2000, 1997, 1993, 1989",dead,Back to life (and death),1993,Fix as missing
576,UP3C8_611,UP3C,8,611,BETNEO,1989,1993,2023,"2023, 2018, 2008, 2004, 2000, 1997, 1993, 1989",persistent,Back to life,1993,Fix as missing
577,UP3C8_612,UP3C,8,612,BETNEO,1989,1993,2000,"2023, 2018, 2008, 2004, 2000, 1997, 1993, 1989",dead,Back to life (and death),1993,Fix as missing
578,UP3C9_601,UP3C,9,601,BETNEO,1989,1993,2023,"2023, 2018, 2008, 2004, 2000, 1997, 1993, 1989",persistent,Back to life,"1993, 2004",Fix as missing
579,UP4A12_830,UP4A,12,830,PICMAR,2008,2013,2018,"2018, 2013, 2008",persistent,Back to life,2013,Fix as missing
580,UP4A2_137,UP4A,2,137,PICMAR,2008,2008,2018,"2018, 2013, 2008",persistent,Back to life,,"First recorded as dead in 2008, then DBH of 7.3 in 2013 and beyond"
581,UP4A2_93,UP4A,2,93,PICMAR,2008,2013,2018,"2018, 2013, 2008",persistent,Back to life,2013,Fix as missing
582,UP4A3_179,UP4A,3,179,PICMAR,2008,2008,2018,"2018, 2013, 2008",persistent,Back to life,,"First recorded as dead in 2008, then dead in 2013, then DBH of 3.6 in 2018"
583,UP4B13_349,UP4B,13,349,PICMAR,2008,2013,2018,"2018, 2013, 2008",persistent,Back to life,2013,Fix as missing
584,UP4B6_170,UP4B,6,170,PICMAR,2008,2013,2018,"2018, 2013, 2008",persistent,Back to life,2013,Fix as missing
585,UP4D1_31,UP4D,1,31,PICMAR,2006,2013,2018,"2018, 2013, 2008, 2006",persistent,Back to life,2013,Fix as missing
586,WDI61_616,WDI6,1,616,POPTRE,2013,2013,2018,"2018, 2013",persistent,No DBH,,First recorded as dead in 2013 then DBH of 3.1 in 2018
