date,site_name,alternative_name,crew,plot_stake,organic_depth,notes,photo
6/11/2015,BFY13,BF99,Jdm ko,1,4,,
6/11/2015,BFY13,BF99,Jdm ko,2,1.5,,
6/11/2015,BFY13,BF99,Jdm ko,3,3,,
6/11/2015,BFY13,BF99,Jdm ko,4,4,,
6/11/2015,BFY13,BF99,Ko jc,5,4,,
6/11/2015,BFY13,BF99,Ko jc,6,5,,
6/11/2015,BFY13,BF99,Ko jc,7,3.5,,
6/11/2015,BFY13,BF99,Ko jc,8,3,,
6/11/2015,BFY13,BF99,Ko jc,9,0.5,,
6/11/2015,BFY13,BF99,Ko jc,10,11,,
6/11/2015,BFY13,BF99,Ko jc,11,14,,
6/11/2015,BFY13,BF99,Ko jc,12,5,,
6/11/2015,BFY13,BF99,Ko jc,13,9,,
6/11/2015,BFY13,BF99,Ko jc,14,5.5,,
6/11/2015,BFY13,BF99,Ko jc,15,6,,
6/11/2015,BFY13,BF99,Ko jc,16,2,,
6/11/2015,BFY13,BF99,Ko jc,17,7,,
6/11/2015,BFY13,BF99,Ko jc,18,5.5,,
6/11/2015,BFY13,BF99,Ko jc,19,14,,
6/11/2015,BFY13,BF99,Ko jc,20,9,,
6/15/2015,GSI3,GS-1,Sf: jh,7,13,,
6/15/2015,GSI3,GS-1,Sf: jh,8,11,,
6/15/2015,GSI3,GS-1,Sf: jh,9,9.5,,
6/15/2015,GSI3,GS-1,Sf: jh,4,5,Hole was 25. Fluffing? Stake 4.,
6/15/2015,GSI3,GS-1,Sf: jh,11,6,,
6/15/2015,GSI3,GS-1,Sf: jh,12,7.5,,
6/15/2015,GSI3,GS-1,Sf: jh,7,5,,
6/15/2015,GSI3,GS-1,Sf: jh,14,5.2,,Soil_GSI3_Stake14.JPG
6/15/2015,GSI3,GS-1,Sf: jh,15,10,,Soil_GSI3_Stake15.JPG
6/15/2015,GSI3,GS-1,Sf: jh,9,8,Wetter spot,
6/15/2015,GSI3,GS-1,Sf: jh,17,10,,
6/15/2015,GSI3,GS-1,Sf: jh,18,6.5,,
6/15/2015,GSI3,GS-1,Sf: jh,19,7.5,,
6/15/2015,GSI3,GS-1,Sf: jh,13,6,,
6/15/2015,GSI3,GS-1,Sf: jh,1,10,plot stake is just placeholder. we hadn't figured out that we wanted to track this yet when these samples were taken. ,
6/15/2015,GSI3,GS-1,Sf: jh,2,11,plot stake is just placeholder. we hadn't figured out that we wanted to track this yet when these samples were taken. ,
6/15/2015,GSI3,GS-1,Sf: jh,3,9,plot stake is just placeholder. we hadn't figured out that we wanted to track this yet when these samples were taken. ,
6/15/2015,GSI3,GS-1,Sf: jh,17,7.5,,
6/15/2015,GSI3,GS-1,Sf: jh,10,5.5,plot stake is just placeholder. we hadn't figured out that we wanted to track this yet when these samples were taken. ,
6/15/2015,GSI3,GS-1,Sf: jh,6,8.5,plot stake is just placeholder. we hadn't figured out that we wanted to track this yet when these samples were taken. ,
6/17/2015,BFY10,BF73,SF: JH,20,7,,
6/17/2015,BFY10,BF73,SF: JH,19,7,,
6/17/2015,BFY10,BF73,SF: JH,18,14,,
6/17/2015,BFY10,BF73,SF: JH,17,16.5,,
6/17/2015,BFY10,BF73,SF: JH,16,7,,
6/17/2015,BFY10,BF73,SF: JH,15,8,,
6/17/2015,BFY10,BF73,SF: JH,14,5.5,,
6/17/2015,BFY10,BF73,SF: JH,13,8.5,,
6/17/2015,BFY10,BF73,SF: JH,12,5.5,,Soil_BFY10_Stake12.JPG
6/17/2015,BFY10,BF73,SF: JH,11,9,,Soil_BFY10_Stake11.JPG
6/17/2015,BFY10,BF73,SF: JH,10,5,,
6/17/2015,BFY10,BF73,SF: JH,9,8,,
6/17/2015,BFY10,BF73,SF: JH,8,6,,
6/17/2015,BFY10,BF73,SF: JH,7,5,,
6/17/2015,BFY10,BF73,SF: JH,6,7,,
6/17/2015,BFY10,BF73,SF: JH,5,11.5,,
6/17/2015,BFY10,BF73,SF: JH,4,11,,
6/17/2015,BFY10,BF73,SF: JH,3,8,,
6/17/2015,BFY10,BF73,SF: JH,2,7,,
6/17/2015,BFY10,BF73,SF: JH,1,5,,
6/22/2015,BFY4,BF81,SF: jm,1,4,,
6/22/2015,BFY4,BF81,SF: jm,2,7,,
6/22/2015,BFY4,BF81,SF: jm,3,6,To rock. Just turning to mineral. ,
6/22/2015,BFY4,BF81,SF: jm,4,4,,Soil_BFY4_Stake4.JPG
6/22/2015,BFY4,BF81,SF: jm,5,4,,
6/22/2015,BFY4,BF81,SF: jm,6,4,Couldnt go deeper. Rock,
6/22/2015,BFY4,BF81,SF: jm,7,5,,Soil_BFY4_Stake7.JPG
6/22/2015,BFY4,BF81,SF: jm,8,4.5,Then rock.,
6/22/2015,BFY4,BF81,SF: jm,9,3.5,,
6/22/2015,BFY4,BF81,SF: jm,10,6,,
6/22/2015,BFY4,BF81,SF: jm,11,3,,
6/22/2015,BFY4,BF81,SF: jm,12,4,,
6/22/2015,BFY4,BF81,SF: jm,13,5,,
6/22/2015,BFY4,BF81,SF: jm,14,2.5,,
6/22/2015,BFY4,BF81,SF: jm,15,2,,
6/22/2015,BFY4,BF81,SF: jm,16,5,,
6/22/2015,BFY4,BF81,SF: jm,17,4,,
6/22/2015,BFY4,BF81,SF: jm,18,2.5,,
6/22/2015,BFY4,BF81,SF: jm,19,4.5,,
6/22/2015,BFY4,BF81,SF: jm,20,3,,
6/22/2015,BFY11,BF82,SF: JM,20,3,,
6/22/2015,BFY11,BF82,SF: JM,19,4.5,,
6/22/2015,BFY11,BF82,SF: JM,17,2.5,,Soil_BFY11_Stake17.JPG
6/22/2015,BFY11,BF82,SF: JM,16,4,,
6/22/2015,BFY11,BF82,SF: JM,18,4.5,,
6/22/2015,BFY11,BF82,SF: JM,15,2,,
6/22/2015,BFY11,BF82,SF: JM,14,6,,Soil_BFY11_Stake14.JPG
6/22/2015,BFY11,BF82,SF: JM,13,0,Bare rock,
6/22/2015,BFY11,BF82,SF: JM,12,2.5,,
6/22/2015,BFY11,BF82,SF: JM,11,2.5,,
6/22/2015,BFY11,BF82,SF: JM,10,3,,
6/22/2015,BFY11,BF82,SF: JM,9,2.5,,
6/22/2015,BFY11,BF82,SF: JM,8,6,,
6/22/2015,BFY11,BF82,SF: JM,7,5,,
6/22/2015,BFY11,BF82,SF: JM,6,4.5,,
6/22/2015,BFY11,BF82,SF: JM,5,3,,
6/22/2015,BFY11,BF82,SF: JM,4,4.5,,
6/22/2015,BFY11,BF82,SF: JM,3,3.5,,
6/22/2015,BFY11,BF82,SF: JM,2,13,Quite a bit of compaction in multiple samples at this location.  Possibly due to large organic depth.,
6/22/2015,BFY11,BF82,SF: JM,1,3,,
6/23/2015,BFY12,BF83,SF: JM,1,10.5,Dead sphagnum under thin live polytrichum,
6/23/2015,BFY12,BF83,SF: JM,2,4,,
6/23/2015,BFY12,BF83,SF: JM,3,4,,
6/23/2015,BFY12,BF83,SF: JM,4,5,Mixed: still lots of organic at this depth. ,
6/23/2015,BFY12,BF83,SF: JM,5,5,Use last. 2.5cm compaction,
6/23/2015,BFY12,BF83,SF: JM,6,10.5,Unburned sphagnum under charcoal layer,Soil_BFY12_Stake6.JPG
6/23/2015,BFY12,BF83,SF: JM,7,0,Bare rock,
6/23/2015,BFY12,BF83,SF: JM,8,3,,Soil_BFY12_Stake8.JPG
6/23/2015,BFY12,BF83,SF: JM,9,5,,
6/23/2015,BFY12,BF83,SF: JM,10,5.5,,
6/23/2015,BFY12,BF83,SF: JM,11,8.5,,
6/23/2015,BFY12,BF83,SF: JM,12,4.5,,
6/23/2015,BFY12,BF83,SF: JM,13,6,,
6/23/2015,BFY12,BF83,SF: JM,14,15,,
6/23/2015,BFY12,BF83,SF: JM,15,6,,
6/23/2015,BFY12,BF83,SF: JM,16,4.5,,
6/23/2015,BFY12,BF83,SF: JM,17,1,,
6/23/2015,BFY12,BF83,SF: JM,18,2,,
6/23/2015,BFY12,BF83,SF: JM,19,1,,
6/23/2015,BFY12,BF83,SF: JM,20,1.5,,
6/23/2015,BFY1,BF71,SF: JM,1,8.5,,
6/23/2015,BFY1,BF71,SF: JM,2,8.5,,
6/23/2015,BFY1,BF71,SF: JM,3,3.5,,
6/23/2015,BFY1,BF71,SF: JM,4,10,,
6/23/2015,BFY1,BF71,SF: JM,5,5.5,,Soil_BFY1_Stake5.JPG
6/23/2015,BFY1,BF71,SF: JM,6,7.5,,Soil_BFY1_Stake6.JPG
6/23/2015,BFY1,BF71,SF: JM,7,8,,
6/23/2015,BFY1,BF71,SF: JM,8,8.5,,
6/23/2015,BFY1,BF71,SF: JM,9,1.5,,Soil_BFY1_Stake9.JPG
6/23/2015,BFY1,BF71,SF: JM,10,8.5,,
6/23/2015,BFY1,BF71,SF: JM,11,11,,
6/23/2015,BFY1,BF71,SF: JM,12,2.5,,
6/23/2015,BFY1,BF71,SF: JM,13,7.5,,
6/23/2015,BFY1,BF71,SF: JM,14,4.5,,
6/23/2015,BFY1,BF71,SF: JM,15,5,,
6/23/2015,BFY1,BF71,SF: JM,16,4,,
6/23/2015,BFY1,BF71,SF: JM,17,9,,
6/23/2015,BFY1,BF71,SF: JM,18,9,,
6/23/2015,BFY1,BF71,SF: JM,19,0.5,Where upturned tree used to be rooted into ground,
6/23/2015,BFY1,BF71,SF: JM,20,2.5,,
6/23/2015,BFY6,BF77,SF: JM,1,7.5,,
6/23/2015,BFY6,BF77,SF: JM,2,6,,
6/23/2015,BFY6,BF77,SF: JM,3,8,,
6/23/2015,BFY6,BF77,SF: JM,4,4.5,,
6/23/2015,BFY6,BF77,SF: JM,5,3,,
6/23/2015,BFY6,BF77,SF: JM,6,3.5,,Soil_BFY6_Stake6.JPG
6/23/2015,BFY6,BF77,SF: JM,7,3.5,,
6/23/2015,BFY6,BF77,SF: JM,8,3.5,,
6/23/2015,BFY6,BF77,SF: JM,9,4,,
6/23/2015,BFY6,BF77,SF: JM,10,15.5,Difficult to find boundary. Still mostly organic after 15.5.,
6/23/2015,BFY6,BF77,SF: JM,11,13,,
6/23/2015,BFY6,BF77,SF: JM,12,4,,
6/23/2015,BFY6,BF77,SF: JM,13,6,,
6/23/2015,BFY6,BF77,SF: JM,14,5.5,,
6/23/2015,BFY6,BF77,SF: JM,15,5,,
6/23/2015,BFY6,BF77,SF: JM,16,0.5,,
6/23/2015,BFY6,BF77,SF: JM,17,0.5,,
6/23/2015,BFY6,BF77,SF: JM,18,8,,
6/23/2015,BFY6,BF77,SF: JM,19,8,,
6/23/2015,BFY6,BF77,SF: JM,20,16,,
6/24/2015,GRI6,GR-3,Sf: jdm,1,5,,
6/24/2015,GRI6,GR-3,Sf: jdm,2,6,,
6/24/2015,GRI6,GR-3,Sf: jdm,3,7,,
6/24/2015,GRI6,GR-3,Sf: jdm,4,2.5,,
6/24/2015,GRI6,GR-3,Sf: jdm,5,11,,
6/24/2015,GRI6,GR-3,Sf: jdm,6,6,,
6/24/2015,GRI6,GR-3,Sf: jdm,7,5,,
6/24/2015,GRI6,GR-3,Sf: jdm,8,6,,
6/24/2015,GRI6,GR-3,Sf: jdm,9,4,,
6/24/2015,GRI6,GR-3,Sf: jdm,10,5,,
6/24/2015,GRI6,GR-3,Sf: jdm,11,3.5,,
6/24/2015,GRI6,GR-3,Sf: jdm,12,4.5,,
6/24/2015,GRI6,GR-3,Sf: jdm,13,3,,
6/24/2015,GRI6,GR-3,Sf: jdm,14,6,,
6/24/2015,GRI6,GR-3,Sf: jdm,15,4.5,,
6/24/2015,GRI6,GR-3,Sf: jdm,16,6.5,,
6/24/2015,GRI6,GR-3,Sf: jdm,17,6,,
6/24/2015,GRI6,GR-3,Sf: jdm,18,7,,
6/24/2015,GRI6,GR-3,Sf: jdm,19,9,,
6/24/2015,GRI6,GR-3,Sf: jdm,20,6.5,,
6/24/2015,GRI7,GR-4,SF: JM,1,6,,
6/24/2015,GRI7,GR-4,SF: JM,2,3,,
6/24/2015,GRI7,GR-4,SF: JM,3,3.5,,
6/24/2015,GRI7,GR-4,SF: JM,7,5,Went out of order,
6/24/2015,GRI7,GR-4,SF: JM,4,5,,
6/24/2015,GRI7,GR-4,SF: JM,5,3.5,,
6/24/2015,GRI7,GR-4,SF: JM,6,2,,
6/24/2015,GRI7,GR-4,SF: JM,8,5,,Soil_GRI7_Stake8.JPG
6/24/2015,GRI7,GR-4,SF: JM,9,3.5,,
6/24/2015,GRI7,GR-4,SF: JM,10,4,,
6/24/2015,GRI7,GR-4,SF: JM,11,4,,
6/24/2015,GRI7,GR-4,SF: JM,12,1,,
6/24/2015,GRI7,GR-4,SF: JM,13,3.5,P,
6/24/2015,GRI7,GR-4,SF: JM,14,5.5,Buried organic? Measured to top of first mineral. ,Soil_GRI7_Stake14.JPG
6/24/2015,GRI7,GR-4,SF: JM,15,2.5,,
6/24/2015,GRI7,GR-4,SF: JM,16,4.5,,
6/24/2015,GRI7,GR-4,SF: JM,17,3,,
6/24/2015,GRI7,GR-4,SF: JM,18,7.5,Rotten log,
6/24/2015,GRI7,GR-4,SF: JM,19,6.5,,
6/24/2015,GRI7,GR-4,SF: JM,20,4,,
6/25/2015,HR1A,HR1A,SF: JM,1,2,At this site: almost all organic depths had rock at transition. The places we could core represent about 25% of the site. ,
6/25/2015,HR1A,HR1A,SF: JM,2,2.5,,
6/25/2015,HR1A,HR1A,SF: JM,3,3,,
6/25/2015,HR1A,HR1A,SF: JM,4,5,,
6/25/2015,HR1A,HR1A,SF: JM,5,3,,
6/25/2015,HR1A,HR1A,SF: JM,6,4,,
6/25/2015,HR1A,HR1A,SF: JM,7,3.5,,
6/25/2015,HR1A,HR1A,SF: JM,8,5,,
6/25/2015,HR1A,HR1A,SF: JM,9,8,,
6/25/2015,HR1A,HR1A,SF: JM,10,5,,Soil_HR1A_Stake10.JPG
6/25/2015,HR1A,HR1A,SF: JM,11,6,,
6/25/2015,HR1A,HR1A,SF: JM,12,5,,
6/25/2015,HR1A,HR1A,SF: JM,13,6,,Soil_HR1A_Stake13.JPG
6/25/2015,HR1A,HR1A,SF: JM,14,6,Short. Use last.,
6/25/2015,HR1A,HR1A,SF: JM,15,2,,
6/25/2015,HR1A,HR1A,SF: JM,16,2,,
6/25/2015,HR1A,HR1A,SF: JM,17,6,,
6/25/2015,HR1A,HR1A,SF: JM,18,4,,
6/25/2015,HR1A,HR1A,SF: JM,19,3,,
6/25/2015,HR1A,HR1A,SF: JM,20,6,,
6/25/2015,UP4D,UP4D,Sf: jdm,1,13,,
6/25/2015,UP4D,UP4D,Sf: jdm,2,19,,
6/25/2015,UP4D,UP4D,Sf: jdm,3,15,,
6/25/2015,UP4D,UP4D,Sf: jdm,4,6,,
6/25/2015,UP4D,UP4D,Sf: jdm,5,14,,
6/25/2015,UP4D,UP4D,Sf: jdm,6,11,3cm of compaction. Had issues with last three sample attempts (nearly 10cm compaction): so keeping this one.,
6/25/2015,UP4D,UP4D,Sf: jdm,7,21.5,2cm compaction,
6/25/2015,UP4D,UP4D,Sf: jdm,8,16,,
6/25/2015,UP4D,UP4D,Sf: jdm,9,22,We stopped here: getting too much compaction. ,
7/1/2015,MDI4,MD-2,Jh: jdm,1,2,,
7/1/2015,MDI4,MD-2,Jh: jdm,2,4,,
7/1/2015,MDI4,MD-2,Jh: jdm,3,5,,
7/1/2015,MDI4,MD-2,Jh: jdm,4,4,,
7/1/2015,MDI4,MD-2,Jh: jdm,5,4.5,,
7/1/2015,MDI4,MD-2,Jh: jdm,6,1.5,,
7/1/2015,MDI4,MD-2,Jh: jdm,7,6,,
7/1/2015,MDI4,MD-2,Jh: jdm,8,4,,
7/1/2015,MDI4,MD-2,Jh: jdm,9,6,,
7/1/2015,MDI4,MD-2,Jh: jdm,10,6.5,,
7/1/2015,MDI4,MD-2,Jh: jdm,11,5,,
7/1/2015,MDI4,MD-2,Jh: jdm,12,6,,
7/1/2015,MDI4,MD-2,Jh: jdm,13,2.5,,
7/1/2015,MDI4,MD-2,Jh: jdm,14,5,,
7/1/2015,MDI4,MD-2,Jh: jdm,15,6,,
7/1/2015,MDI4,MD-2,Jh: jdm,16,4,,
7/1/2015,MDI4,MD-2,Jh: jdm,17,6.5,,
7/1/2015,MDI4,MD-2,Jh: jdm,18,9.5,,
7/1/2015,MDI4,MD-2,Jh: jdm,19,5.5,,
7/1/2015,MDI4,MD-2,Jh: jdm,20,9,,
7/6/2015,LGI1,LG-2,Sf: jdm,1,23,Note mineral flooding event between cm 15 & 19,Soil_LGI1_Stake1.JPG
7/6/2015,LGI1,LG-2,Sf: jdm,2,20,2cm compaction,Soil_LGI1_Stake2.JPG
7/6/2015,LGI1,LG-2,Sf: jdm,3,13,,Soil_LGI1_Stake3.JPG
7/6/2015,LGI1,LG-2,Sf: jdm,4,2,,
7/6/2015,LGI1,LG-2,Sf: jdm,5,36,Mineral just barely visible at the bottom of this core.,Soil_LGI1_Stake5.JPG
7/6/2015,LGI1,LG-2,Sf: jdm,6,28,,
7/6/2015,LGI1,LG-2,Sf: jdm,7,18.5,,Soil_LGI1_Stake7.JPG
7/6/2015,LGI1,LG-2,Sf: jdm,8,30,,Soil_LGI1_Stake8.JPG
7/6/2015,LGI1,LG-2,Sf: jdm,6,31,Active layer depth of 52cm on day of visit: 7/6/15.  Will bw thawed enough by Sept. For sampling?,
7/6/2015,LGI1,LG-2,Sf: jdm,9,27,,
7/6/2015,LGI1,LG-2,Sf: jdm,10,30,Hole filling with water.,
7/6/2015,LGI1,LG-2,Sf: jdm,11,23,,
7/6/2015,LGI1,LG-2,Sf: jdm,12,34,,
7/6/2015,LGI1,LG-2,Sf: jdm,13,19,Organic layer embedded in mineral between 27.5 & 29cm.,Soil_LGI1_Stake13.JPG
7/6/2015,LGI1,LG-2,Sf: jdm,14,16,,Soil_LGI1_Stake14.JPG
7/6/2015,LGI1,LG-2,Sf: jdm,15,31,Didn't hit mineral.,Soil_LGI1_Stake15.JPG
7/6/2015,LGI1,LG-2,Sf: jdm,16,26,,Soil_LGI1_Stake16.JPG
7/6/2015,LGI1,LG-2,Sf: jdm,17,16,Couldn't reach mineral under mossy ground cover at this plot. Active layer at about 30cm. ,
7/6/2015,LGI1,LG-2,Sf: jdm,18,25,End of core was end of active layer.,Soil_LGI1_Stake18.JPG
7/6/2015,LGI1,LG-2,Sf: jdm,19,30,Core reached active layer. Did not capture true mineral: but slight transition from organic to mineral.,
7/6/2015,LGI1,LG-2,Sf: jdm,20,14,Standing water.  Took sample far from stake because everything waterlogged.,Soil_LGI1_Stake20.JPG
7/3/2015,DCY16,DC52,SF: JM,1,2,,
7/3/2015,DCY16,DC52,SF: JM,2,2.5,,
7/3/2015,DCY16,DC52,SF: JM,3,2.5,,Soil_DCY16_Stake3.JPG
7/3/2015,DCY16,DC52,SF: JM,4,2,,
7/3/2015,DCY16,DC52,SF: JM,5,2,,
7/3/2015,DCY16,DC52,SF: JM,6,2,,
7/3/2015,DCY16,DC52,SF: JM,7,1,,
7/3/2015,DCY16,DC52,SF: JM,8,2.5,,
7/3/2015,DCY16,DC52,SF: JM,9,2,,
7/3/2015,DCY16,DC52,SF: JM,10,3,Lost volume in bottom 2 cm: but interesting line in mineral: so we kept it.,
7/3/2015,DCY16,DC52,SF: JM,11,1.5,Varied horizon?,
7/3/2015,DCY16,DC52,SF: JM,12,4,,
7/3/2015,DCY16,DC52,SF: JM,13,2,,
7/3/2015,DCY16,DC52,SF: JM,14,2.5,,
7/3/2015,DCY16,DC52,SF: JM,15,1.5,,
7/3/2015,DCY16,DC52,SF: JM,16,1,,
7/3/2015,DCY16,DC52,SF: JM,17,3.5,,
7/3/2015,DCY16,DC52,SF: JM,18,2.5,,
7/3/2015,DCY16,DC52,SF: JM,19,2.5,Mineral over ash,
7/3/2015,DCY16,DC52,SF: JM,20,4,Unusual streaking of organic into mineral. From drill?,
7/3/2015,DCY3,DC53,Sf: jdm,1,3,,Soil_DCY3_Stake1.JPG
7/3/2015,DCY3,DC53,Sf: jdm,2,3,Slow transition to mineral: organic might be deeper than 3. ,
7/3/2015,DCY3,DC53,Sf: jdm,3,3.5,,
7/3/2015,DCY3,DC53,Sf: jdm,4,1,,
7/3/2015,DCY3,DC53,Sf: jdm,5,1.5,,
7/3/2015,DCY3,DC53,Sf: jdm,6,3,Charcoal layers at bottom of core?,
7/3/2015,DCY3,DC53,Sf: jdm,7,3.5,,
7/3/2015,DCY3,DC53,Sf: jdm,8,1.5,,
7/3/2015,DCY3,DC53,Sf: jdm,9,3.5,,
7/3/2015,DCY3,DC53,Sf: jdm,10,6,,
7/3/2015,DCY3,DC53,Sf: jdm,11,4.5,,
7/3/2015,DCY3,DC53,Sf: jdm,12,2.5,,
7/3/2015,DCY3,DC53,Sf: jdm,13,1,,
7/3/2015,DCY3,DC53,Sf: jdm,14,4,,
7/3/2015,DCY3,DC53,Sf: jdm,15,2.5,Confusing charcoal chunks. See photo.,Soil_DCY3_Stake15.JPG
7/3/2015,DCY3,DC53,Sf: jdm,16,2.5,,
7/3/2015,DCY3,DC53,Sf: jdm,17,3,,
7/3/2015,DCY3,DC53,Sf: jdm,18,7,,
7/3/2015,DCY3,DC53,Sf: jdm,19,3,Difficult to find organic transition: could be deeper than recorded. See photo,Soil_DCY3_Stake19.JPG
7/3/2015,DCY3,DC53,Sf: jdm,20,2.5,,
7/3/2015,DCY5,DC46,SF: JM,1,1.5,Was surprised with the spatial variability in the appearance of these samples. Site is very uniform above ground: but grain size and color changed without any indication of different substrate above. ,
7/3/2015,DCY5,DC46,SF: JM,2,1,,
7/3/2015,DCY5,DC46,SF: JM,3,2,,
7/3/2015,DCY5,DC46,SF: JM,4,0.5,Rocks visable on surface. Very dry: coarse sand. Difficult to sample and preserve volume,Soil_DCY5_Stake4.JPG
7/3/2015,DCY5,DC46,SF: JM,5,2,,
7/3/2015,DCY5,DC46,SF: JM,6,4,,
7/3/2015,DCY5,DC46,SF: JM,7,0.5,Not sure how to classify organic. Ash layer is 5.5: but small rocks scattered thoughout entire core: including top 5.5cm. Were not able to check core length vs. hole depth to to dry crumbly substrate,
7/3/2015,DCY5,DC46,SF: JM,8,1.5,,Soil_DCY5_Stake8.JPG
7/3/2015,DCY5,DC46,SF: JM,9,2,,Soil_DCY5_Stake9.JPG
7/3/2015,DCY5,DC46,SF: JM,10,1,,
7/3/2015,DCY5,DC46,SF: JM,11,4,Distinct org to ash transition at 1cm: then ash ends at 4cm. Calling entire ash layer organic.,
7/3/2015,DCY5,DC46,SF: JM,12,1.5,,
7/3/2015,DCY5,DC46,SF: JM,13,1.5,Very different color mineral from other samples. See photo,Soil_DCY5_Stake13.JPG
7/3/2015,DCY5,DC46,SF: JM,14,1.5,,
7/3/2015,DCY5,DC46,SF: JM,15,1.5,Some needle litter: maybe org only 1.,
7/3/2015,DCY5,DC46,SF: JM,16,1,Very different again. See photo. Small rocks scattered throughout: even on surface.,Soil_DCY5_Stake16.JPG
7/3/2015,DCY5,DC46,SF: JM,17,1,,
7/3/2015,DCY5,DC46,SF: JM,18,1.5,,
7/3/2015,DCY5,DC46,SF: JM,19,1,See photo,Soil_DCY5_Stake19.JPG
7/3/2015,DCY5,DC46,SF: JM,20,1.5,Ash layer does go deeper: but many small rocks within. ,
7/3/2015,DCY15,DC48,Sf: jdm,1,1.5,Had difficulties collecting samples on this site due to dry crumbly soils. Often upper portion of core would spin with sampler: independent of bottom of core: producing expansion/fluffing. ,
7/3/2015,DCY15,DC48,Sf: jdm,2,1,Surface rocks,
7/3/2015,DCY15,DC48,Sf: jdm,3,1,,
7/3/2015,DCY15,DC48,Sf: jdm,4,1.5,,
7/3/2015,DCY15,DC48,Sf: jdm,5,0,,
7/3/2015,DCY15,DC48,Sf: jdm,6,1.5,,
7/3/2015,DCY15,DC48,Sf: jdm,7,1.5,,
7/3/2015,DCY15,DC48,Sf: jdm,8,1,,
7/3/2015,DCY15,DC48,Sf: jdm,9,1.5,,
7/3/2015,DCY15,DC48,Sf: jdm,10,1.5,,
7/3/2015,DCY15,DC48,Sf: jdm,11,2.5,,
7/3/2015,DCY15,DC48,Sf: jdm,12,1,,
7/3/2015,DCY15,DC48,Sf: jdm,13,1,Ground squirrel den nearby?,
7/3/2015,DCY15,DC48,Sf: jdm,14,1.5,,
7/3/2015,DCY15,DC48,Sf: jdm,15,1,2cm expansion,
7/3/2015,DCY15,DC48,Sf: jdm,16,1.5,,
7/3/2015,DCY15,DC48,Sf: jdm,17,1.5,,
7/3/2015,DCY15,DC48,Sf: jdm,18,1,,
7/3/2015,DCY15,DC48,Sf: jdm,19,2,2cm expansion: but 1cm loss off bottom,
7/3/2015,DCY15,DC48,Sf: jdm,20,0.5,,
7/3/2015,DCY2,DC36,SF: JM,1,4.5,This site might be worth sipre coring. Evidence of flooding: buried horizons and soils that were very prone to compaction. Soil was moist and bseemed to have areas of air pockets. Very different form spot to spot depending on micro topography/water pooling. ,
7/3/2015,DCY2,DC36,SF: JM,2,14,,
7/3/2015,DCY2,DC36,SF: JM,3,15,,
7/3/2015,DCY2,DC36,SF: JM,4,4,,
7/3/2015,DCY2,DC36,SF: JM,5,5,Another organic chunk embedded in mineral at 10cm: but only wrapping around 40% of circumference,
7/3/2015,DCY2,DC36,SF: JM,6,2,,
7/3/2015,DCY2,DC36,SF: JM,7,6,,
7/3/2015,DCY2,DC36,SF: JM,8,8,,
7/3/2015,DCY2,DC36,SF: JM,9,1.5,Buried horizon. Middle mineral may be flood event? Next organic layer begins at 5cm: starting with charcoal line: and extends to 10cm. ,
7/3/2015,DCY2,DC36,SF: JM,10,6,,
7/3/2015,DCY2,DC36,SF: JM,11,3.5,,
7/3/2015,DCY2,DC36,SF: JM,12,2,Possible minor compaction,
7/3/2015,DCY2,DC36,SF: JM,13,0.5,,
7/3/2015,DCY2,DC36,SF: JM,14,4.5,,
7/3/2015,DCY2,DC36,SF: JM,15,7,,
7/3/2015,DCY2,DC36,SF: JM,16,19,,
7/3/2015,DCY2,DC36,SF: JM,17,13,,
7/3/2015,DCY2,DC36,SF: JM,18,5,,
7/3/2015,DCY2,DC36,SF: JM,19,5,,
7/3/2015,DCY2,DC36,SF: JM,20,11,,
7/4/2015,DCY6,DC44,SF: JM,1,6.5,This site looks like it was very wet before it burned. Varied organic layer depth with little change in appearance on the ground surface.,
7/4/2015,DCY6,DC44,SF: JM,2,8,,Soil_DCY6_Stake2.JPG
7/4/2015,DCY6,DC44,SF: JM,3,11,,
7/4/2015,DCY6,DC44,SF: JM,4,6.5,,
7/4/2015,DCY6,DC44,SF: JM,5,4.5,Distinct ash layer. See photo.,Soil_DCY6_Stake5.JPG
7/4/2015,DCY6,DC44,SF: JM,6,2,,
7/4/2015,DCY6,DC44,SF: JM,7,8,,
7/4/2015,DCY6,DC44,SF: JM,8,6,,
7/4/2015,DCY6,DC44,SF: JM,9,8,,
7/4/2015,DCY6,DC44,SF: JM,10,3.5,See photo,Soil_DCY6_Stake10.JPG
7/4/2015,DCY6,DC44,SF: JM,12,1.5,,
7/4/2015,DCY6,DC44,SF: JM,11,3.5,Out of order,
7/4/2015,DCY6,DC44,SF: JM,13,10,,
7/4/2015,DCY6,DC44,SF: JM,14,3.5,Substrate seemed denser than for other samples.,Soil_DCY6_Stake14.JPG
7/4/2015,DCY6,DC44,SF: JM,15,5.5,Use last. Top detached in places and woody bits dragged down. ,
7/4/2015,DCY6,DC44,SF: JM,16,6,,
7/4/2015,DCY6,DC44,SF: JM,17,2.5,,
7/4/2015,DCY6,DC44,SF: JM,18,4,,
7/4/2015,DCY6,DC44,SF: JM,20,8,,
7/4/2015,DCY6,DC44,SF: JM,19,3.5,,
7/4/2015,DCY7,DC42,Sf: jdm,1,0,,
7/4/2015,DCY7,DC42,Sf: jdm,2,0.5,,
7/4/2015,DCY7,DC42,Sf: jdm,3,3.5,,
7/4/2015,DCY7,DC42,Sf: jdm,4,3.5,1.5cm fluffage,
7/4/2015,DCY7,DC42,Sf: jdm,5,0.5,,
7/4/2015,DCY7,DC42,Sf: jdm,6,1,,
7/4/2015,DCY7,DC42,Sf: jdm,7,1,,
7/4/2015,DCY7,DC42,Sf: jdm,8,5,,
7/4/2015,DCY7,DC42,Sf: jdm,9,2.5,,
7/4/2015,DCY7,DC42,Sf: jdm,10,3,,
7/4/2015,DCY7,DC42,Sf: jdm,11,1.5,,
7/4/2015,DCY7,DC42,Sf: jdm,12,3.5,,
7/4/2015,DCY7,DC42,Sf: jdm,13,2.5,,
7/4/2015,DCY7,DC42,Sf: jdm,14,2,,
7/4/2015,DCY7,DC42,Sf: jdm,15,3,,
7/4/2015,DCY7,DC42,Sf: jdm,16,5,,
7/4/2015,DCY7,DC42,Sf: jdm,17,3,,Soil_DCY7_Stake17.JPG
7/4/2015,DCY7,DC42,Sf: jdm,18,2,,
7/4/2015,DCY7,DC42,Sf: jdm,19,2,,
7/4/2015,DCY7,DC42,Sf: jdm,20,2.5,,
7/4/2015,DCY13,DC41,Sf: jdm,1,6.5,This site was similar to dc44 in that it looked like it was very wet pre-fire andhad a large variation in organic depths. Bottom layer of mineral was very dense. Mineral below organic had gaps almost always. Wondering if this is ice or freeze thaw related. ,
7/4/2015,DCY13,DC41,Sf: jdm,2,5,,
7/4/2015,DCY13,DC41,Sf: jdm,3,7.5,,
7/4/2015,DCY13,DC41,Sf: jdm,4,9.5,,
7/4/2015,DCY13,DC41,Sf: jdm,5,7.5,See photo,Soil_DCY13_Stake5.JPG
7/4/2015,DCY13,DC41,Sf: jdm,6,3,Was underneath root wad of tree. Tree fell due to fire. ,
7/4/2015,DCY13,DC41,Sf: jdm,7,13,,
7/4/2015,DCY13,DC41,Sf: jdm,8,10.5,,
7/4/2015,DCY13,DC41,Sf: jdm,9,14,Taken from small depression. See photo.,
7/4/2015,DCY13,DC41,Sf: jdm,10,11.5,,Soil_DCY13_Stake10.JPG
7/4/2015,DCY13,DC41,Sf: jdm,11,10.2,Dead: pre-fire sphagnum,
7/4/2015,DCY13,DC41,Sf: jdm,12,2,Very little org,
7/4/2015,DCY13,DC41,Sf: jdm,13,5.5,Took many cores before this: all with gaps in mineral. Not sure if this is due to drilling. Could there have been ice here?,
7/4/2015,DCY13,DC41,Sf: jdm,14,2,,
7/4/2015,DCY13,DC41,Sf: jdm,15,6,,
7/4/2015,DCY13,DC41,Sf: jdm,16,2.5,Gaps. Freeze thaw?,
7/4/2015,DCY13,DC41,Sf: jdm,17,4,,
7/4/2015,DCY13,DC41,Sf: jdm,18,6.5,,
7/4/2015,DCY13,DC41,Sf: jdm,19,4,,
7/4/2015,DCY13,DC41,Sf: jdm,20,5.5,,
7/4/2015,DCY12,DC33,Sf: jdm,1,10,Rocks visible on top of ground. Note: this site was sipre cored as well. Neither method suited well. Large rocks interfered both times. Use which ever samples you wish. ,Soil_DCY12_Stake1.JPG
7/4/2015,DCY12,DC33,Sf: jdm,2,2,Many rocks and holes in sample,
7/4/2015,DCY12,DC33,Sf: jdm,3,16.5,,Soil_DCY12_Stake3.JPG
7/4/2015,DCY12,DC33,Sf: jdm,4,7.5,,
7/4/2015,DCY12,DC33,Sf: jdm,5,13.5,,Soil_DCY12_Stake5.JPG
7/4/2015,DCY12,DC33,Sf: jdm,6,14,,
7/4/2015,DCY12,DC33,Sf: jdm,7,19,,Soil_DCY12_Stake7.JPG
7/4/2015,DCY12,DC33,Sf: jdm,8,22,,Soil_DCY12_Stake8.JPG
7/4/2015,DCY12,DC33,Sf: jdm,9,22.5,,
7/4/2015,DCY12,DC33,Sf: jdm,10,15,,
7/4/2015,DCY12,DC33,Sf: jdm,11,11,,
7/4/2015,DCY12,DC33,Sf: jdm,12,4,,Soil_DCY12_Stake12.JPG
7/4/2015,DCY12,DC33,Sf: jdm,13,7,3cm compaction,
7/4/2015,DCY12,DC33,Sf: jdm,14,12,,Soil_DCY12_Stake14.JPG
7/4/2015,DCY12,DC33,Sf: jdm,15,10.5,,Soil_DCY12_Stake15.JPG
7/4/2015,DCY12,DC33,Sf: jdm,16,6.5,,Soil_DCY12_Stake16.JPG
7/4/2015,DCY12,DC33,Sf: jdm,17,3.5,,
7/4/2015,DCY12,DC33,Sf: jdm,18,13.5,,Soil_DCY12_Stake18.JPG
7/4/2015,DCY12,DC33,Sf: jdm,19,21,,Soil_DCY12_Stake19.JPG
7/4/2015,DCY12,DC33,Sf: jdm,20,0,,
7/4/2015,DCY10,DC37,SF: JM,1,2,,
7/4/2015,DCY10,DC37,SF: JM,2,2.5,,
7/4/2015,DCY10,DC37,SF: JM,3,1,Bright orange in top layer: calling top of this the end of the organic. Soils much wetting than i would have guessed before drilling. Saturated: with water that runs from hand when sqeezed. Mineral seems to have washed up through all of what would have been only organic. ,
7/4/2015,DCY10,DC37,SF: JM,4,2.5,,Soil_DCY10_Stake4.JPG
7/4/2015,DCY10,DC37,SF: JM,5,4.5,,
7/4/2015,DCY10,DC37,SF: JM,6,1.5,,Soil_DCY10_Stake6.JPG
7/4/2015,DCY10,DC37,SF: JM,7,0.5,Standing water here. Hole filled with water after drilling.,
7/4/2015,DCY10,DC37,SF: JM,8,3.5,,
7/4/2015,DCY10,DC37,SF: JM,9,0.5,Not sure what to do here. Mineral present all the way up to the veg: but probably has washed up from below. Saturated. Could call it mineral to 4 cm,Soil_DCY10_Stake9.JPG
7/4/2015,DCY10,DC37,SF: JM,10,1,Mineral to the top: but visible color change at 4cm. 1 cm recorded is dead veg.,Soil_DCY10_Stake10.JPG
7/4/2015,DCY10,DC37,SF: JM,11,0.5,Too wet to stay in sampler. See photo. ,Soil_DCY10_Stake11.JPG
7/4/2015,DCY10,DC37,SF: JM,12,1.5,Slightly dryer spot on site,
7/4/2015,DCY10,DC37,SF: JM,13,5,Slightly drier spot: bottom half of sample still stayed in hole due to saturation/suction. ,Soil_DCY10_Stake13.JPG
7/4/2015,DCY10,DC37,SF: JM,14,1.5,Visable color change at 3.,Soil_DCY10_Stake14.JPG
7/4/2015,DCY10,DC37,SF: JM,15,2,,Soil_DCY10_Stake15.JPG
7/4/2015,DCY10,DC37,SF: JM,16,4,,
7/4/2015,DCY10,DC37,SF: JM,17,3.5,,
7/4/2015,DCY10,DC37,SF: JM,18,7,,Soil_DCY10_Stake18.JPG
7/4/2015,DCY10,DC37,SF: JM,19,4,,
7/4/2015,DCY10,DC37,SF: JM,20,4.5,,
7/5/2015,DCY1,DC54,Sf: jdm,1,18,Permafrost layer ubiquitous throughout site 35-38cm below surface.,Soil_DCY1_Stake1.JPG
7/5/2015,DCY1,DC54,Sf: jdm,2,22.5,,Soil_DCY1_Stake2.JPG
7/5/2015,DCY1,DC54,Sf: jdm,3,24,,
7/5/2015,DCY1,DC54,Sf: jdm,4,19,,Soil_DCY1_Stake4.JPG
7/5/2015,DCY1,DC54,Sf: jdm,5,13,,Soil_DCY1_Stake5.JPG
7/5/2015,DCY1,DC54,Sf: jdm,6,19,,Soil_DCY1_Stake6.JPG
7/5/2015,DCY1,DC54,Sf: jdm,7,23,,Soil_DCY1_Stake7.JPG
7/5/2015,DCY1,DC54,Sf: jdm,8,21.5,,Soil_DCY1_Stake8.JPG
7/5/2015,DCY1,DC54,Sf: jdm,9,22,Use last. Large gap in sample: so pushed bottom up to eliminate gap. Side hole still evident: but length of core matches depth of hole.,
7/5/2015,DCY1,DC54,Sf: jdm,10,18,,Soil_DCY1_Stake10.JPG
7/5/2015,DCY1,DC54,Sf: jdm,11,15,,Soil_DCY1_Stake11.JPG
7/5/2015,DCY1,DC54,Sf: jdm,19,13.5,,Soil_DCY1_Stake19.JPG
7/5/2015,DCY1,DC54,Sf: jdm,12,18,,Soil_DC54_Stake12a.JPG; Soil_DC54_Stake12b.JPG
7/5/2015,DCY1,DC54,Sf: jdm,13,12,,Soil_DCY1_Stake13.JPG
7/5/2015,DCY1,DC54,Sf: jdm,14,24.5,,
7/5/2015,DCY1,DC54,Sf: jdm,15,18.5,Still higher ratio of organic to mineral below this point.,
7/5/2015,DCY1,DC54,Sf: jdm,16,14.5,,
7/5/2015,DCY1,DC54,Sf: jdm,17,21,,Soil_DCY1_Stake17.JPG
7/5/2015,DCY1,DC54,Sf: jdm,18,20,,
7/5/2015,DCY1,DC54,Sf: jdm,20,12.5,,
7/5/2015,DCY1,DC54,Sf: jdm,10,14,Returned with Long corer to get second sample at 10 for more mineral.,Soil_DCY1_Stake10.JPG
7/5/2015,DCY17,DC55,Sf: jdm,1,2,Mineral changed colors from reddish to more gold with depth. Goldish seemed denser. ,Soil_DCY17_Stake1.JPG
7/5/2015,DCY17,DC55,Sf: jdm,2,5,,Soil_DCY17_Stake2.JPG
7/5/2015,DCY17,DC55,Sf: jdm,3,6,,Soil_DCY17_Stake3.JPG
7/5/2015,DCY17,DC55,Sf: jdm,4,1,,Soil_DCY17_Stake4.JPG
7/5/2015,DCY17,DC55,Sf: jdm,5,2,,Soil_DCY17_Stake5.JPG
7/5/2015,DCY17,DC55,Sf: jdm,6,4.5,,
7/5/2015,DCY17,DC55,Sf: jdm,7,6,,
7/5/2015,DCY17,DC55,Sf: jdm,8,6,,Soil_DCY17_Stake8.JPG
7/5/2015,DCY17,DC55,Sf: jdm,9,1,,
7/5/2015,DCY17,DC55,Sf: jdm,1,4.5,Did this plot twice: once for org and once for sample. ,Soil_DCY17_Stake1.JPG
7/5/2015,DCY17,DC55,Sf: jdm,10,2,,
7/5/2015,DCY17,DC55,Sf: jdm,11,5,,
7/5/2015,DCY17,DC55,Sf: jdm,12,2.5,,
7/5/2015,DCY17,DC55,Sf: jdm,13,1,,
7/5/2015,DCY17,DC55,Sf: jdm,14,3.5,,
7/5/2015,DCY17,DC55,Sf: jdm,15,6.5,Color change in mineral see photo.,Soil_DCY17_Stake15.JPG
7/5/2015,DCY17,DC55,Sf: jdm,16,6.5,,
7/5/2015,DCY17,DC55,Sf: jdm,17,4,,
7/5/2015,DCY17,DC55,Sf: jdm,18,2,,
7/5/2015,DCY17,DC55,Sf: jdm,19,3,,Soil_DCY17_Stake19.JPG
7/5/2015,DCY17,DC55,Sf: jdm,20,4,Rooty here.,
7/5/2015,DCY8,DC40,Sf: jdm,1,3,,Soil_DC40_Stake1a.JPG; Soil_DC40_Stake1b.JPG
7/5/2015,DCY8,DC40,Sf: jdm,2,3,Use last. Sample is 2cm longer than depth of hole: meaning fluffage. Possibly due to top breaking off and spinning with drill: independent of bottom half of sample.,
7/5/2015,DCY8,DC40,Sf: jdm,3,1,,
7/5/2015,DCY8,DC40,Sf: jdm,4,0.5,Just dead moss.,
7/5/2015,DCY8,DC40,Sf: jdm,5,2.5,,Soil_DCY8_Stake5.JPG
7/5/2015,DCY8,DC40,Sf: jdm,6,0.5,,
7/5/2015,DCY8,DC40,Sf: jdm,7,1,,
7/5/2015,DCY8,DC40,Sf: jdm,8,2,,Soil_DCY8_Stake8.JPG
7/5/2015,DCY8,DC40,Sf: jdm,9,2,,
7/5/2015,DCY8,DC40,Sf: jdm,10,2.5,,
7/5/2015,DCY8,DC40,Sf: jdm,11,1,,
7/5/2015,DCY8,DC40,Sf: jdm,12,1,,
7/5/2015,DCY8,DC40,Sf: jdm,13,2,,
7/5/2015,DCY8,DC40,Sf: jdm,14,1.54,,
7/5/2015,DCY8,DC40,Sf: jdm,15,2,Average of organic depths: including large charcoal spot,Soil_DCY8_Stake15.JPG
7/5/2015,DCY8,DC40,Sf: jdm,16,0.5,,
7/5/2015,DCY8,DC40,Sf: jdm,17,2.5,,
7/5/2015,DCY8,DC40,Sf: jdm,18,2.5,,Soil_DCY8_Stake18.JPG
7/5/2015,DCY8,DC40,Sf: jdm,19,2.5,Orange line appears to be very similar in consistency to ash: vs orange mineral we've seen at most of the other plots. There is organic distinctly beneath it as well.,Soil_DCY8_Stake19.JPG
7/5/2015,DCY8,DC40,Sf: jdm,20,1,Possibly 3cm of fluffage- layer possibly fell to bottom of hole during extraction.,
7/5/2015,DCY9,DC39,SF: JM,1,5,This site had a ton of rodent activity and lots of variation in org depth: possibly because of different burn intensities. Soils moisture and org depth seemed to decrease on the southern boundary. Some dead prefire sphanum pits. At around 27cm mineral becomes sinky: able to push measuring stick into and beyond hole bottom. Check if their was a sixth sample taken and not recorded for this site: mAy have been a use last that we ended up keeping. ,
7/5/2015,DCY9,DC39,SF: JM,2,5,,
7/5/2015,DCY9,DC39,SF: JM,3,2.5,,
7/5/2015,DCY9,DC39,SF: JM,4,13.5,In small depression. Not much mineral in the sample. ,
7/5/2015,DCY9,DC39,SF: JM,5,0,Mega rodent disturbance. See photo.,Soil_DCY9_Stake5.JPG
7/5/2015,DCY9,DC39,SF: JM,6,1,Just under litter/thin moss layer: is 8 cm of loose mineral: likely piled up from old rodent digging. 7cm of organic below: then mineral. See photo. Might want to change value. ,Soil_DCY9_Stake6.JPG
7/5/2015,DCY9,DC39,SF: JM,7,14,,
7/5/2015,DCY9,DC39,SF: JM,9,8,,
7/5/2015,DCY9,DC39,SF: JM,10,14.5,,
7/5/2015,DCY9,DC39,SF: JM,8,3.5,,
7/5/2015,DCY9,DC39,SF: JM,11,11,,
7/5/2015,DCY9,DC39,SF: JM,12,16.5,Dead: prefire sphagnum.,
7/5/2015,DCY9,DC39,SF: JM,13,11,,
7/6/2015,DCY9,DC39,SF: JM,14,15.5,,
7/6/2015,DCY9,DC39,SF: JM,15,18.5,,Soil_DCY9_Stake15.JPG
7/6/2015,DCY9,DC39,SF: JM,16,4,,Soil_DCY9_Stake16.JPG
7/6/2015,DCY9,DC39,SF: JM,17,8,,
7/6/2015,DCY9,DC39,SF: JM,18,19,,
7/6/2015,DCY9,DC39,SF: JM,19,4,,
7/6/2015,DCY9,DC39,SF: JM,20,5.5,,
7/6/2015,LGI2,LG-3,SF: JM,1,9.5,Distinct charcoal layer with large pieces. Soil very dry and crumbly. See photo. Shallow rock at this site. Generally charcoal layer directly above. ,Soil_LGI2_Stake1.JPG
7/6/2015,LGI2,LG-3,SF: JM,2,8,Rock at bottom of core.,
7/6/2015,LGI2,LG-3,SF: JM,3,10,Rock at 17,
7/6/2015,LGI2,LG-3,SF: JM,4,10,,
7/6/2015,LGI2,LG-3,SF: JM,5,8.5,Organic ends at rock.,
7/6/2015,LGI2,LG-3,SF: JM,6,10,,
7/6/2015,LGI2,LG-3,SF: JM,7,10.5,,
7/6/2015,LGI2,LG-3,SF: JM,8,6.5,,
7/6/2015,LGI2,LG-3,SF: JM,9,11.5,,
7/6/2015,LGI2,LG-3,SF: JM,10,11.5,,
7/6/2015,LGI2,LG-3,SF: JM,11,10,,
7/6/2015,LGI2,LG-3,SF: JM,12,10,Very gradual transition: organic might be thicker. ,
7/6/2015,LGI2,LG-3,SF: JM,13,12.5,Not a great sample. The best that can be done in this substrate. Lots of shrub roots and shallow rock. ,
7/6/2015,LGI2,LG-3,SF: JM,14,6,,
7/6/2015,LGI2,LG-3,SF: JM,15,6,,
7/6/2015,LGI2,LG-3,SF: JM,16,7.5,,
7/6/2015,LGI2,LG-3,SF: JM,17,5,To rock,
7/6/2015,LGI2,LG-3,SF: JM,18,8.5,,Soil_LGI2_Stake18.JPG
7/6/2015,LGI2,LG-3,SF: JM,19,10,Then 1cm of mineral: then rock,
7/6/2015,LGI2,LG-3,SF: JM,20,10,,
6/10/2015,MDI1,MD-5,Jh jm,1,10.5,Changed sample number to 1 to match plot one.,
6/10/2015,MDI1,MD-5,Jh jm,2,13.5,,
6/10/2015,MDI1,MD-5,Jh jm,3,11,,
6/10/2015,MDI1,MD-5,Jh jm,4,11,,
6/10/2015,MDI1,MD-5,Jh jm,5,15,All samples taken near veg markers,
6/10/2015,MDI1,MD-5,Jh jm,6,13,,
6/10/2015,MDI1,MD-5,Jh jm,7,7,,
6/10/2015,MDI1,MD-5,Jh jm,8,6.5,,
6/10/2015,MDI1,MD-5,Jh jm,9,7.5,,
6/10/2015,MDI1,MD-5,Jh jm,10,12,,
6/10/2015,MDI1,MD-5,Jh jm,11,11,Take sample here: at #15: & 19. Stakes 13-20 still need to be sampled.,
6/10/2015,MDI1,MD-5,Jh jm,12,10.5,,
6/10/2015,MDI2,MD-7,Jh jdm,20,8,Rocks,
6/10/2015,MDI2,MD-7,Jh jdm,19,10,,
6/10/2015,MDI2,MD-7,Jh jdm,11,10.5,,
6/10/2015,MDI2,MD-7,Jh jdm,10,5,,
6/10/2015,MDI2,MD-7,Jh jdm,1,4,,
6/10/2015,MDI2,MD-7,Jh jdm,2,5,,
6/10/2015,MDI2,MD-7,Jh jdm,9,6,,
6/10/2015,MDI2,MD-7,Jh jdm,12,9,,
6/10/2015,MDI2,MD-7,Jh jdm,18,9,,
6/10/2015,MDI2,MD-7,Jh jdm,13,8.5,,
6/10/2015,MDI2,MD-7,Jh jdm,8,6.5,,
6/10/2015,MDI2,MD-7,Jh jdm,3,7,? hhhh ,
6/10/2015,MDI2,MD-7,Jh jdm,4,10,,
6/10/2015,MDI2,MD-7,Jh jdm,7,11,,
6/10/2015,MDI2,MD-7,Jh jdm,14,6,,
6/10/2015,MDI2,MD-7,Jh jdm,17,7.5,,
6/10/2015,MDI2,MD-7,Jh jdm,16,9,,
6/10/2015,MDI2,MD-7,Jh jdm,15,6,,
6/10/2015,MDI2,MD-7,Jh jdm,6,10.5,,
6/10/2015,MDI2,MD-7,Jh jdm,5,10,,
7/13/2015,MDI3,MD-6,SF: JM,1,11.5,See photo,Soil_MDI3_Stake1.JPG
7/13/2015,MDI3,MD-6,SF: JM,2,8.5,,
7/13/2015,MDI3,MD-6,SF: JM,3,9.5,,
7/13/2015,MDI3,MD-6,SF: JM,4,5,,
7/13/2015,MDI3,MD-6,SF: JM,5,5.5,Patch organic on bottom of sample? Not really a buried horizon... See photo. ,Soil_MD-6_Stake5a.JPG; Soil_MD-6_Stake5b.JPG; Soil_MD-6_Stake5c.JPG
7/13/2015,MDI3,MD-6,SF: JM,6,11,,
7/13/2015,MDI3,MD-6,SF: JM,7,7.5,,
7/13/2015,MDI3,MD-6,SF: JM,8,12,,
7/13/2015,MDI3,MD-6,SF: JM,9,7,,
7/13/2015,MDI3,MD-6,SF: JM,10,8,,Soil_MDI3_Stake10.JPG
7/13/2015,MDI3,MD-6,SF: JM,11,8,,
7/13/2015,MDI3,MD-6,SF: JM,12,6,,Soil_MDI3_Stake12.JPG
7/13/2015,MDI3,MD-6,SF: JM,13,11,,
7/13/2015,MDI3,MD-6,SF: JM,14,8,,
7/13/2015,MDI3,MD-6,SF: JM,15,9.5,,
7/13/2015,MDI3,MD-6,SF: JM,16,12,,Soil_MDI3_Stake16.JPG
7/13/2015,MDI3,MD-6,SF: JM,17,8,,
7/13/2015,MDI3,MD-6,SF: JM,18,5.5,,
7/13/2015,MDI3,MD-6,SF: JM,19,12,Taken in a sunken area of the topography.,Soil_MDI3_Stake19.JPG
7/13/2015,MDI3,MD-6,SF: JM,20,5,,Soil_MDI3_Stake20.JPG
7/13/2015,MDI1,MD-5,Sf: jdm,14,17,,Soil_MDI1_Stake14.JPG
7/13/2015,MDI1,MD-5,Sf: jdm,15,11.5,,
7/13/2015,MDI1,MD-5,Sf: jdm,16,11,,
7/13/2015,MDI1,MD-5,Sf: jdm,17,9.5,,
7/13/2015,MDI1,MD-5,Sf: jdm,18,13,Charcoal layer at 16cm,Soil_MD-5_Stake18a.JPG; Soil_MD-5_Stake18b.JPG
7/13/2015,MDI1,MD-5,Sf: jdm,19,18,,Soil_MDI1_Stake19.JPG
7/13/2015,MDI1,MD-5,Sf: jdm,20,15.5,Tried for a sample here but too much compaction. ,Soil_MDI1_Stake20.JPG
7/14/2015,SL1A,SL1A,Sf: jh: jdm,1,10,,
7/14/2015,SL1A,SL1A,Sf: jh: jdm,2,11,,Soil_SL1A_Stake2.JPG
7/14/2015,SL1A,SL1A,Sf: jh: jdm,3,15,,Soil_SL1A_Stake3.JPG
7/14/2015,SL1A,SL1A,Sf: jh: jdm,4,9,,
7/14/2015,SL1A,SL1A,Sf: jh: jdm,5,10,,
7/14/2015,SL1A,SL1A,Sf: jh: jdm,6,23.5,Mineral layer seemingly between 16 & 20cm,Soil_SL1A_Stake6.JPG
7/14/2015,SL1A,SL1A,Sf: jh: jdm,7,12,,Soil_SL1A_Stake7.JPG
7/14/2015,SL1A,SL1A,Sf: jh: jdm,8,11,,
7/14/2015,SL1A,SL1A,Sf: jh: jdm,9,11,Couldnt drill any deeper to get more mineral. Tried also with long corer and couldn't get any farther.,
7/14/2015,SL1A,SL1A,Sf: jh: jdm,10,8,,
7/14/2015,SL1A,SL1A,Sf: jh: jdm,11,11,,Soil_SL1A_Stake11.JPG
7/14/2015,SL1A,SL1A,Sf: jh: jdm,12,25,,Soil_SL1A_Stake12.JPG
7/14/2015,SL1A,SL1A,Sf: jh: jdm,13,7,,
7/14/2015,SL1A,SL1A,Sf: jh: jdm,14,12.5,,
7/14/2015,SL1A,SL1A,Sf: jh: jdm,15,12,,Soil_SL1A_Stake15.JPG
7/14/2015,SL1A,SL1A,Sf: jh: jdm,16,18,,Soil_SL1A_Stake16a.JPG; Soil_SL1A_Stake16b.JPG
7/14/2015,SL1A,SL1A,Sf: jh: jdm,17,12,,Soil_SL1A_Stake17.JPG
7/14/2015,SL1A,SL1A,Sf: jh: jdm,18,11,,Soil_SL1A_Stake18.JPG
7/14/2015,SL1A,SL1A,Sf: jh: jdm,19,13,,
7/14/2015,SL1A,SL1A,Sf: jh: jdm,20,8,,
7/15/2015,WDI5,WD-6,SF: JDM: NR,20,8.5,Depth to rock,
7/15/2015,WDI5,WD-6,SF: JDM: NR,19,6,Depth to rock,
7/15/2015,WDI5,WD-6,SF: JDM: NR,18,3.5,,Soil_WDI5_Stake18.JPG
7/15/2015,WDI5,WD-6,SF: JDM: NR,17,3,,Soil_WDI5_Stake17.JPG
7/15/2015,WDI5,WD-6,SF: JDM: NR,16,5.5,,Soil_WDI5_Stake16.JPG
7/15/2015,WDI5,WD-6,SF: JDM: NR,15,2.5,,
7/15/2015,WDI5,WD-6,SF: JDM: NR,14,6,After that: 1cm of mineral and then rock.,
7/15/2015,WDI5,WD-6,SF: JDM: NR,13,4.5,1cm of mineral after that: then rock.,
7/15/2015,WDI5,WD-6,SF: JDM: NR,12,4,,
7/15/2015,WDI6,WD-8,Nr: jdm: sf,1,7,,
7/15/2015,WDI6,WD-8,Nr: jdm: sf,2,5,,Soil_WDI6_Stake2.JPG
7/15/2015,WDI6,WD-8,Nr: jdm: sf,3,5,,Soil_WDI6_Stake3.JPG
7/15/2015,WDI6,WD-8,Nr: jdm: sf,4,6,Exposed rock onsurface,
7/15/2015,WDI6,WD-8,Nr: jdm: sf,5,5,Steep hill slope ,
7/15/2015,WDI6,WD-8,Nr: jdm: sf,6,0.5,Exposed rock at surface: steep slope,
7/15/2015,WDI6,WD-8,Nr: jdm: sf,7,4.5,Hit copper colored mineral with sandy texture,Soil_WDI6_Stake7.JPG
7/15/2015,WDI6,WD-8,Nr: jdm: sf,8,3,,
7/15/2015,WDI6,WD-8,Nr: jdm: sf,9,4.5,,
7/15/2015,WDI6,WD-8,Nr: jdm: sf,10,5.5,,
7/15/2015,WDI6,WD-8,Nr: jdm: sf,14,6,sample and org depth taken here. recorded both separately ,Soil_WDI6_Stake14.JPG
7/15/2015,WDI6,WD-8,Nr: jdm: sf,20,5.5,sample and org depth taken here. recorded both separatel,Soil_WDI6_Stake20.JPG
7/15/2015,WDI5,WD-6,JDM: SF: NR,1,2.5,,
7/15/2015,WDI5,WD-6,JDM: SF: NR,2,1.5,,Soil_WDI5_Stake2.JPG
7/15/2015,WDI5,WD-6,JDM: SF: NR,3,2,,Soil_WDI5_Stake3.JPG
7/15/2015,WDI5,WD-6,JDM: SF: NR,4,3,,Soil_WDI5_Stake4.JPG
7/15/2015,WDI5,WD-6,JDM: SF: NR,5,3.5,,
7/15/2015,WDI5,WD-6,JDM: SF: NR,6,4,,
7/15/2015,WDI5,WD-6,JDM: SF: NR,7,2,,
7/15/2015,WDI5,WD-6,JDM: SF: NR,8,2,,Soil_WDI5_Stake8.JPG
7/15/2015,WDI5,WD-6,JDM: SF: NR,9,3.5,,Soil_WDI5_Stake9.JPG
7/15/2015,WDI5,WD-6,JDM: SF: NR,10,7,,Soil_WDI5_Stake10.JPG
7/15/2015,WDI5,WD-6,JDM: SF: NR,11,5,,
7/15/2015,WDI6,WD-8,SF: JDM: NR,20,4,Mostly consolidated litter. sample and org depth taken here. recorded both separatel,Soil_WDI6_Stake20.JPG
7/15/2015,WDI6,WD-8,SF: JDM: NR,19,7,Difficult to tell: fine roots with small amount of mineral gradually mixing. 4 cm of this after end of sample: becoming proportionally more mineral: then rock. ,
7/15/2015,WDI6,WD-8,SF: JDM: NR,18,6.5,,Soil_WDI6_Stake18.JPG
7/15/2015,WDI6,WD-8,SF: JDM: NR,17,5,,
7/15/2015,WDI6,WD-8,SF: JDM: NR,16,6,,
7/15/2015,WDI6,WD-8,SF: JDM: NR,15,4.5,,
7/15/2015,WDI6,WD-8,SF: JDM: NR,14,8,sample and org depth taken here. recorded both separatel,Soil_WDI6_Stake14.JPG
7/15/2015,WDI6,WD-8,SF: JDM: NR,13,1.5,,
7/15/2015,WDI6,WD-8,SF: JDM: NR,12,6.5,,
7/15/2015,WDI6,WD-8,SF: JDM: NR,11,5.5,,
8/6/2015,BDI5,BD-7,Lw: sf: jdm,1,4,,
8/6/2015,BDI5,BD-7,Lw: sf: jdm,2,3,,
8/6/2015,BDI5,BD-7,Lw: sf: jdm,3,0,,Soil_BDI5_Stake3.JPG
8/6/2015,BDI5,BD-7,Lw: sf: jdm,4,0.5,,
8/6/2015,BDI5,BD-7,Lw: sf: jdm,5,1.5,,Soil_BDI5_Stake5.JPG
8/6/2015,BDI5,BD-7,Lw: sf: jdm,6,2,,
8/6/2015,BDI5,BD-7,Lw: sf: jdm,7,3,,
8/6/2015,BDI5,BD-7,Lw: sf: jdm,8,4,,
8/6/2015,BDI5,BD-7,Lw: sf: jdm,9,3,,Soil_BDI5_Stake9.JPG
8/6/2015,BDI5,BD-7,Lw: sf: jdm,10,2.5,,
8/6/2015,BDI5,BD-7,Lw: sf: jdm,11,9.5,,Soil_BDI5_Stake11.JPG
8/6/2015,BDI5,BD-7,Lw: sf: jdm,14,2,,
8/6/2015,BDI5,BD-7,Lw: sf: jdm,17,5.5,,
8/6/2015,BDI5,BD-7,Lw: sf: jdm,20,1.5,,
8/6/2015,BDI4,BD-11,Sf: lw: jdm,20,7,Hit rock at bottom. ,
8/6/2015,BDI4,BD-11,Sf: lw: jdm,17,7.5,Rocky.,
8/6/2015,BDI4,BD-11,Sf: lw: jdm,14,7,Shorty. Rocks.,
8/6/2015,BDI4,BD-11,Sf: lw: jdm,10,5.5,,
8/6/2015,BDI4,BD-11,Sf: lw: jdm,2,4.5,,
8/7/2015,BDI3,BD-9,Sf: lw: jdm,20,6,,
8/7/2015,BDI3,BD-9,Sf: lw: jdm,19,4,,
8/7/2015,BDI3,BD-9,Sf: lw: jdm,17,3,,
8/7/2015,BDI3,BD-9,Sf: lw: jdm,16,5,,
8/7/2015,BDI3,BD-9,Sf: lw: jdm,15,2.5,,Soil_BDI3_Stake15.JPG
8/7/2015,BDI3,BD-9,Sf: lw: jdm,14,3,,Soil_BDI3_Stake14.JPG
8/7/2015,BDI3,BD-9,Sf: lw: jdm,13,3,,
8/7/2015,BDI3,BD-9,Sf: lw: jdm,11,4.5,,Soil_BDI3_Stake11.JPG
8/7/2015,BDI3,BD-9,Sf: lw: jdm,10,3,,
8/7/2015,BDI3,BD-9,Sf: lw: jdm,8,8.5,,
8/7/2015,BDI3,BD-9,Sf: lw: jdm,7,1,,
8/7/2015,BDI2,BD-10,SMF: JDM: LE,1,5,I think this one got sampled twice,
8/7/2015,BDI2,BD-10,SMF: JDM: LE,2,6.5,,
8/7/2015,BDI2,BD-10,SMF: JDM: LE,6,11,,
8/7/2015,BDI2,BD-10,SMF: JDM: LE,8,9,,
8/7/2015,BDI2,BD-10,SMF: JDM: LE,14,8.5,,
8/7/2015,BDI2,BD-10,SMF: JDM: LE,18,8,,
8/7/2015,BDI2,BD-10,SMF: JDM: LE,17,4,,
8/7/2015,BDI2,BD-10,SMF: JDM: LE,16,6.5,,
8/7/2015,BDI2,BD-10,SMF: JDM: LE,19,6.5,,
8/7/2015,BDI2,BD-10,SMF: JDM: LE,20,5.5,Buried organic from 11-12.5 only. Measured first layer of org only. See photo,Soil_BDI2_Stake20.JPG
8/8/2015,BDI1,BD-6,SF: JDM: Lw,2,5.5,,Soil_BDI1_Stake2.JPG
8/8/2015,BDI1,BD-6,SF: JDM: Lw,3,7.5,,Soil_BDI1_Stake3.JPG
8/8/2015,BDI1,BD-6,SF: JDM: Lw,4,13,,
8/8/2015,BDI1,BD-6,SF: JDM: Lw,5,11.5,,Soil_BDI1_Stake5.JPG
8/8/2015,BDI1,BD-6,SF: JDM: Lw,7,8,,Soil_BDI1_Stake7.JPG
8/8/2015,BDI1,BD-6,SF: JDM: Lw,9,5,,
8/8/2015,BDI1,BD-6,SF: JDM: Lw,10,5,Roots and charcoal throughout mineral. See photo,Soil_BDI1_Stake10.JPG
8/8/2015,BDI1,BD-6,SF: JDM: Lw,12,4,Three distinct color layers in mineral. See photo.,Soil_BDI1_Stake12.JPG
8/8/2015,BDI1,BD-6,SF: JDM: Lw,13,6,,
8/8/2015,BDI1,BD-6,SF: JDM: Lw,14,5.5,,
8/8/2015,BDI1,BD-6,SF: JDM: Lw,15,9,,
8/8/2015,BDI1,BD-6,SF: JDM: Lw,16,11,,Soil_BDI1_Stake16.JPG
8/8/2015,BDI1,BD-6,SF: JDM: Lw,18,6,Two org depths got collected here. ,
8/8/2015,BDI7,BD-2,SMF: JDM: LW,1,10.5,,
8/8/2015,BDI7,BD-2,SMF: JDM: LW,3,4.5,,Soil_BDI7_Stake3.JPG
8/8/2015,BDI7,BD-2,SMF: JDM: LW,4,9.5,,
8/8/2015,BDI7,BD-2,SMF: JDM: LW,5,9.5,,
8/8/2015,BDI7,BD-2,SMF: JDM: LW,7,10,,
8/8/2015,BDI7,BD-2,SMF: JDM: LW,8,7,,
8/8/2015,BDI7,BD-2,SMF: JDM: LW,10,8,,Soil_BDI7_Stake10.JPG
8/8/2015,BDI7,BD-2,SMF: JDM: LW,12,11.5,,
8/8/2015,BDI7,BD-2,SMF: JDM: LW,13,11,,
8/8/2015,BDI7,BD-2,SMF: JDM: LW,14,11,,Soil_BDI7_Stake14.JPG
8/8/2015,BDI7,BD-2,SMF: JDM: LW,15,10,,
8/8/2015,BDI7,BD-2,SMF: JDM: LW,16,10,,
8/8/2015,BDI7,BD-2,SMF: JDM: LW,17,7,Rocky.,
8/8/2015,BDI8,BD-1,SMF: JDM: LW,1,9.5,,
8/8/2015,BDI8,BD-1,SMF: JDM: LW,3,9,,Soil_BDI8_Stake3.JPG
8/8/2015,BDI8,BD-1,SMF: JDM: LW,4,7,,
8/8/2015,BDI8,BD-1,SMF: JDM: LW,5,8,,
8/8/2015,BDI8,BD-1,SMF: JDM: LW,6,9,,
8/8/2015,BDI8,BD-1,SMF: JDM: LW,8,14.5,,
8/8/2015,BDI8,BD-1,SMF: JDM: LW,10,11,,
8/8/2015,BDI8,BD-1,SMF: JDM: LW,11,12.5,,Soil_BDI8_Stake11.JPG
8/8/2015,BDI8,BD-1,SMF: JDM: LW,13,9,,
8/8/2015,BDI8,BD-1,SMF: JDM: LW,14,7.5,,
8/8/2015,BDI8,BD-1,SMF: JDM: LW,15,12.5,,
8/8/2015,BDI8,BD-1,SMF: JDM: LW,16,10,,
8/9/2015,LGI1,LG-2,Sf: jm: lw,2,28,Nearly all organic. We may sipre core this site: but keeping this sample anyway. Unable to get a useable samble includig mineral due to compaction of organic and displacement of mineral. Did attempt to collect these layers at separate times. ,Soil_LGI1_Stake2.JPG
8/7/2015,BDI3,BD-9,Lw: sf: jdm,1,2,,
8/7/2015,BDI3,BD-9,Lw: sf: jdm,3,2,,
8/7/2015,BDI3,BD-9,Lw: sf: jdm,2,4,,
8/7/2015,BDI3,BD-9,Lw: sf: jdm,4,6,,
8/7/2015,BDI3,BD-9,Lw: sf: jdm,5,3.5,,
8/7/2015,BDI3,BD-9,Lw: sf: jdm,6,6.5,,
8/7/2015,BDI3,BD-9,Lw: sf: jdm,9,7,Rock below sample,
8/7/2015,BDI3,BD-9,Lw: sf: jdm,12,7,,
8/7/2015,BDI3,BD-9,Lw: sf: jdm,18,5.5,,
8/7/2015,BDI2,BD-10,Sf: jm: lw,1,8,,Soil_BDI2_Stake1.JPG
8/7/2015,BDI2,BD-10,Sf: jm: lw,3,10,,
8/7/2015,BDI2,BD-10,Sf: jm: lw,4,17,,
8/7/2015,BDI2,BD-10,Sf: jm: lw,5,13.5,,
8/7/2015,BDI2,BD-10,Sf: jm: lw,7,10,,
8/7/2015,BDI2,BD-10,Sf: jm: lw,9,11,,
8/7/2015,BDI2,BD-10,Sf: jm: lw,10,8,,Soil_BDI2_Stake10.JPG
8/7/2015,BDI2,BD-10,Sf: jm: lw,11,13.5,,Soil_BDI2_Stake11.JPG
8/7/2015,BDI2,BD-10,Sf: jm: lw,13,8,,
8/7/2015,BDI2,BD-10,Sf: jm: lw,15,6.5,,
8/8/2015,BDI1,BD-6,Sf: lw: jdm,1,4.5,,
8/8/2015,BDI1,BD-6,Sf: lw: jdm,6,11,,
8/8/2015,BDI1,BD-6,Sf: lw: jdm,8,7,,
8/8/2015,BDI1,BD-6,Sf: lw: jdm,11,4.5,,
8/8/2015,BDI1,BD-6,Sf: lw: jdm,20,5.5,,
8/8/2015,BDI1,BD-6,Sf: lw: jdm,17,6,,
8/8/2015,BDI1,BD-6,Sf: lw: jdm,18,6,,
8/8/2015,BDI1,BD-6,Sf: lw: jdm,19,6.5,,Soil_BDI1_Stake19.JPG
8/8/2015,BDI7,BD-2,Jf: jm: lw,2,7.5,,
8/8/2015,BDI7,BD-2,Jf: jm: lw,6,8.5,,
8/8/2015,BDI7,BD-2,Jf: jm: lw,9,12,,
8/8/2015,BDI7,BD-2,Jf: jm: lw,11,10.5,,
8/8/2015,BDI7,BD-2,Jf: jm: lw,19,10,Very rocky,
8/8/2015,BDI7,BD-2,Jf: jm: lw,20,6,,
8/8/2015,BDI7,BD-2,Jf: jm: lw,18,8,,
8/8/2015,BDI8,BD-1,Sf: lw: jdm,2,7,,
8/8/2015,BDI8,BD-1,Sf: lw: jdm,7,7,,
8/8/2015,BDI8,BD-1,Sf: lw: jdm,9,6,,
8/8/2015,BDI8,BD-1,Sf: lw: jdm,12,5.5,,
8/8/2015,BDI8,BD-1,Sf: lw: jdm,19,7,,
8/8/2015,BDI8,BD-1,Sf: lw: jdm,20,15,,
8/8/2015,BDI8,BD-1,Sf: lw: jdm,18,15,,Soil_BDI8_Stake18.JPG
8/8/2015,BDI8,BD-1,Sf: lw: jdm,17,8,,
8/11/2015,WDI1,WD-1,Sf:jdm,1,11.5,,
8/11/2015,WDI1,WD-1,Sf:jdm,2,18,,Soil_WDI1_Stake2.JPG
8/11/2015,WDI1,WD-1,Sf:jdm,3,12,,
8/11/2015,WDI1,WD-1,Sf:jdm,4,12,,
8/11/2015,WDI1,WD-1,Sf:jdm,5,14,,Soil_WDI1_Stake5.JPG
8/11/2015,WDI1,WD-1,Sf:jdm,6,17,,
8/11/2015,WDI1,WD-1,Sf:jdm,7,10,,
8/11/2015,WDI1,WD-1,Sf:jdm,8,12,,Soil_WDI1_Stake8.JPG
8/11/2015,WDI1,WD-1,Sf:jdm,9,13,,
8/11/2015,WDI1,WD-1,Sf:jdm,10,14,,Soil_WDI1_Stake10.JPG
8/11/2015,WDI1,WD-1,Sf:jdm,11,19,,
8/11/2015,WDI1,WD-1,Sf:jdm,12,11.5,,
8/11/2015,WDI1,WD-1,Sf:jdm,13,7.5,,
8/11/2015,WDI1,WD-1,Sf:jdm,14,11.5,,
8/11/2015,WDI1,WD-1,Sf:jdm,15,10.5,,
8/11/2015,WDI1,WD-1,Sf:jdm,16,11.5,,
8/11/2015,WDI1,WD-1,Sf:jdm,17,12,,
8/11/2015,WDI1,WD-1,Sf:jdm,18,11,,
8/11/2015,WDI1,WD-1,Sf:jdm,19,14,,
8/11/2015,WDI1,WD-1,Sf:jdm,20,14,,
8/12/2015,WDI4,WD-4,JDM: SMF,2,10,,
8/12/2015,WDI4,WD-4,JDM: SMF,3,8.5,,Soil_WDI4_Stake3.JPG
8/12/2015,WDI4,WD-4,JDM: SMF,5,9,,
8/12/2015,WDI4,WD-4,JDM: SMF,7,6,,
8/12/2015,WDI4,WD-4,JDM: SMF,8,11.5,,
8/12/2015,WDI4,WD-4,JDM: SMF,10,5,To rock. ,
8/12/2015,WDI4,WD-4,JDM: SMF,11,6,,
8/12/2015,WDI4,WD-4,JDM: SMF,13,4,,Soil_WDI4_Stake13.JPG
8/12/2015,WDI4,WD-4,JDM: SMF,14,5,,
8/12/2015,WDI4,WD-4,JDM: SMF,15,5.5,,Soil_WDI4_Stake15.JPG
8/12/2015,WDI4,WD-4,JDM: SMF,16,8,,
8/12/2015,WDI4,WD-4,JDM: SMF,17,10,,
8/12/2015,WDI4,WD-4,JDM: SMF,18,9,,
8/12/2015,WDI4,WD-4,JDM: SMF,20,6,,
8/12/2015,WDI3,WD-3,SF: JM,1,7,,
8/12/2015,WDI3,WD-3,SF: JM,2,12.5,,Soil_WDI3_Stake2.JPG
8/12/2015,WDI3,WD-3,SF: JM,3,4,,
8/12/2015,WDI3,WD-3,SF: JM,5,11,Though maybe less. Seems like some mineral up in root/ decomposing litter layer. ,
8/12/2015,WDI3,WD-3,SF: JM,7,8,,Soil_WDI3_Stake7.JPG
8/12/2015,WDI3,WD-3,SF: JM,8,8,,
8/12/2015,WDI3,WD-3,SF: JM,10,11,,Soil_WDI3_Stake10.JPG
8/12/2015,WDI3,WD-3,SF: JM,11,6.5,,
8/12/2015,WDI3,WD-3,SF: JM,13,8.5,,
8/12/2015,WDI3,WD-3,SF: JM,14,6,To rock,
8/12/2015,WDI3,WD-3,SF: JM,15,11,,
8/12/2015,WDI3,WD-3,SF: JM,16,9,,
8/12/2015,WDI3,WD-3,SF: JM,17,5.5,To rock. ,
8/12/2015,WDI2,WD-2,SF: JM,1,5.5,,Soil_WDI2_Stake1.JPG
8/12/2015,WDI2,WD-2,SF: JM,2,11,,Soil_WDI2_Stake2.JPG
8/12/2015,WDI2,WD-2,SF: JM,4,7.5,,
8/12/2015,WDI2,WD-2,SF: JM,5,8.5,To rock,
8/12/2015,WDI2,WD-2,SF: JM,7,5.5,,
8/12/2015,WDI2,WD-2,SF: JM,8,8,To rock,
8/12/2015,WDI2,WD-2,SF: JM,10,8.5,,
8/12/2015,WDI2,WD-2,SF: JM,11,8.5,,
8/12/2015,WDI2,WD-2,SF: JM,13,3,,
8/12/2015,WDI2,WD-2,SF: JM,14,6,,
8/12/2015,WDI2,WD-2,SF: JM,15,6.5,,
8/12/2015,WDI2,WD-2,SF: JM,16,8,,
8/12/2015,WDI2,WD-2,SF: JM,17,6,,
8/12/2015,WDI2,WD-2,SF: JM,18,6,,
8/12/2015,WDI4,WD-4,Sf:jdm,1,8,,Soil_WDI4_Stake1.JPG
8/12/2015,WDI4,WD-4,Sf:jdm,9,6,,
8/12/2015,WDI4,WD-4,Sf:jdm,12,6,,
8/12/2015,WDI4,WD-4,Sf:jdm,19,5.5,,
8/12/2015,WDI4,WD-4,Sf:jdm,6,7,,
8/12/2015,WDI4,WD-4,Sf:jdm,4,8,,
8/12/2015,WDI3,WD-3,Sf: jdm,4,7,,
8/12/2015,WDI3,WD-3,Sf: jdm,6,8,,
8/12/2015,WDI3,WD-3,Sf: jdm,9,12,,
8/12/2015,WDI3,WD-3,Sf: jdm,12,6,Exposed rock,
8/12/2015,WDI3,WD-3,Sf: jdm,20,3,,Soil_WDI3_Stake20.JPG
8/12/2015,WDI3,WD-3,Sf: jdm,19,10,,
8/12/2015,WDI2,WD-2,Sf: jdm,3,8,,
8/12/2015,WDI2,WD-2,Sf: jdm,6,5,,
8/12/2015,WDI2,WD-2,Sf: jdm,9,6,,
8/12/2015,WDI2,WD-2,Sf: jdm,12,9,,
8/12/2015,WDI2,WD-2,Sf: jdm,19,8,Not great sample. Lots of rocks made holes. Best of three.,
8/12/2015,WDI2,WD-2,Sf: jdm,20,3,,
9/1/2015,BFY9,BF63,SF: KO,20,5.5,Rocky. ,Soil_BFY9_Stake20.JPG
9/1/2015,BFY9,BF63,SF: KO,1,8,To rock. Will be a sample collected here too. ,
9/1/2015,BFY9,BF63,SF: KO,2,6,,Soil_BFY9_Stake2.JPG
9/1/2015,BFY9,BF63,SF: KO,3,4.5,Gradual transition. Roots in mineral ,
9/1/2015,BFY9,BF63,SF: KO,4,9,Organicy. Big pieces of charcoal at mineral transition. ,Soil_BFY9_Stake4.JPG
9/1/2015,BFY9,BF63,SF: KO,6,8,,
9/1/2015,BFY9,BF63,SF: KO,8,12,Lots of moss,
9/1/2015,BFY9,BF63,SF: KO,9,7.5,,
9/1/2015,BFY9,BF63,SF: KO,10,16,Mossy. ,
9/1/2015,BFY9,BF63,SF: KO,11,5.5,,
9/1/2015,BFY9,BF63,SF: KO,13,7.5,,
9/1/2015,BFY9,BF63,SF: KO,14,12,Mossy,
9/1/2015,BFY9,BF63,SF: KO,15,6.5,To rock ,
9/1/2015,BFY9,BF63,SF: KO,16,4,,
9/1/2015,BFY9,BF63,SF: KO,17,4.5,,
9/1/2015,BFY9,BF63,SF: KO,18,4,,
9/1/2015,BFY9,BF63,Ko,19,15,Rocky,
9/1/2015,BFY9,BF63,Ko,12,16,Rocky,
9/1/2015,BFY9,BF63,Ko,7,12,Rocky,
9/1/2015,BFY9,BF63,Ko,5,10,Rocky,
9/1/2015,BFY9,BF63,Ko,1,14,Rocky,
9/2/2015,LGI1,LG-2,SF KO,2,23.5,,Soil_LGI1_Stake2.JPG
9/2/2015,LGI1,LG-2,SF KO,8,32,,Soil_LGI1_Stake8.JPG
9/2/2015,LGI1,LG-2,SF KO,14,15,,Soil_LGI1_Stake14.JPG
9/3/2015,UP4B,UP4B,SF: KO,1,34,Way too much organic compaction for all cores at this site: so used method of drilling to mineral: measuring length of mineral: then subtracting from depth of hole to get organic. Tested by cutting into one hole for visual inspection. Seemed to match very closley. ,No samples collected here. use frost probe data to sipre core. Schist layer between 60-70 inches
9/3/2015,UP4B,UP4B,SF: KO,2,31,,
9/3/2015,UP4B,UP4B,SF: KO,3,28,,
9/3/2015,UP4B,UP4B,SF: KO,4,33,,
9/3/2015,UP4B,UP4B,SF: KO,5,34.5,,
9/3/2015,UP4B,UP4B,SF: KO,7,39.5,Sphagnum,
9/3/2015,UP4B,UP4B,SF: KO,9,37.5,,
9/3/2015,UP4B,UP4B,SF: KO,10,35,Charcoal layer at 34 ,
9/3/2015,UP4B,UP4B,SF: KO,11,24,,Soil_UP4B_Stake11.JPG
9/3/2015,UP4B,UP4B,SF: KO,13,29,,
9/3/2015,UP4B,UP4B,SF: KO,14,40.5,Sphagnum,
9/3/2015,UP4B,UP4B,SF: KO,15,40,,
9/3/2015,UP4B,UP4B,SF: KO,17,38,,
9/3/2015,UP4B,UP4B,SF: KO,18,28.5,,
9/3/2015,UP4B,UP4B,SF: KO,19,35.5,,
9/3/2015,UP4B,UP4B,SF: KO,8,39.5,,
9/3/2015,UP4B,UP4B,SF: KO,20,36,,Soil_UP4B_Stake20.JPG
9/3/2015,UP4A,UP4A,SF: KO,1,27,Way too much organic compaction for all cores at this site: so used method of drilling to mineral: measuring length of mineral: then subtracting from depth of hole to get organic. Tested by successfully at up4b.,
9/3/2015,UP4A,UP4A,SF: KO,2,21,,Soil_UP4A_Stake2.JPG
9/3/2015,UP4A,UP4A,SF: KO,3,18,,
9/3/2015,UP4A,UP4A,SF: KO,4,28.5,,
9/3/2015,UP4A,UP4A,SF: KO,5,28.5,,
9/3/2015,UP4A,UP4A,SF: KO,6,24,,
9/3/2015,UP4A,UP4A,SF: KO,7,29,,
9/3/2015,UP4A,UP4A,SF: KO,9,21,,
9/3/2015,UP4A,UP4A,SF: KO,10,24,,
9/3/2015,UP4A,UP4A,SF: KO,11,21,,
9/3/2015,UP4A,UP4A,SF: KO,13,29,,Soil_UP4A_Stake13.JPG
9/3/2015,UP4A,UP4A,SF: KO,14,23.5,,
9/3/2015,UP4A,UP4A,SF: KO,15,26,,
9/3/2015,UP4A,UP4A,SF: KO,17,22,,
9/3/2015,UP4A,UP4A,SF: KO,18,19.9,,
9/3/2015,UP4A,UP4A,SF: KO,19,17,,
9/3/2015,UP4A,UP4A,SF: KO,20,23,,
9/3/2015,UP4B,UP4B,Ko,6,40,,
9/3/2015,UP4B,UP4B,Ko,16,24,,
9/3/2015,UP4B,UP4B,Ko,12,29,,
9/3/2015,UP4A,UP4A,Ko,8,36,No core,
9/3/2015,UP4A,UP4A,Ko,12,16,,
9/3/2015,UP4A,UP4A,Ko,16,27,No core,
9/23/2015,FP5A,FP5A,Ko cc,2,28,,
9/23/2015,FP5A,FP5A,Ko cc,6,26,,
9/23/2015,FP5A,FP5A,Ko cc,1,12,,
9/23/2015,FP5A,FP5A,Ko cc,3,24,,
9/23/2015,FP5A,FP5A,Ko cc,4,18,,
9/23/2015,FP5A,FP5A,Ko cc,5,27,,
9/23/2015,FP5A,FP5A,Ko cc,7,24,,
9/23/2015,FP5A,FP5A,Ko cc,8,20,,
9/23/2015,FP5A,FP5A,Ko cc,9,20,,
9/23/2015,FP5A,FP5A,Ko cc,20,28,,
9/23/2015,FP5A,FP5A,Ko cc,18,28,,
9/23/2015,FP5A,FP5A,CC,14,20,,
9/23/2015,FP5A,FP5A,CC,19,23,,
9/23/2015,FP5A,FP5A,CC,10,17,,
9/23/2015,FP5A,FP5A,CC,11,11,,
9/23/2015,FP5A,FP5A,CC,12,15,,
9/23/2015,FP5A,FP5A,CC,13,17,,
9/23/2015,FP5A,FP5A,CC,15,21,,
9/23/2015,FP5A,FP5A,CC,16,23,,
9/23/2015,FP5A,FP5A,CC,17,20,,
9/24/2015,WCM4,TKN0012,SF,1,22,,
9/24/2015,WCM4,TKN0012,SF,10,27,,
9/24/2015,WCM4,TKN0012,SF,11,23,,
9/24/2015,WCM4,TKN0012,SF,20,17,,Soil_WCM4_Stake20.JPG
9/24/2015,WCM4,TKN0012,SF,19,20,,
9/24/2015,WCM4,TKN0012,SF,18,20,,
9/24/2015,WCM4,TKN0012,SF,17,26,,Soil_WCM4_Stake17.JPG
9/24/2015,WCM4,TKN0012,SF,16,19,,
9/24/2015,WCM4,TKN0012,SF,15,17,,
9/24/2015,WCM4,TKN0012,SF,14,20,,
9/24/2015,WCM4,TKN0012,SF,13,23.5,,
9/24/2015,WCM4,TKN0012,SF,9,25,,
9/24/2015,WCM4,TKN0012,SF,7,18.5,,
9/24/2015,WCM4,TKN0012,SF,6,24,,
9/24/2015,WCM4,TKN0012,SF,5,23,,
9/24/2015,WCM4,TKN0012,SF,3,26,,
9/24/2015,WCM4,TKN0012,SF,8,20,,
9/24/2015,WCM4,TKN0012,CC,2,24,,
9/24/2015,WCM4,TKN0012,CC,12,26,2 sleeves for sample; 1 of 2 and 2 of 2,
9/24/2015,WCM4,TKN0012,CC,16,22,2 sleeves for sample; 1 of 2 and 2 of 2,
9/24/2015,WCM4,TKN0012,CC,4,23,2 sleeves for sample; 1 of 2 and 2 of 2,
10/15/2015,GSM4,TKN0043,SF,20,27.5,,
10/15/2015,GSM4,TKN0043,SF,19,24,,
10/15/2015,GSM4,TKN0043,SF,18,22,,
10/15/2015,GSM4,TKN0043,SF,17,31,,
10/15/2015,GSM4,TKN0043,SF,16,23,,
10/15/2015,GSM4,TKN0043,SF,14,12,,
10/15/2015,GSM4,TKN0043,SF,15,17,,
10/15/2015,GSM4,TKN0043,SF,13,23,,
10/15/2015,GSM4,TKN0043,SF,12,29,,
10/15/2015,GSM4,TKN0043,SF,11,17,,
10/15/2015,GSM4,TKN0043,SF,10,50,,
10/15/2015,GSM4,TKN0043,SF,9,36,,
10/15/2015,GSM4,TKN0043,SF,8,13,,
10/15/2015,GSM4,TKN0043,SF,7,14,,
10/15/2015,GSM4,TKN0043,SF,6,26,,
10/15/2015,GSM4,TKN0043,SF,5,13.5,,
10/15/2015,GSM4,TKN0043,SF,4,19,,
10/15/2015,GSM4,TKN0043,SF,2,26,,
10/15/2015,GSM4,TKN0043,SF,3,29,,
10/15/2015,GSM4,TKN0043,SF,1,29,no samples collected at this site.,