,Site,Transect,Plot,FuelType,FuelLoad.kg.m2
1,BCEFM2,A,1,Fibric,0.68775
2,BCEFM2,A,2,Fibric,1.203125
3,BCEFM2,A,3,Fibric,5.67280093
4,BCEFM2,B,1,Fibric,0.248
5,BCEFM2,B,2,Fibric,1.84567901
6,BCEFM2,B,3,Fibric,6.8025
7,BDM1,A,1,Fibric,29.26388889
8,BDM1,A,2,Fibric,10.70740741
9,BDM1,A,3,Fibric,18.78555556
10,BDM1,B,1,Fibric,3.48861898
11,BDM1,B,2,Fibric,0.2553719
12,BDM1,B,3,Fibric,1.13157025
13,BFY10,A,1,Fibric,1.32825
14,BFY10,A,2,Fibric,1.3665
15,BFY10,A,3,Fibric,0.97825
16,BFY10,B,1,Fibric,1.9145
17,BFY10,B,2,Fibric,0.71775
18,BFY10,B,3,Fibric,0.33
19,BFY7,A,1,Fibric,3.47454545
20,BFY7,A,2,Fibric,0.4952381
21,BFY7,A,3,Fibric,1.55833333
22,BFY7,B,1,Fibric,7.69294118
23,BFY7,B,2,Fibric,1.12962963
24,BFY7,B,3,Fibric,1.53472222
25,BFY8,A,1,Fibric,0.33472222
26,BFY8,A,2,Fibric,0.99833333
27,BFY8,A,3,Fibric,0.49142857
28,BFY8,B,1,Fibric,0.55818182
29,BFY8,B,2,Fibric,1.23625
30,BFY8,B,3,Fibric,1.59185185
31,BFY9,A,1,Fibric,1.045
32,BFY9,A,2,Fibric,0.32708334
33,BFY9,A,3,Fibric,0.60714286
34,BFY9,B,1,Fibric,0.46074074
35,BFY9,B,2,Fibric,0.66530612
36,BFY9,B,3,Fibric,1.66875
37,DCY14,A,1,Fibric,8.65079365
38,DCY14,A,2,Fibric,10.4702381
39,DCY14,A,3,Fibric,1.32380952
40,DCY14,B,1,Fibric,8.14583333
41,DCY14,B,2,Fibric,1.7025
42,DCY14,B,3,Fibric,8.38320313
43,DCY2,A,1,Fibric,2.18111111
44,DCY2,A,2,Fibric,5.57873016
45,DCY2,A,3,Fibric,8.150625
46,DCY2,B,1,Fibric,2.13111111
47,DCY2,B,2,Fibric,1.84
48,DCY2,B,3,Fibric,1.965
49,DCY3,A,1,Fibric,1.005
50,DCY3,A,2,Fibric,1.55446429
51,DCY3,A,3,Fibric,4.2007451
52,DCY3,B,1,Fibric,0.18148148
53,DCY3,B,2,Fibric,0.63977273
54,DCY3,B,3,Fibric,0
55,DCY4,A,1,Fibric,2.234375
56,DCY4,A,2,Fibric,0.534375
57,DCY4,A,3,Fibric,1.3
58,DCY4,B,1,Fibric,0.67407407
59,DCY4,B,2,Fibric,2.10694445
60,DCY4,B,3,Fibric,1.02814815
61,DCY9,A,1,Fibric,0.78285714
62,DCY9,A,2,Fibric,0
63,DCY9,A,3,Fibric,0.542125
64,DCY9,B,1,Fibric,1.91805556
65,DCY9,B,2,Fibric,0.74444445
66,DCY9,B,3,Fibric,0
67,DDM2,A,1,Fibric,1.25175
68,DDM2,A,2,Fibric,0.92325
69,DDM2,A,3,Fibric,0
70,DDM2,B,3,Fibric,0.7095
71,DDM2,B,2,Fibric,1.11325
72,DDM2,B,1,Fibric,0
73,GRI1,A,1,Fibric,1.50816326
74,GRI1,A,2,Fibric,3.99857143
75,GRI1,A,3,Fibric,5
76,GRI1,B,1,Fibric,0.79285714
77,GRI1,B,2,Fibric,1.01354167
78,GRI1,B,3,Fibric,2.25277778
79,GRM3,A,1,Fibric,2.23125
80,GRM3,A,2,Fibric,1.83061224
81,GRM3,A,3,Fibric,0.90238095
82,GRM3,B,1,Fibric,3.61785714
83,GRM3,B,2,Fibric,2.075
84,GRM3,B,3,Fibric,1.71428571
85,GRM4,A,1,Fibric,1.71851852
86,GRM4,A,2,Fibric,1.35757576
87,GRM4,A,3,Fibric,3.6375
88,GRM4,B,1,Fibric,0.98205128
89,GRM4,B,2,Fibric,1.20555556
90,GRM4,B,3,Fibric,1.525
91,GSI1,A,1,Fibric,1.899
92,GSI1,A,2,Fibric,1.08311688
93,GSI1,A,3,Fibric,2.11666667
94,GSI1,B,1,Fibric,0
95,GSI1,B,2,Fibric,2.85506494
96,GSI1,B,3,Fibric,0.60826446
97,GSI2,A,1,Fibric,4.16583333
98,GSI2,A,2,Fibric,2.92441667
99,GSI2,A,3,Fibric,0.934
100,GSI2,B,1,Fibric,0.8032
101,GSI2,B,2,Fibric,3.8175
102,GSI2,B,3,Fibric,1.24865
103,GSM1,A,1,Fibric,1.9125
104,GSM1,A,2,Fibric,4.28285714
105,GSM1,A,3,Fibric,0.46296296
106,GSM1,B,1,Fibric,1.16958333
107,GSM1,B,2,Fibric,1.27767857
108,GSM1,B,3,Fibric,0.60333333
109,GSM3,A,1,Fibric,1.083
110,GSM3,A,2,Fibric,1.45075
111,GSM3,A,3,Fibric,1.1065
112,GSM3,B,1,Fibric,1.166
113,GSM3,B,2,Fibric,0.608015
114,GSM3,B,3,Fibric,0.48825
115,GSM4,A,1,Fibric,0.49047619
116,GSM4,A,2,Fibric,0.64691358
117,GSM4,A,3,Fibric,0.53055556
118,GSM4,B,1,Fibric,0.4390625
119,GSM4,B,2,Fibric,8.98571429
120,GSM4,B,3,Fibric,1.98333333
121,GSM5,A,1,Fibric,7.687875
122,GSM5,A,2,Fibric,1.40635
123,GSM5,A,3,Fibric,7.0856
124,GSM5,B,1,Fibric,8.55072
125,GSM5,B,2,Fibric,6.71217
126,GSM5,B,3,Fibric,3.487
127,LGI2,A,1,Fibric,0.56848485
128,LGI2,A,2,Fibric,0.74166666
129,LGI2,A,3,Fibric,0.30753968
130,LGI2,B,1,Fibric,2.15277778
131,LGI2,B,2,Fibric,1.20666667
132,LGI2,B,3,Fibric,1.29409091
133,MDI4,A,1,Fibric,0.83666667
134,MDI4,A,2,Fibric,2.28125
135,MDI4,A,3,Fibric,0.7375
136,MDI4,B,1,Fibric,1.287
137,MDI4,B,2,Fibric,1.08214286
138,MDI4,B,3,Fibric,1.76190476
139,MDI5,A,1,Fibric,0.36875
140,MDI5,A,2,Fibric,0.39722222
141,MDI5,A,3,Fibric,0.685
142,MDI5,B,1,Fibric,0.96428571
143,MDI5,B,2,Fibric,1.20714286
144,MDI5,B,3,Fibric,1.83458333
145,MDM1,A,1,Fibric,1.04791667
146,MDM1,A,2,Fibric,0.90816327
147,MDM1,A,3,Fibric,1.00591071
148,MDM1,B,1,Fibric,0.53333333
149,MDM1,B,2,Fibric,1.64285714
150,MDM1,B,3,Fibric,0.77678571
151,UP4D,A,1,Fibric,0.63434343
152,UP4D,A,2,Fibric,0.88359789
153,UP4D,A,3,Fibric,0.40833333
154,UP4D,B,1,Fibric,0.41111111
155,UP4D,B,2,Fibric,0.39027778
156,UP4D,B,3,Fibric,0.47222222
157,WCM2,A,1,Fibric,0.4640625
158,WCM2,A,2,Fibric,0.43928571
159,WCM2,A,3,Fibric,1.0952381
160,WCM2,B,1,Fibric,0.534375
161,WCM2,B,2,Fibric,1.29642857
162,WCM2,B,3,Fibric,0.90873016
163,WCM3,A,1,Fibric,4.26840278
164,WCM3,A,2,Fibric,5.6168
165,WCM3,A,3,Fibric,4.69523809
166,WCM3,B,1,Fibric,9.35
167,WCM3,B,2,Fibric,12.50656463
168,WCM3,B,3,Fibric,1.96944444
169,BCEFM2,A,1,Mesic,4.83333333
170,BCEFM2,A,2,Mesic,8.06369048
171,BCEFM2,A,3,Mesic,2.92722222
172,BCEFM2,B,1,Mesic,7.89
173,BCEFM2,B,2,Mesic,5.57559524
174,BCEFM2,B,3,Mesic,7.23
175,BDM1,A,1,Mesic,7.19444444
176,BDM1,A,2,Mesic,6.38888889
177,BDM1,A,3,Mesic,11.82222222
178,BDM1,B,1,Mesic,1.70964912
179,BDM1,B,2,Mesic,6.44736842
180,BDM1,B,3,Mesic,4.17060213
181,BFY10,A,1,Mesic,2.32566667
182,BFY10,A,2,Mesic,5.11575
183,BFY10,A,3,Mesic,4.395
184,BFY10,B,1,Mesic,3.81775
185,BFY10,B,2,Mesic,5.31681818
186,BFY10,B,3,Mesic,4.773
187,BFY7,A,1,Mesic,3.25714286
188,BFY7,A,2,Mesic,8.61142857
189,BFY7,A,3,Mesic,7.035
190,BFY7,B,1,Mesic,3.4691358
191,BFY7,B,2,Mesic,2.7
192,BFY7,B,3,Mesic,2.325
193,BFY8,A,1,Mesic,2.83469388
194,BFY8,A,2,Mesic,2.16833333
195,BFY8,A,3,Mesic,1.67592593
196,BFY8,B,1,Mesic,3.31666667
197,BFY8,B,2,Mesic,5.10833333
198,BFY8,B,3,Mesic,4.68888889
199,BFY9,A,1,Mesic,4.30277778
200,BFY9,A,2,Mesic,2.94761905
201,BFY9,A,3,Mesic,4.05
202,BFY9,B,1,Mesic,3.00857143
203,BFY9,B,2,Mesic,2.39047619
204,BFY9,B,3,Mesic,4.14375
205,DCY14,A,1,Mesic,7.07333333
206,DCY14,A,2,Mesic,11.42314815
207,DCY14,A,3,Mesic,5.12244898
208,DCY14,B,1,Mesic,5.43923611
209,DCY14,B,2,Mesic,4.794
210,DCY14,B,3,Mesic,19.31111111
211,DCY2,A,1,Mesic,3.78730159
212,DCY2,A,2,Mesic,1.91166667
213,DCY2,A,3,Mesic,2.055
214,DCY2,B,1,Mesic,0
215,DCY2,B,2,Mesic,1.23425926
216,DCY2,B,3,Mesic,2.742
217,DCY3,A,1,Mesic,12.89333333
218,DCY3,A,2,Mesic,1.89571429
219,DCY3,A,3,Mesic,14.14222222
220,DCY3,B,1,Mesic,0
221,DCY3,B,2,Mesic,0
222,DCY3,B,3,Mesic,0
223,DCY4,A,1,Mesic,3.5531746
224,DCY4,A,2,Mesic,5.8
225,DCY4,A,3,Mesic,4.56836735
226,DCY4,B,1,Mesic,5.69074074
227,DCY4,B,2,Mesic,4.47384259
228,DCY4,B,3,Mesic,2.90534979
229,DCY9,A,1,Mesic,0
230,DCY9,A,2,Mesic,10.24666667
231,DCY9,A,3,Mesic,13.74236111
232,DCY9,B,1,Mesic,0
233,DCY9,B,2,Mesic,1.54074074
234,DCY9,B,3,Mesic,0
235,DDM2,A,1,Mesic,1.7
236,DDM2,A,2,Mesic,0.148
237,DDM2,A,3,Mesic,4.6515625
238,DDM2,B,3,Mesic,4.27625
239,DDM2,B,2,Mesic,1.52875
240,DDM2,B,1,Mesic,1.28175
241,GRI1,A,1,Mesic,12.21428571
242,GRI1,A,2,Mesic,5.08928571
243,GRI1,A,3,Mesic,9.14761905
244,GRI1,B,1,Mesic,4.67428571
245,GRI1,B,2,Mesic,8.11458333
246,GRI1,B,3,Mesic,8
247,GRM3,A,1,Mesic,18.71111111
248,GRM3,A,2,Mesic,21.84464286
249,GRM3,A,3,Mesic,12.775
250,GRM3,B,1,Mesic,22.6375
251,GRM3,B,2,Mesic,26.37306122
252,GRM3,B,3,Mesic,6.62142857
253,GRM4,A,1,Mesic,9.49768519
254,GRM4,A,2,Mesic,8.275
255,GRM4,A,3,Mesic,9.76428571
256,GRM4,B,1,Mesic,14.25714286
257,GRM4,B,2,Mesic,15.4375
258,GRM4,B,3,Mesic,13.80601852
259,GSI1,A,1,Mesic,5.32518519
260,GSI1,A,2,Mesic,6.74242424
261,GSI1,A,3,Mesic,4.37222222
262,GSI1,B,1,Mesic,3.95681818
263,GSI1,B,2,Mesic,10.22142857
264,GSI1,B,3,Mesic,3.765
265,GSI2,A,1,Mesic,15.981625
266,GSI2,A,2,Mesic,1.13675
267,GSI2,A,3,Mesic,3.3980625
268,GSI2,B,1,Mesic,1.53775
269,GSI2,B,2,Mesic,1.149
270,GSI2,B,3,Mesic,2.628
271,GSM1,A,1,Mesic,8.71
272,GSM1,A,2,Mesic,7.6
273,GSM1,A,3,Mesic,4.74
274,GSM1,B,1,Mesic,5.55555556
275,GSM1,B,2,Mesic,1.48238095
276,GSM1,B,3,Mesic,5.12142857
277,GSM3,A,1,Mesic,2.45025
278,GSM3,A,2,Mesic,1.66725
279,GSM3,A,3,Mesic,2.62725
280,GSM3,B,1,Mesic,1.47325
281,GSM3,B,2,Mesic,1.652
282,GSM3,B,3,Mesic,3.0533
283,GSM4,A,1,Mesic,10.35583333
284,GSM4,A,2,Mesic,3.35833333
285,GSM4,A,3,Mesic,3.3877551
286,GSM4,B,1,Mesic,3.01851852
287,GSM4,B,2,Mesic,3.70971429
288,GSM4,B,3,Mesic,6.633
289,GSM5,A,1,Mesic,0
290,GSM5,A,2,Mesic,13.09125
291,GSM5,A,3,Mesic,8.23288
292,GSM5,B,1,Mesic,0
293,GSM5,B,2,Mesic,8.23288
294,GSM5,B,3,Mesic,3.3745
295,LGI2,A,1,Mesic,6.04375
296,LGI2,A,2,Mesic,5.55238095
297,LGI2,A,3,Mesic,2.10666667
298,LGI2,B,1,Mesic,2.99962963
299,LGI2,B,2,Mesic,1.71733333
300,LGI2,B,3,Mesic,0
301,MDI4,A,1,Mesic,1.4
302,MDI4,A,2,Mesic,3.98945313
303,MDI4,A,3,Mesic,4.27592593
304,MDI4,B,1,Mesic,11.33275
305,MDI4,B,2,Mesic,3.19419643
306,MDI4,B,3,Mesic,9.75111111
307,MDI5,A,1,Mesic,5.88761905
308,MDI5,A,2,Mesic,6.37806122
309,MDI5,A,3,Mesic,7.4
310,MDI5,B,1,Mesic,3.61479592
311,MDI5,B,2,Mesic,4.27248677
312,MDI5,B,3,Mesic,7.93121693
313,MDM1,A,1,Mesic,2.89583333
314,MDM1,A,2,Mesic,8.27678571
315,MDM1,A,3,Mesic,7.17213832
316,MDM1,B,1,Mesic,13.44
317,MDM1,B,2,Mesic,4.88888889
318,MDM1,B,3,Mesic,6.35918367
319,UP4D,A,1,Mesic,3.7462963
320,UP4D,A,2,Mesic,5.1
321,UP4D,A,3,Mesic,4.38472222
322,UP4D,B,1,Mesic,3.58020833
323,UP4D,B,2,Mesic,6.63673469
324,UP4D,B,3,Mesic,4.66190476
325,WCM2,A,1,Mesic,3.96964286
326,WCM2,A,2,Mesic,10.13333333
327,WCM2,A,3,Mesic,3.86964286
328,WCM2,B,1,Mesic,3.54214286
329,WCM2,B,2,Mesic,5.03571429
330,WCM2,B,3,Mesic,10.23611111
331,WCM3,A,1,Mesic,8.12
332,WCM3,A,2,Mesic,3.94821429
333,WCM3,A,3,Mesic,5.38095238
334,WCM3,B,1,Mesic,10.04285714
335,WCM3,B,2,Mesic,8.8
336,WCM3,B,3,Mesic,7.65185185
337,BCEFM2,A,1,EvergreenLeaf,0.13175
338,BCEFM2,A,2,EvergreenLeaf,0
339,BCEFM2,A,3,EvergreenLeaf,0.05375
340,BCEFM2,B,1,EvergreenLeaf,0.1025425
341,BCEFM2,B,2,EvergreenLeaf,0.08175
342,BCEFM2,B,3,EvergreenLeaf,0.31225
343,BDM1,A,1,EvergreenLeaf,0.255
344,BDM1,A,2,EvergreenLeaf,0.0740525
345,BDM1,A,3,EvergreenLeaf,0.0256675
346,BDM1,B,1,EvergreenLeaf,0.04675
347,BDM1,B,2,EvergreenLeaf,0.09075
348,BDM1,B,3,EvergreenLeaf,0.0365075
349,BFY10,A,1,EvergreenLeaf,0.347
350,BFY10,A,2,EvergreenLeaf,0.055
351,BFY10,A,3,EvergreenLeaf,0.9385
352,BFY10,B,1,EvergreenLeaf,0
353,BFY10,B,2,EvergreenLeaf,0.75
354,BFY10,B,3,EvergreenLeaf,0.6255
355,BFY7,A,1,EvergreenLeaf,0.1636975
356,BFY7,A,2,EvergreenLeaf,0.015475
357,BFY7,A,3,EvergreenLeaf,0
358,BFY7,B,1,EvergreenLeaf,0.145755
359,BFY7,B,2,EvergreenLeaf,0
360,BFY7,B,3,EvergreenLeaf,0.34775
361,BFY8,A,1,EvergreenLeaf,0
362,BFY8,A,2,EvergreenLeaf,0
363,BFY8,A,3,EvergreenLeaf,0
364,BFY8,B,1,EvergreenLeaf,0
365,BFY8,B,2,EvergreenLeaf,0
366,BFY8,B,3,EvergreenLeaf,0.30075
367,BFY9,A,1,EvergreenLeaf,0
368,BFY9,A,2,EvergreenLeaf,0.01
369,BFY9,A,3,EvergreenLeaf,0
370,BFY9,B,1,EvergreenLeaf,0.018215
371,BFY9,B,2,EvergreenLeaf,0
372,BFY9,B,3,EvergreenLeaf,0.35475
373,DCY14,A,1,EvergreenLeaf,0.00848
374,DCY14,A,2,EvergreenLeaf,0.519
375,DCY14,A,3,EvergreenLeaf,0.0445
376,DCY14,B,1,EvergreenLeaf,0.087265
377,DCY14,B,2,EvergreenLeaf,0.057653
378,DCY14,B,3,EvergreenLeaf,0.0441175
379,DCY2,A,1,EvergreenLeaf,0.00244
380,DCY2,A,2,EvergreenLeaf,0.0206075
381,DCY2,A,3,EvergreenLeaf,0.16525
382,DCY2,B,1,EvergreenLeaf,0
383,DCY2,B,2,EvergreenLeaf,0
384,DCY2,B,3,EvergreenLeaf,0
385,DCY3,A,1,EvergreenLeaf,0
386,DCY3,A,2,EvergreenLeaf,0
387,DCY3,A,3,EvergreenLeaf,0
388,DCY3,B,1,EvergreenLeaf,0.05925
389,DCY3,B,2,EvergreenLeaf,0
390,DCY3,B,3,EvergreenLeaf,0
391,DCY4,A,1,EvergreenLeaf,0.12075
392,DCY4,A,2,EvergreenLeaf,0.0595
393,DCY4,A,3,EvergreenLeaf,0
394,DCY4,B,1,EvergreenLeaf,0.11225
395,DCY4,B,2,EvergreenLeaf,0.01983
396,DCY4,B,3,EvergreenLeaf,0.01404
397,DCY9,A,1,EvergreenLeaf,0.31325
398,DCY9,A,2,EvergreenLeaf,0.09
399,DCY9,A,3,EvergreenLeaf,0.1585
400,DCY9,B,1,EvergreenLeaf,0.113
401,DCY9,B,2,EvergreenLeaf,0.028045
402,DCY9,B,3,EvergreenLeaf,0.4435
403,DDM2,A,1,EvergreenLeaf,0.1885
404,DDM2,A,2,EvergreenLeaf,0.096321699
405,DDM2,A,3,EvergreenLeaf,0.09137977
406,DDM2,B,3,EvergreenLeaf,0.132
407,DDM2,B,2,EvergreenLeaf,0.09795825
408,DDM2,B,1,EvergreenLeaf,0.190340106
409,GRI1,A,1,EvergreenLeaf,0.4863525
410,GRI1,A,2,EvergreenLeaf,0.296
411,GRI1,A,3,EvergreenLeaf,0.28225
412,GRI1,B,1,EvergreenLeaf,0.2615475
413,GRI1,B,2,EvergreenLeaf,0.64525
414,GRI1,B,3,EvergreenLeaf,0.04325
415,GRM3,A,1,EvergreenLeaf,0.225
416,GRM3,A,2,EvergreenLeaf,0.057975
417,GRM3,A,3,EvergreenLeaf,0.0635
418,GRM3,B,1,EvergreenLeaf,0.034135
419,GRM3,B,2,EvergreenLeaf,0.13926
420,GRM3,B,3,EvergreenLeaf,0.03629
421,GRM4,A,1,EvergreenLeaf,0.0591375
422,GRM4,A,2,EvergreenLeaf,0.0795
423,GRM4,A,3,EvergreenLeaf,0.0109125
424,GRM4,B,1,EvergreenLeaf,0.0314975
425,GRM4,B,2,EvergreenLeaf,0.273
426,GRM4,B,3,EvergreenLeaf,0.27075
427,GSI1,A,1,EvergreenLeaf,0
428,GSI1,A,2,EvergreenLeaf,0
429,GSI1,A,3,EvergreenLeaf,0.16575
430,GSI1,B,1,EvergreenLeaf,0
431,GSI1,B,2,EvergreenLeaf,0
432,GSI1,B,3,EvergreenLeaf,0
433,GSI2,A,1,EvergreenLeaf,0.2365
434,GSI2,A,2,EvergreenLeaf,0.2195
435,GSI2,A,3,EvergreenLeaf,0.3921225
436,GSI2,B,1,EvergreenLeaf,0.2955
437,GSI2,B,2,EvergreenLeaf,0.222
438,GSI2,B,3,EvergreenLeaf,0.0566575
439,GSM1,A,1,EvergreenLeaf,0.21175
440,GSM1,A,2,EvergreenLeaf,0.198817
441,GSM1,A,3,EvergreenLeaf,0.13675
442,GSM1,B,1,EvergreenLeaf,0.15125
443,GSM1,B,2,EvergreenLeaf,0.123085
444,GSM1,B,3,EvergreenLeaf,0.25675
445,GSM3,A,1,EvergreenLeaf,0.41025
446,GSM3,A,2,EvergreenLeaf,0.55525
447,GSM3,A,3,EvergreenLeaf,0.257
448,GSM3,B,1,EvergreenLeaf,0.24375
449,GSM3,B,2,EvergreenLeaf,0.15375
450,GSM3,B,3,EvergreenLeaf,0.0973
451,GSM4,A,1,EvergreenLeaf,0.117
452,GSM4,A,2,EvergreenLeaf,0.0847575
453,GSM4,A,3,EvergreenLeaf,0.4545
454,GSM4,B,1,EvergreenLeaf,0.264275
455,GSM4,B,2,EvergreenLeaf,0.548
456,GSM4,B,3,EvergreenLeaf,0.086455
457,GSM5,A,1,EvergreenLeaf,0.2355
458,GSM5,A,2,EvergreenLeaf,0.275
459,GSM5,A,3,EvergreenLeaf,0.15975
460,GSM5,B,1,EvergreenLeaf,0.19525
461,GSM5,B,2,EvergreenLeaf,0.19925
462,GSM5,B,3,EvergreenLeaf,0.10175
463,LGI2,A,1,EvergreenLeaf,0.0445
464,LGI2,A,2,EvergreenLeaf,0.16875
465,LGI2,A,3,EvergreenLeaf,0.196
466,LGI2,B,1,EvergreenLeaf,0
467,LGI2,B,2,EvergreenLeaf,0.02475
468,LGI2,B,3,EvergreenLeaf,0.18875
469,MDI4,A,1,EvergreenLeaf,0
470,MDI4,A,2,EvergreenLeaf,0
471,MDI4,A,3,EvergreenLeaf,0
472,MDI4,B,1,EvergreenLeaf,0
473,MDI4,B,2,EvergreenLeaf,0
474,MDI4,B,3,EvergreenLeaf,0
475,MDI5,A,1,EvergreenLeaf,0.16419
476,MDI5,A,2,EvergreenLeaf,0.115
477,MDI5,A,3,EvergreenLeaf,0.00774
478,MDI5,B,1,EvergreenLeaf,0.10825
479,MDI5,B,2,EvergreenLeaf,0.40175
480,MDI5,B,3,EvergreenLeaf,0.39025
481,MDM1,A,1,EvergreenLeaf,0.10525
482,MDM1,A,2,EvergreenLeaf,0.0216225
483,MDM1,A,3,EvergreenLeaf,0.182735
484,MDM1,B,1,EvergreenLeaf,0.004545
485,MDM1,B,2,EvergreenLeaf,0.06825
486,MDM1,B,3,EvergreenLeaf,0.01225
487,UP4D,A,1,EvergreenLeaf,0.1283475
488,UP4D,A,2,EvergreenLeaf,0.0336825
489,UP4D,A,3,EvergreenLeaf,0.266015
490,UP4D,B,1,EvergreenLeaf,0
491,UP4D,B,2,EvergreenLeaf,0.04625
492,UP4D,B,3,EvergreenLeaf,0
493,WCM2,A,1,EvergreenLeaf,0.6265
494,WCM2,A,2,EvergreenLeaf,0.2055
495,WCM2,A,3,EvergreenLeaf,0.17225
496,WCM2,B,1,EvergreenLeaf,0.114
497,WCM2,B,2,EvergreenLeaf,0.051
498,WCM2,B,3,EvergreenLeaf,0.33475
499,WCM3,A,1,EvergreenLeaf,0.1392375
500,WCM3,A,2,EvergreenLeaf,0.0428575
501,WCM3,A,3,EvergreenLeaf,0.0407475
502,WCM3,B,1,EvergreenLeaf,0.15825
503,WCM3,B,2,EvergreenLeaf,0.21375
504,WCM3,B,3,EvergreenLeaf,0.2375
505,BCEFM2,A,1,DeciduousLeaf,0
506,BCEFM2,A,2,DeciduousLeaf,0.01375
507,BCEFM2,A,3,DeciduousLeaf,0
508,BCEFM2,B,1,DeciduousLeaf,0.0033125
509,BCEFM2,B,2,DeciduousLeaf,0
510,BCEFM2,B,3,DeciduousLeaf,0
511,BDM1,A,1,DeciduousLeaf,0
512,BDM1,A,2,DeciduousLeaf,0
513,BDM1,A,3,DeciduousLeaf,0
514,BDM1,B,1,DeciduousLeaf,0
515,BDM1,B,2,DeciduousLeaf,0
516,BDM1,B,3,DeciduousLeaf,0.002925
517,BFY10,A,1,DeciduousLeaf,0
518,BFY10,A,2,DeciduousLeaf,0
519,BFY10,A,3,DeciduousLeaf,0
520,BFY10,B,1,DeciduousLeaf,0
521,BFY10,B,2,DeciduousLeaf,0
522,BFY10,B,3,DeciduousLeaf,0
523,BFY7,A,1,DeciduousLeaf,0.0577125
524,BFY7,A,2,DeciduousLeaf,0.52675
525,BFY7,A,3,DeciduousLeaf,1.063
526,BFY7,B,1,DeciduousLeaf,0.1882275
527,BFY7,B,2,DeciduousLeaf,0
528,BFY7,B,3,DeciduousLeaf,0.1844125
529,BFY8,A,1,DeciduousLeaf,0
530,BFY8,A,2,DeciduousLeaf,0.00325
531,BFY8,A,3,DeciduousLeaf,0
532,BFY8,B,1,DeciduousLeaf,0
533,BFY8,B,2,DeciduousLeaf,0
534,BFY8,B,3,DeciduousLeaf,0
535,BFY9,A,1,DeciduousLeaf,0.1675
536,BFY9,A,2,DeciduousLeaf,0.000225
537,BFY9,A,3,DeciduousLeaf,0.02075
538,BFY9,B,1,DeciduousLeaf,0.0251975
539,BFY9,B,2,DeciduousLeaf,0
540,BFY9,B,3,DeciduousLeaf,0
541,DCY14,A,1,DeciduousLeaf,0.01936
542,DCY14,A,2,DeciduousLeaf,0.02025
543,DCY14,A,3,DeciduousLeaf,0
544,DCY14,B,1,DeciduousLeaf,0.007305
545,DCY14,B,2,DeciduousLeaf,0.095326667
546,DCY14,B,3,DeciduousLeaf,0
547,DCY2,A,1,DeciduousLeaf,0.09
548,DCY2,A,2,DeciduousLeaf,0.18775
549,DCY2,A,3,DeciduousLeaf,0.2905
550,DCY2,B,1,DeciduousLeaf,0
551,DCY2,B,2,DeciduousLeaf,0
552,DCY2,B,3,DeciduousLeaf,0
553,DCY3,A,1,DeciduousLeaf,0
554,DCY3,A,2,DeciduousLeaf,0
555,DCY3,A,3,DeciduousLeaf,0
556,DCY3,B,1,DeciduousLeaf,0
557,DCY3,B,2,DeciduousLeaf,0
558,DCY3,B,3,DeciduousLeaf,0
559,DCY4,A,1,DeciduousLeaf,0.50325
560,DCY4,A,2,DeciduousLeaf,0
561,DCY4,A,3,DeciduousLeaf,0
562,DCY4,B,1,DeciduousLeaf,0
563,DCY4,B,2,DeciduousLeaf,0.2865
564,DCY4,B,3,DeciduousLeaf,0.419765
565,DCY9,A,1,DeciduousLeaf,0
566,DCY9,A,2,DeciduousLeaf,0
567,DCY9,A,3,DeciduousLeaf,0
568,DCY9,B,1,DeciduousLeaf,0
569,DCY9,B,2,DeciduousLeaf,0
570,DCY9,B,3,DeciduousLeaf,0
571,DDM2,A,1,DeciduousLeaf,0
572,DDM2,A,2,DeciduousLeaf,0
573,DDM2,A,3,DeciduousLeaf,0
574,DDM2,B,3,DeciduousLeaf,0
575,DDM2,B,2,DeciduousLeaf,0
576,DDM2,B,1,DeciduousLeaf,0
577,GRI1,A,1,DeciduousLeaf,0.1022475
578,GRI1,A,2,DeciduousLeaf,0
579,GRI1,A,3,DeciduousLeaf,0
580,GRI1,B,1,DeciduousLeaf,0.0325775
581,GRI1,B,2,DeciduousLeaf,0
582,GRI1,B,3,DeciduousLeaf,0
583,GRM3,A,1,DeciduousLeaf,0
584,GRM3,A,2,DeciduousLeaf,0.138845
585,GRM3,A,3,DeciduousLeaf,0
586,GRM3,B,1,DeciduousLeaf,0.0715725
587,GRM3,B,2,DeciduousLeaf,0.1188275
588,GRM3,B,3,DeciduousLeaf,0.07471
589,GRM4,A,1,DeciduousLeaf,0.00374
590,GRM4,A,2,DeciduousLeaf,0
591,GRM4,A,3,DeciduousLeaf,0.0269225
592,GRM4,B,1,DeciduousLeaf,0.0136375
593,GRM4,B,2,DeciduousLeaf,0
594,GRM4,B,3,DeciduousLeaf,0.01947
595,GSI1,A,1,DeciduousLeaf,0.0215
596,GSI1,A,2,DeciduousLeaf,0.05825
597,GSI1,A,3,DeciduousLeaf,0
598,GSI1,B,1,DeciduousLeaf,0
599,GSI1,B,2,DeciduousLeaf,0.0085
600,GSI1,B,3,DeciduousLeaf,0
601,GSI2,A,1,DeciduousLeaf,0
602,GSI2,A,2,DeciduousLeaf,0
603,GSI2,A,3,DeciduousLeaf,0.076995
604,GSI2,B,1,DeciduousLeaf,0.5027
605,GSI2,B,2,DeciduousLeaf,0
606,GSI2,B,3,DeciduousLeaf,0.08446
607,GSM1,A,1,DeciduousLeaf,0
608,GSM1,A,2,DeciduousLeaf,0
609,GSM1,A,3,DeciduousLeaf,0
610,GSM1,B,1,DeciduousLeaf,0
611,GSM1,B,2,DeciduousLeaf,0.09586
612,GSM1,B,3,DeciduousLeaf,0
613,GSM3,A,1,DeciduousLeaf,0
614,GSM3,A,2,DeciduousLeaf,0
615,GSM3,A,3,DeciduousLeaf,0
616,GSM3,B,1,DeciduousLeaf,0
617,GSM3,B,2,DeciduousLeaf,0
618,GSM3,B,3,DeciduousLeaf,0
619,GSM4,A,1,DeciduousLeaf,0
620,GSM4,A,2,DeciduousLeaf,0.1048275
621,GSM4,A,3,DeciduousLeaf,0
622,GSM4,B,1,DeciduousLeaf,0
623,GSM4,B,2,DeciduousLeaf,0
624,GSM4,B,3,DeciduousLeaf,0.0907675
625,GSM5,A,1,DeciduousLeaf,0
626,GSM5,A,2,DeciduousLeaf,0
627,GSM5,A,3,DeciduousLeaf,0
628,GSM5,B,1,DeciduousLeaf,0
629,GSM5,B,2,DeciduousLeaf,0
630,GSM5,B,3,DeciduousLeaf,0
631,LGI2,A,1,DeciduousLeaf,0
632,LGI2,A,2,DeciduousLeaf,0
633,LGI2,A,3,DeciduousLeaf,0
634,LGI2,B,1,DeciduousLeaf,0
635,LGI2,B,2,DeciduousLeaf,0
636,LGI2,B,3,DeciduousLeaf,0
637,MDI4,A,1,DeciduousLeaf,0
638,MDI4,A,2,DeciduousLeaf,0
639,MDI4,A,3,DeciduousLeaf,0
640,MDI4,B,1,DeciduousLeaf,0
641,MDI4,B,2,DeciduousLeaf,0
642,MDI4,B,3,DeciduousLeaf,0
643,MDI5,A,1,DeciduousLeaf,0.073425
644,MDI5,A,2,DeciduousLeaf,0
645,MDI5,A,3,DeciduousLeaf,0
646,MDI5,B,1,DeciduousLeaf,0
647,MDI5,B,2,DeciduousLeaf,0
648,MDI5,B,3,DeciduousLeaf,0
649,MDM1,A,1,DeciduousLeaf,0
650,MDM1,A,2,DeciduousLeaf,0
651,MDM1,A,3,DeciduousLeaf,0.002975
652,MDM1,B,1,DeciduousLeaf,0
653,MDM1,B,2,DeciduousLeaf,0
654,MDM1,B,3,DeciduousLeaf,0
655,UP4D,A,1,DeciduousLeaf,0.0581075
656,UP4D,A,2,DeciduousLeaf,0.86662
657,UP4D,A,3,DeciduousLeaf,0.09459
658,UP4D,B,1,DeciduousLeaf,0.04275
659,UP4D,B,2,DeciduousLeaf,0
660,UP4D,B,3,DeciduousLeaf,0.1635
661,WCM2,A,1,DeciduousLeaf,0
662,WCM2,A,2,DeciduousLeaf,0
663,WCM2,A,3,DeciduousLeaf,0
664,WCM2,B,1,DeciduousLeaf,0
665,WCM2,B,2,DeciduousLeaf,0
666,WCM2,B,3,DeciduousLeaf,0
667,WCM3,A,1,DeciduousLeaf,0.1193625
668,WCM3,A,2,DeciduousLeaf,0.033005
669,WCM3,A,3,DeciduousLeaf,0.00597
670,WCM3,B,1,DeciduousLeaf,0
671,WCM3,B,2,DeciduousLeaf,0
672,WCM3,B,3,DeciduousLeaf,0
673,BCEFM2,A,1,Graminoid,0.051
674,BCEFM2,A,2,Graminoid,0.052
675,BCEFM2,A,3,Graminoid,0.045
676,BCEFM2,B,1,Graminoid,0.011
677,BCEFM2,B,2,Graminoid,0.0535
678,BCEFM2,B,3,Graminoid,0
679,BDM1,A,1,Graminoid,0.0025
680,BDM1,A,2,Graminoid,0.05675
681,BDM1,A,3,Graminoid,0
682,BDM1,B,1,Graminoid,0
683,BDM1,B,2,Graminoid,0.059
684,BDM1,B,3,Graminoid,0
685,BFY10,A,1,Graminoid,0.01225
686,BFY10,A,2,Graminoid,0.0855
687,BFY10,A,3,Graminoid,0.011
688,BFY10,B,1,Graminoid,0.00575
689,BFY10,B,2,Graminoid,0.00525
690,BFY10,B,3,Graminoid,0
691,BFY7,A,1,Graminoid,0
692,BFY7,A,2,Graminoid,0
693,BFY7,A,3,Graminoid,0.069
694,BFY7,B,1,Graminoid,0.025
695,BFY7,B,2,Graminoid,0.00275
696,BFY7,B,3,Graminoid,0.00325
697,BFY8,A,1,Graminoid,0.1955
698,BFY8,A,2,Graminoid,0.16975
699,BFY8,A,3,Graminoid,0.24925
700,BFY8,B,1,Graminoid,0.05425
701,BFY8,B,2,Graminoid,0.15025
702,BFY8,B,3,Graminoid,0.00375
703,BFY9,A,1,Graminoid,0
704,BFY9,A,2,Graminoid,0.02625
705,BFY9,A,3,Graminoid,0
706,BFY9,B,1,Graminoid,0.0255
707,BFY9,B,2,Graminoid,0
708,BFY9,B,3,Graminoid,0
709,DCY14,A,1,Graminoid,0.15875
710,DCY14,A,2,Graminoid,0.0615
711,DCY14,A,3,Graminoid,0.0385
712,DCY14,B,1,Graminoid,0.006
713,DCY14,B,2,Graminoid,0.0686
714,DCY14,B,3,Graminoid,0.07825
715,DCY2,A,1,Graminoid,0.046
716,DCY2,A,2,Graminoid,0
717,DCY2,A,3,Graminoid,0.02425
718,DCY2,B,1,Graminoid,0
719,DCY2,B,2,Graminoid,0
720,DCY2,B,3,Graminoid,0.0069725
721,DCY3,A,1,Graminoid,0
722,DCY3,A,2,Graminoid,0
723,DCY3,A,3,Graminoid,0.02275
724,DCY3,B,1,Graminoid,0.00175
725,DCY3,B,2,Graminoid,0.00275
726,DCY3,B,3,Graminoid,0
727,DCY4,A,1,Graminoid,0.07825
728,DCY4,A,2,Graminoid,0.05475
729,DCY4,A,3,Graminoid,0
730,DCY4,B,1,Graminoid,0.06475
731,DCY4,B,2,Graminoid,0.01925
732,DCY4,B,3,Graminoid,0.0925
733,DCY9,A,1,Graminoid,0
734,DCY9,A,2,Graminoid,0
735,DCY9,A,3,Graminoid,0
736,DCY9,B,1,Graminoid,0.137125
737,DCY9,B,2,Graminoid,0.137125
738,DCY9,B,3,Graminoid,0
739,DDM2,A,1,Graminoid,0
740,DDM2,A,2,Graminoid,0.00675
741,DDM2,A,3,Graminoid,0
742,DDM2,B,3,Graminoid,0
743,DDM2,B,2,Graminoid,0
744,DDM2,B,1,Graminoid,0
745,GRI1,A,1,Graminoid,0
746,GRI1,A,2,Graminoid,0
747,GRI1,A,3,Graminoid,0
748,GRI1,B,1,Graminoid,0.00125
749,GRI1,B,2,Graminoid,0.0055
750,GRI1,B,3,Graminoid,0
751,GRM3,A,1,Graminoid,0.034
752,GRM3,A,2,Graminoid,0
753,GRM3,A,3,Graminoid,0
754,GRM3,B,1,Graminoid,0.00125
755,GRM3,B,2,Graminoid,0
756,GRM3,B,3,Graminoid,0.002
757,GRM4,A,1,Graminoid,0
758,GRM4,A,2,Graminoid,0.0045
759,GRM4,A,3,Graminoid,0
760,GRM4,B,1,Graminoid,0.05475
761,GRM4,B,2,Graminoid,0.007
762,GRM4,B,3,Graminoid,0
763,GSI1,A,1,Graminoid,0.00475
764,GSI1,A,2,Graminoid,0.09325
765,GSI1,A,3,Graminoid,0
766,GSI1,B,1,Graminoid,0.09675
767,GSI1,B,2,Graminoid,0
768,GSI1,B,3,Graminoid,0.024
769,GSI2,A,1,Graminoid,0.443
770,GSI2,A,2,Graminoid,0
771,GSI2,A,3,Graminoid,0.01875
772,GSI2,B,1,Graminoid,0.06675
773,GSI2,B,2,Graminoid,0.0085
774,GSI2,B,3,Graminoid,0.089
775,GSM1,A,1,Graminoid,0.002
776,GSM1,A,2,Graminoid,0.00875
777,GSM1,A,3,Graminoid,0.05725
778,GSM1,B,1,Graminoid,0.064
779,GSM1,B,2,Graminoid,0.0035
780,GSM1,B,3,Graminoid,0
781,GSM3,A,1,Graminoid,0.0395
782,GSM3,A,2,Graminoid,0.0245
783,GSM3,A,3,Graminoid,0.0135
784,GSM3,B,1,Graminoid,0.0039775
785,GSM3,B,2,Graminoid,0
786,GSM3,B,3,Graminoid,0.0255
787,GSM4,A,1,Graminoid,0
788,GSM4,A,2,Graminoid,0
789,GSM4,A,3,Graminoid,0
790,GSM4,B,1,Graminoid,0
791,GSM4,B,2,Graminoid,0
792,GSM4,B,3,Graminoid,0
793,GSM5,A,1,Graminoid,0
794,GSM5,A,2,Graminoid,0.00675
795,GSM5,A,3,Graminoid,0.0145
796,GSM5,B,1,Graminoid,0
797,GSM5,B,2,Graminoid,0.1145
798,GSM5,B,3,Graminoid,0
799,LGI2,A,1,Graminoid,0
800,LGI2,A,2,Graminoid,0
801,LGI2,A,3,Graminoid,0
802,LGI2,B,1,Graminoid,0
803,LGI2,B,2,Graminoid,0
804,LGI2,B,3,Graminoid,0
805,MDI4,A,1,Graminoid,0
806,MDI4,A,2,Graminoid,0
807,MDI4,A,3,Graminoid,0
808,MDI4,B,1,Graminoid,0
809,MDI4,B,2,Graminoid,0
810,MDI4,B,3,Graminoid,0
811,MDI5,A,1,Graminoid,0
812,MDI5,A,2,Graminoid,0.002
813,MDI5,A,3,Graminoid,0.0095
814,MDI5,B,1,Graminoid,0.011605
815,MDI5,B,2,Graminoid,0
816,MDI5,B,3,Graminoid,0
817,MDM1,A,1,Graminoid,0
818,MDM1,A,2,Graminoid,0.0043375
819,MDM1,A,3,Graminoid,0.0043725
820,MDM1,B,1,Graminoid,0.023465
821,MDM1,B,2,Graminoid,0
822,MDM1,B,3,Graminoid,0.03375
823,UP4D,A,1,Graminoid,0
824,UP4D,A,2,Graminoid,0.10825
825,UP4D,A,3,Graminoid,0
826,UP4D,B,1,Graminoid,0
827,UP4D,B,2,Graminoid,0
828,UP4D,B,3,Graminoid,0
829,WCM2,A,1,Graminoid,0.00525
830,WCM2,A,2,Graminoid,0
831,WCM2,A,3,Graminoid,0.00375
832,WCM2,B,1,Graminoid,0
833,WCM2,B,2,Graminoid,0.01525
834,WCM2,B,3,Graminoid,0.05625
835,WCM3,A,1,Graminoid,0.01475
836,WCM3,A,2,Graminoid,0
837,WCM3,A,3,Graminoid,0.045
838,WCM3,B,1,Graminoid,0
839,WCM3,B,2,Graminoid,0.0535
840,WCM3,B,3,Graminoid,0
841,BCEFM2,A,1,Forb,0.006
842,BCEFM2,A,2,Forb,0
843,BCEFM2,A,3,Forb,0.013
844,BCEFM2,B,1,Forb,0.00825
845,BCEFM2,B,2,Forb,0.01775
846,BCEFM2,B,3,Forb,0.068
847,BDM1,A,1,Forb,0
848,BDM1,A,2,Forb,0.00401
849,BDM1,A,3,Forb,0.05075
850,BDM1,B,1,Forb,0.0095
851,BDM1,B,2,Forb,0.0155
852,BDM1,B,3,Forb,0.00825
853,BFY10,A,1,Forb,0
854,BFY10,A,2,Forb,0
855,BFY10,A,3,Forb,0
856,BFY10,B,1,Forb,0
857,BFY10,B,2,Forb,0
858,BFY10,B,3,Forb,0
859,BFY7,A,1,Forb,0.0195
860,BFY7,A,2,Forb,0.066
861,BFY7,A,3,Forb,0.04775
862,BFY7,B,1,Forb,0.006
863,BFY7,B,2,Forb,0.091
864,BFY7,B,3,Forb,0.09325
865,BFY8,A,1,Forb,0.1065
866,BFY8,A,2,Forb,0.08225
867,BFY8,A,3,Forb,0.00725
868,BFY8,B,1,Forb,0.04465
869,BFY8,B,2,Forb,0.01025
870,BFY8,B,3,Forb,0.017
871,BFY9,A,1,Forb,0.00675
872,BFY9,A,2,Forb,0
873,BFY9,A,3,Forb,0.0055
874,BFY9,B,1,Forb,0.0045
875,BFY9,B,2,Forb,0.0045
876,BFY9,B,3,Forb,0.00975
877,DCY14,A,1,Forb,0.0119675
878,DCY14,A,2,Forb,0.0015
879,DCY14,A,3,Forb,0.01579
880,DCY14,B,1,Forb,0.0097525
881,DCY14,B,2,Forb,0.0097525
882,DCY14,B,3,Forb,0
883,DCY2,A,1,Forb,0.01975
884,DCY2,A,2,Forb,0.055
885,DCY2,A,3,Forb,0
886,DCY2,B,1,Forb,0.0405
887,DCY2,B,2,Forb,0.044875
888,DCY2,B,3,Forb,0.06425
889,DCY3,A,1,Forb,0.01025
890,DCY3,A,2,Forb,0.0145
891,DCY3,A,3,Forb,0.0381875
892,DCY3,B,1,Forb,0.02
893,DCY3,B,2,Forb,0.108
894,DCY3,B,3,Forb,0
895,DCY4,A,1,Forb,0
896,DCY4,A,2,Forb,0
897,DCY4,A,3,Forb,0.00655
898,DCY4,B,1,Forb,0.005
899,DCY4,B,2,Forb,0.003
900,DCY4,B,3,Forb,0.09525
901,DCY9,A,1,Forb,0.037
902,DCY9,A,2,Forb,0.0825
903,DCY9,A,3,Forb,0.026
904,DCY9,B,1,Forb,0.0575
905,DCY9,B,2,Forb,0.0495
906,DCY9,B,3,Forb,0.10825
907,DDM2,A,1,Forb,0
908,DDM2,A,2,Forb,0
909,DDM2,A,3,Forb,0
910,DDM2,B,3,Forb,0
911,DDM2,B,2,Forb,0
912,DDM2,B,1,Forb,0.0145
913,GRI1,A,1,Forb,0
914,GRI1,A,2,Forb,0
915,GRI1,A,3,Forb,0
916,GRI1,B,1,Forb,0
917,GRI1,B,2,Forb,0
918,GRI1,B,3,Forb,0
919,GRM3,A,1,Forb,0.01725
920,GRM3,A,2,Forb,0.01525
921,GRM3,A,3,Forb,0
922,GRM3,B,1,Forb,0.047
923,GRM3,B,2,Forb,0.03025
924,GRM3,B,3,Forb,0.01025
925,GRM4,A,1,Forb,0.01075
926,GRM4,A,2,Forb,0.0075
927,GRM4,A,3,Forb,0.03025
928,GRM4,B,1,Forb,0.01075
929,GRM4,B,2,Forb,0.006
930,GRM4,B,3,Forb,0.00675
931,GSI1,A,1,Forb,0.00975
932,GSI1,A,2,Forb,0.0105
933,GSI1,A,3,Forb,0.0205
934,GSI1,B,1,Forb,0.01775
935,GSI1,B,2,Forb,0.0235
936,GSI1,B,3,Forb,0.00275
937,GSI2,A,1,Forb,0.05275
938,GSI2,A,2,Forb,0
939,GSI2,A,3,Forb,0
940,GSI2,B,1,Forb,0.02275
941,GSI2,B,2,Forb,0.007
942,GSI2,B,3,Forb,0.0275
943,GSM1,A,1,Forb,0.0085
944,GSM1,A,2,Forb,0.01825
945,GSM1,A,3,Forb,0
946,GSM1,B,1,Forb,0.00625
947,GSM1,B,2,Forb,0.0115
948,GSM1,B,3,Forb,0.02475
949,GSM3,A,1,Forb,0
950,GSM3,A,2,Forb,0
951,GSM3,A,3,Forb,0.0010925
952,GSM3,B,1,Forb,0.001205
953,GSM3,B,2,Forb,0.0004125
954,GSM3,B,3,Forb,0.000903333
955,GSM4,A,1,Forb,0
956,GSM4,A,2,Forb,0.00029
957,GSM4,A,3,Forb,0.068
958,GSM4,B,1,Forb,0
959,GSM4,B,2,Forb,0
960,GSM4,B,3,Forb,0.00175
961,GSM5,A,1,Forb,0.0015
962,GSM5,A,2,Forb,0
963,GSM5,A,3,Forb,0.01275
964,GSM5,B,1,Forb,0.0145
965,GSM5,B,2,Forb,0
966,GSM5,B,3,Forb,0.00825
967,LGI2,A,1,Forb,0.00225
968,LGI2,A,2,Forb,0.005375
969,LGI2,A,3,Forb,0
970,LGI2,B,1,Forb,0.0035
971,LGI2,B,2,Forb,0.00537
972,LGI2,B,3,Forb,0.00412375
973,MDI4,A,1,Forb,0.001
974,MDI4,A,2,Forb,0
975,MDI4,A,3,Forb,0
976,MDI4,B,1,Forb,0
977,MDI4,B,2,Forb,0.00125
978,MDI4,B,3,Forb,0
979,MDI5,A,1,Forb,0.02575
980,MDI5,A,2,Forb,0.01175
981,MDI5,A,3,Forb,0.08575
982,MDI5,B,1,Forb,0.037
983,MDI5,B,2,Forb,0.01975
984,MDI5,B,3,Forb,0.014
985,MDM1,A,1,Forb,0.0025
986,MDM1,A,2,Forb,0.00459
987,MDM1,A,3,Forb,0
988,MDM1,B,1,Forb,0
989,MDM1,B,2,Forb,0
990,MDM1,B,3,Forb,0.018025
991,UP4D,A,1,Forb,0
992,UP4D,A,2,Forb,0
993,UP4D,A,3,Forb,0.00575
994,UP4D,B,1,Forb,0.01025
995,UP4D,B,2,Forb,0.0025
996,UP4D,B,3,Forb,0
997,WCM2,A,1,Forb,0.0125
998,WCM2,A,2,Forb,0.00175
999,WCM2,A,3,Forb,0.012125
1000,WCM2,B,1,Forb,0.016
1001,WCM2,B,2,Forb,0
1002,WCM2,B,3,Forb,0.01825
1003,WCM3,A,1,Forb,0.0315
1004,WCM3,A,2,Forb,0.0345
1005,WCM3,A,3,Forb,0.0285
1006,WCM3,B,1,Forb,0.03
1007,WCM3,B,2,Forb,0.01125
1008,WCM3,B,3,Forb,0.02715
1009,BCEFM2,NA,NA,Seedling,0.321786289
1010,BDM1,NA,NA,Seedling,0.185230578
1011,BFY10,NA,NA,Seedling,0.014696788
1012,BFY7,NA,NA,Seedling,0.059132428
1013,BFY8,NA,NA,Seedling,0.000990363
1014,BFY9,NA,NA,Seedling,0.004955509
1015,DCY14,NA,NA,Seedling,0.020616273
1016,DCY2,NA,NA,Seedling,0.023588755
1017,DCY3,NA,NA,Seedling,0.265091598
1018,DCY4,NA,NA,Seedling,0.028327929
1019,DCY9,NA,NA,Seedling,0.189713965
1020,DDM2,NA,NA,Seedling,0.116329192
1021,GRI1,NA,NA,Seedling,0.107512561
1022,GRM3,NA,NA,Seedling,0.275345749
1023,GRM4,NA,NA,Seedling,0.40907905
1024,GSI1,NA,NA,Seedling,0.376859445
1025,GSI2,NA,NA,Seedling,0.148010431
1026,GSM1,NA,NA,Seedling,0.193911283
1027,GSM3,NA,NA,Seedling,0.267913309
1028,GSM4,NA,NA,Seedling,0.110084709
1029,GSM5,NA,NA,Seedling,0.340272027
1030,LGI2,NA,NA,Seedling,0.036707282
1031,MDI4,NA,NA,Seedling,0.592205902
1032,MDI5,NA,NA,Seedling,0.352355441
1033,MDM1,NA,NA,Seedling,0.920957812
1034,UP4D,NA,NA,Seedling,0.172205057
1035,WCM2,NA,NA,Seedling,0.187266784
1036,WCM3,NA,NA,Seedling,0.282434138
1037,BCEFM2,NA,NA,TallDeciduousShrub,0
1038,BDM1,NA,NA,TallDeciduousShrub,0.000128506
1039,BFY10,NA,NA,TallDeciduousShrub,0.004535951
1040,BFY7,NA,NA,TallDeciduousShrub,0.002364569
1041,BFY8,NA,NA,TallDeciduousShrub,0.056301743
1042,BFY9,NA,NA,TallDeciduousShrub,0.159787393
1043,DCY14,NA,NA,TallDeciduousShrub,0.012733069
1044,DCY2,NA,NA,TallDeciduousShrub,0.311527347
1045,DCY3,NA,NA,TallDeciduousShrub,0.030038619
1046,DCY4,NA,NA,TallDeciduousShrub,0.019452215
1047,DCY9,NA,NA,TallDeciduousShrub,0.071160815
1048,DDM2,NA,NA,TallDeciduousShrub,1.63E-05
1049,GRI1,NA,NA,TallDeciduousShrub,0.03150636
1050,GRM3,NA,NA,TallDeciduousShrub,0.000802237
1051,GRM4,NA,NA,TallDeciduousShrub,0.001018406
1052,GSI1,NA,NA,TallDeciduousShrub,0.251183437
1053,GSI2,NA,NA,TallDeciduousShrub,0.012133922
1054,GSM1,NA,NA,TallDeciduousShrub,0
1055,GSM3,NA,NA,TallDeciduousShrub,0.000253564
1056,GSM4,NA,NA,TallDeciduousShrub,0.006416614
1057,GSM5,NA,NA,TallDeciduousShrub,0.001684647
1058,LGI2,NA,NA,TallDeciduousShrub,0.062525787
1059,MDI4,NA,NA,TallDeciduousShrub,0.098444065
1060,MDI5,NA,NA,TallDeciduousShrub,0.081342859
1061,MDM1,NA,NA,TallDeciduousShrub,0
1062,UP4D,NA,NA,TallDeciduousShrub,0.712520342
1063,WCM2,NA,NA,TallDeciduousShrub,0.000358631
1064,WCM3,NA,NA,TallDeciduousShrub,0.00011411
1065,BCEFM2,A,NA,DeadDownedWood,0.006636
1066,BDM1,A,NA,DeadDownedWood,0.015569333
1067,BFY10,A,NA,DeadDownedWood,0.315765363
1068,BFY7,A,NA,DeadDownedWood,0.259656467
1069,BFY8,A,NA,DeadDownedWood,0.151953333
1070,BFY9,A,NA,DeadDownedWood,0.417695917
1071,DCY14,A,NA,DeadDownedWood,0.041632
1072,DCY2,A,NA,DeadDownedWood,0.699115846
1073,DCY3,A,NA,DeadDownedWood,1.310576679
1074,DCY4,A,NA,DeadDownedWood,0.295610667
1075,DCY9,A,NA,DeadDownedWood,0.970964979
1076,DDM2,A,NA,DeadDownedWood,0.042936
1077,GRI1,A,NA,DeadDownedWood,0.137353333
1078,GRM3,A,NA,DeadDownedWood,0.266021333
1079,GRM4,A,NA,DeadDownedWood,0.172432
1080,GSI1,A,NA,DeadDownedWood,0.324465333
1081,GSI2,A,NA,DeadDownedWood,0.163410667
1082,GSM1,A,NA,DeadDownedWood,0.045978667
1083,GSM3,A,NA,DeadDownedWood,0.2362
1084,GSM4,A,NA,DeadDownedWood,0.002949333
1085,GSM5,A,NA,DeadDownedWood,0.080237333
1086,LGI2,A,NA,DeadDownedWood,0.189346113
1087,MDI4,A,NA,DeadDownedWood,0.000737333
1088,MDI5,A,NA,DeadDownedWood,0.040157333
1089,MDM1,A,NA,DeadDownedWood,0.05204
1090,UP4D,A,NA,DeadDownedWood,0.076305
1091,WCM2,A,NA,DeadDownedWood,0.15743205
1092,WCM3,A,NA,DeadDownedWood,0.125316
1093,BCEFM2,B,NA,DeadDownedWood,0.044581333
1094,BDM1,B,NA,DeadDownedWood,0.002949333
1095,BFY10,B,NA,DeadDownedWood,0.858281379
1096,BFY7,B,NA,DeadDownedWood,0.175224
1097,BFY8,B,NA,DeadDownedWood,0.1559138
1098,BFY9,B,NA,DeadDownedWood,0.245113342
1099,DCY14,B,NA,DeadDownedWood,0.017866667
1100,DCY2,B,NA,DeadDownedWood,0.663071233
1101,DCY3,B,NA,DeadDownedWood,1.563178213
1102,DCY4,B,NA,DeadDownedWood,0.236854667
1103,DCY9,B,NA,DeadDownedWood,1.09274405
1104,DDM2,B,NA,DeadDownedWood,0.137559846
1105,GRI1,B,NA,DeadDownedWood,0.097444
1106,GRM3,B,NA,DeadDownedWood,0.021901513
1107,GRM4,B,NA,DeadDownedWood,0.145637333
1108,GSI1,B,NA,DeadDownedWood,0.279019892
1109,GSI2,B,NA,DeadDownedWood,0.136616
1110,GSM1,B,NA,DeadDownedWood,0.002212
1111,GSM3,B,NA,DeadDownedWood,0.201366667
1112,GSM4,B,NA,DeadDownedWood,0.103951133
1113,GSM5,B,NA,DeadDownedWood,0.019341333
1114,LGI2,B,NA,DeadDownedWood,0.3555
1115,MDI4,B,NA,DeadDownedWood,0.000737333
1116,MDI5,B,NA,DeadDownedWood,0.385941333
1117,MDM1,B,NA,DeadDownedWood,0.095806667
1118,UP4D,B,NA,DeadDownedWood,0.011882667
1119,WCM2,B,NA,DeadDownedWood,0.088270667
1120,WCM3,B,NA,DeadDownedWood,0.047453333
1121,BCEFM2,A,1,SphagnumMoss,0.423
1122,BCEFM2,A,2,SphagnumMoss,0.808163265
1123,BCEFM2,A,3,SphagnumMoss,0.408333333
1124,BCEFM2,B,1,SphagnumMoss,0
1125,BCEFM2,B,2,SphagnumMoss,0
1126,BCEFM2,B,3,SphagnumMoss,0.294444444
1127,BDM1,A,1,SphagnumMoss,0.0125
1128,BDM1,A,2,SphagnumMoss,0.562222222
1129,BDM1,A,3,SphagnumMoss,0.503333333
1130,BDM1,B,1,SphagnumMoss,0
1131,BDM1,B,2,SphagnumMoss,0
1132,BDM1,B,3,SphagnumMoss,0.144628099
1133,BFY10,A,1,SphagnumMoss,0
1134,BFY10,A,2,SphagnumMoss,0
1135,BFY10,A,3,SphagnumMoss,0
1136,BFY10,B,1,SphagnumMoss,0
1137,BFY10,B,2,SphagnumMoss,0
1138,BFY10,B,3,SphagnumMoss,0
1139,BFY7,A,1,SphagnumMoss,0
1140,BFY7,A,2,SphagnumMoss,0
1141,BFY7,A,3,SphagnumMoss,0
1142,BFY7,B,1,SphagnumMoss,0
1143,BFY7,B,2,SphagnumMoss,0
1144,BFY7,B,3,SphagnumMoss,0
1145,BFY8,A,1,SphagnumMoss,0
1146,BFY8,A,2,SphagnumMoss,0
1147,BFY8,A,3,SphagnumMoss,0
1148,BFY8,B,1,SphagnumMoss,0
1149,BFY8,B,2,SphagnumMoss,0
1150,BFY8,B,3,SphagnumMoss,0
1151,BFY9,A,1,SphagnumMoss,0
1152,BFY9,A,2,SphagnumMoss,0
1153,BFY9,A,3,SphagnumMoss,0
1154,BFY9,B,1,SphagnumMoss,0
1155,BFY9,B,2,SphagnumMoss,0
1156,BFY9,B,3,SphagnumMoss,0
1157,DCY14,A,1,SphagnumMoss,0
1158,DCY14,A,2,SphagnumMoss,0
1159,DCY14,A,3,SphagnumMoss,0
1160,DCY14,B,1,SphagnumMoss,0
1161,DCY14,B,2,SphagnumMoss,0
1162,DCY14,B,3,SphagnumMoss,0
1163,DCY2,A,1,SphagnumMoss,0.01
1164,DCY2,A,2,SphagnumMoss,0
1165,DCY2,A,3,SphagnumMoss,0
1166,DCY2,B,1,SphagnumMoss,0
1167,DCY2,B,2,SphagnumMoss,0
1168,DCY2,B,3,SphagnumMoss,0
1169,DCY3,A,1,SphagnumMoss,0
1170,DCY3,A,2,SphagnumMoss,0
1171,DCY3,A,3,SphagnumMoss,0
1172,DCY3,B,1,SphagnumMoss,0
1173,DCY3,B,2,SphagnumMoss,0
1174,DCY3,B,3,SphagnumMoss,0
1175,DCY4,A,1,SphagnumMoss,0.4375
1176,DCY4,A,2,SphagnumMoss,0
1177,DCY4,A,3,SphagnumMoss,0
1178,DCY4,B,1,SphagnumMoss,0
1179,DCY4,B,2,SphagnumMoss,0
1180,DCY4,B,3,SphagnumMoss,0
1181,DCY9,A,1,SphagnumMoss,0
1182,DCY9,A,2,SphagnumMoss,0
1183,DCY9,A,3,SphagnumMoss,0
1184,DCY9,B,1,SphagnumMoss,0
1185,DCY9,B,2,SphagnumMoss,0
1186,DCY9,B,3,SphagnumMoss,0
1187,DDM2,A,1,SphagnumMoss,0
1188,DDM2,A,2,SphagnumMoss,0
1189,DDM2,A,3,SphagnumMoss,0
1190,DDM2,B,3,SphagnumMoss,0
1191,DDM2,B,2,SphagnumMoss,0
1192,DDM2,B,1,SphagnumMoss,0
1193,GRI1,A,1,SphagnumMoss,0.279166667
1194,GRI1,A,2,SphagnumMoss,0.401041667
1195,GRI1,A,3,SphagnumMoss,0.188888889
1196,GRI1,B,1,SphagnumMoss,0.290714286
1197,GRI1,B,2,SphagnumMoss,0.160714286
1198,GRI1,B,3,SphagnumMoss,0.22109375
1199,GRM3,A,1,SphagnumMoss,0
1200,GRM3,A,2,SphagnumMoss,0.3
1201,GRM3,A,3,SphagnumMoss,0
1202,GRM3,B,1,SphagnumMoss,0
1203,GRM3,B,2,SphagnumMoss,0.636111111
1204,GRM3,B,3,SphagnumMoss,0.458571429
1205,GRM4,A,1,SphagnumMoss,0
1206,GRM4,A,2,SphagnumMoss,0
1207,GRM4,A,3,SphagnumMoss,0
1208,GRM4,B,1,SphagnumMoss,0
1209,GRM4,B,2,SphagnumMoss,0
1210,GRM4,B,3,SphagnumMoss,0
1211,GSI1,A,1,SphagnumMoss,0
1212,GSI1,A,2,SphagnumMoss,0
1213,GSI1,A,3,SphagnumMoss,0
1214,GSI1,B,1,SphagnumMoss,0
1215,GSI1,B,2,SphagnumMoss,0
1216,GSI1,B,3,SphagnumMoss,0
1217,GSI2,A,1,SphagnumMoss,0
1218,GSI2,A,2,SphagnumMoss,1.011111111
1219,GSI2,A,3,SphagnumMoss,0.369111111
1220,GSI2,B,1,SphagnumMoss,0
1221,GSI2,B,2,SphagnumMoss,0
1222,GSI2,B,3,SphagnumMoss,0.978222222
1223,GSM1,A,1,SphagnumMoss,0
1224,GSM1,A,2,SphagnumMoss,0
1225,GSM1,A,3,SphagnumMoss,0
1226,GSM1,B,1,SphagnumMoss,0
1227,GSM1,B,2,SphagnumMoss,0
1228,GSM1,B,3,SphagnumMoss,0.091
1229,GSM3,A,1,SphagnumMoss,0.454666667
1230,GSM3,A,2,SphagnumMoss,0.679022222
1231,GSM3,A,3,SphagnumMoss,0.924888889
1232,GSM3,B,1,SphagnumMoss,1.107111111
1233,GSM3,B,2,SphagnumMoss,0.381777778
1234,GSM3,B,3,SphagnumMoss,0.526666667
1235,GSM4,A,1,SphagnumMoss,0
1236,GSM4,A,2,SphagnumMoss,0
1237,GSM4,A,3,SphagnumMoss,0
1238,GSM4,B,1,SphagnumMoss,0
1239,GSM4,B,2,SphagnumMoss,0
1240,GSM4,B,3,SphagnumMoss,0
1241,GSM5,A,1,SphagnumMoss,0.882666667
1242,GSM5,A,2,SphagnumMoss,1.010666667
1243,GSM5,A,3,SphagnumMoss,0.433777778
1244,GSM5,B,1,SphagnumMoss,0.753777778
1245,GSM5,B,2,SphagnumMoss,0.611777778
1246,GSM5,B,3,SphagnumMoss,0.483555556
1247,LGI2,A,1,SphagnumMoss,0
1248,LGI2,A,2,SphagnumMoss,0
1249,LGI2,A,3,SphagnumMoss,0
1250,LGI2,B,1,SphagnumMoss,0
1251,LGI2,B,2,SphagnumMoss,0
1252,LGI2,B,3,SphagnumMoss,0
1253,MDI4,A,1,SphagnumMoss,0
1254,MDI4,A,2,SphagnumMoss,0
1255,MDI4,A,3,SphagnumMoss,0
1256,MDI4,B,1,SphagnumMoss,0
1257,MDI4,B,2,SphagnumMoss,0
1258,MDI4,B,3,SphagnumMoss,0
1259,MDI5,A,1,SphagnumMoss,0
1260,MDI5,A,2,SphagnumMoss,0.227777778
1261,MDI5,A,3,SphagnumMoss,0
1262,MDI5,B,1,SphagnumMoss,0
1263,MDI5,B,2,SphagnumMoss,0.169444444
1264,MDI5,B,3,SphagnumMoss,0.387755102
1265,MDM1,A,1,SphagnumMoss,0
1266,MDM1,A,2,SphagnumMoss,0
1267,MDM1,A,3,SphagnumMoss,0
1268,MDM1,B,1,SphagnumMoss,0
1269,MDM1,B,2,SphagnumMoss,0
1270,MDM1,B,3,SphagnumMoss,0
1271,UP4D,A,1,SphagnumMoss,0
1272,UP4D,A,2,SphagnumMoss,0
1273,UP4D,A,3,SphagnumMoss,0
1274,UP4D,B,1,SphagnumMoss,0
1275,UP4D,B,2,SphagnumMoss,0
1276,UP4D,B,3,SphagnumMoss,0
1277,WCM2,A,1,SphagnumMoss,0
1278,WCM2,A,2,SphagnumMoss,0
1279,WCM2,A,3,SphagnumMoss,0
1280,WCM2,B,1,SphagnumMoss,0
1281,WCM2,B,2,SphagnumMoss,0
1282,WCM2,B,3,SphagnumMoss,0
1283,WCM3,A,1,SphagnumMoss,0.315873016
1284,WCM3,A,2,SphagnumMoss,0.414285714
1285,WCM3,A,3,SphagnumMoss,0.225
1286,WCM3,B,1,SphagnumMoss,0.63
1287,WCM3,B,2,SphagnumMoss,0.4375
1288,WCM3,B,3,SphagnumMoss,0
1289,BCEFM2,A,1,FeatherMoss,0
1290,BCEFM2,A,2,FeatherMoss,0
1291,BCEFM2,A,3,FeatherMoss,0
1292,BCEFM2,B,1,FeatherMoss,0.658888889
1293,BCEFM2,B,2,FeatherMoss,0.4744
1294,BCEFM2,B,3,FeatherMoss,0
1295,BDM1,A,1,FeatherMoss,0
1296,BDM1,A,2,FeatherMoss,0
1297,BDM1,A,3,FeatherMoss,0
1298,BDM1,B,1,FeatherMoss,0.185
1299,BDM1,B,2,FeatherMoss,0.205785124
1300,BDM1,B,3,FeatherMoss,0
1301,BFY10,A,1,FeatherMoss,0
1302,BFY10,A,2,FeatherMoss,0
1303,BFY10,A,3,FeatherMoss,0
1304,BFY10,B,1,FeatherMoss,0
1305,BFY10,B,2,FeatherMoss,0
1306,BFY10,B,3,FeatherMoss,0
1307,BFY7,A,1,FeatherMoss,0.887037037
1308,BFY7,A,2,FeatherMoss,0.24
1309,BFY7,A,3,FeatherMoss,0.266666667
1310,BFY7,B,1,FeatherMoss,0
1311,BFY7,B,2,FeatherMoss,0.688888889
1312,BFY7,B,3,FeatherMoss,0.708163265
1313,BFY8,A,1,FeatherMoss,0
1314,BFY8,A,2,FeatherMoss,0
1315,BFY8,A,3,FeatherMoss,0
1316,BFY8,B,1,FeatherMoss,0.047348485
1317,BFY8,B,2,FeatherMoss,0
1318,BFY8,B,3,FeatherMoss,0
1319,BFY9,A,1,FeatherMoss,0
1320,BFY9,A,2,FeatherMoss,0
1321,BFY9,A,3,FeatherMoss,0.526984127
1322,BFY9,B,1,FeatherMoss,0
1323,BFY9,B,2,FeatherMoss,0
1324,BFY9,B,3,FeatherMoss,0
1325,DCY14,A,1,FeatherMoss,0
1326,DCY14,A,2,FeatherMoss,0
1327,DCY14,A,3,FeatherMoss,0
1328,DCY14,B,1,FeatherMoss,0
1329,DCY14,B,2,FeatherMoss,0.40875
1330,DCY14,B,3,FeatherMoss,0
1331,DCY2,A,1,FeatherMoss,0.282222222
1332,DCY2,A,2,FeatherMoss,0.36984127
1333,DCY2,A,3,FeatherMoss,0.34875
1334,DCY2,B,1,FeatherMoss,0.45
1335,DCY2,B,2,FeatherMoss,0.416666667
1336,DCY2,B,3,FeatherMoss,0.306444444
1337,DCY3,A,1,FeatherMoss,0
1338,DCY3,A,2,FeatherMoss,0
1339,DCY3,A,3,FeatherMoss,0
1340,DCY3,B,1,FeatherMoss,0
1341,DCY3,B,2,FeatherMoss,0
1342,DCY3,B,3,FeatherMoss,0
1343,DCY4,A,1,FeatherMoss,0
1344,DCY4,A,2,FeatherMoss,0
1345,DCY4,A,3,FeatherMoss,0
1346,DCY4,B,1,FeatherMoss,0.09382716
1347,DCY4,B,2,FeatherMoss,0
1348,DCY4,B,3,FeatherMoss,0.344545455
1349,DCY9,A,1,FeatherMoss,0
1350,DCY9,A,2,FeatherMoss,0
1351,DCY9,A,3,FeatherMoss,0
1352,DCY9,B,1,FeatherMoss,0
1353,DCY9,B,2,FeatherMoss,0
1354,DCY9,B,3,FeatherMoss,0
1355,DDM2,A,1,FeatherMoss,0
1356,DDM2,A,2,FeatherMoss,0
1357,DDM2,A,3,FeatherMoss,0
1358,DDM2,B,3,FeatherMoss,0
1359,DDM2,B,2,FeatherMoss,0
1360,DDM2,B,1,FeatherMoss,1.192777778
1361,GRI1,A,1,FeatherMoss,0.277777778
1362,GRI1,A,2,FeatherMoss,0.401041667
1363,GRI1,A,3,FeatherMoss,0.074074074
1364,GRI1,B,1,FeatherMoss,0.290714286
1365,GRI1,B,2,FeatherMoss,0.160714286
1366,GRI1,B,3,FeatherMoss,0.22109375
1367,GRM3,A,1,FeatherMoss,0.842857143
1368,GRM3,A,2,FeatherMoss,0
1369,GRM3,A,3,FeatherMoss,0.208333333
1370,GRM3,B,1,FeatherMoss,0.801785714
1371,GRM3,B,2,FeatherMoss,0
1372,GRM3,B,3,FeatherMoss,0
1373,GRM4,A,1,FeatherMoss,0.25
1374,GRM4,A,2,FeatherMoss,0.33030303
1375,GRM4,A,3,FeatherMoss,0.530555556
1376,GRM4,B,1,FeatherMoss,0.345054945
1377,GRM4,B,2,FeatherMoss,0.222
1378,GRM4,B,3,FeatherMoss,0.49875
1379,GSI1,A,1,FeatherMoss,1.096581197
1380,GSI1,A,2,FeatherMoss,0.705714286
1381,GSI1,A,3,FeatherMoss,0.5506
1382,GSI1,B,1,FeatherMoss,0.596969697
1383,GSI1,B,2,FeatherMoss,0.388311688
1384,GSI1,B,3,FeatherMoss,0.233884298
1385,GSI2,A,1,FeatherMoss,0.758666667
1386,GSI2,A,2,FeatherMoss,0
1387,GSI2,A,3,FeatherMoss,0
1388,GSI2,B,1,FeatherMoss,0.492888889
1389,GSI2,B,2,FeatherMoss,1.019111111
1390,GSI2,B,3,FeatherMoss,0
1391,GSM1,A,1,FeatherMoss,0.592
1392,GSM1,A,2,FeatherMoss,0.494642857
1393,GSM1,A,3,FeatherMoss,0.252857143
1394,GSM1,B,1,FeatherMoss,0.36984127
1395,GSM1,B,2,FeatherMoss,0.36625
1396,GSM1,B,3,FeatherMoss,0.261
1397,GSM3,A,1,FeatherMoss,0
1398,GSM3,A,2,FeatherMoss,0
1399,GSM3,A,3,FeatherMoss,0
1400,GSM3,B,1,FeatherMoss,0
1401,GSM3,B,2,FeatherMoss,0
1402,GSM3,B,3,FeatherMoss,0
1403,GSM4,A,1,FeatherMoss,0.1575
1404,GSM4,A,2,FeatherMoss,0.2175
1405,GSM4,A,3,FeatherMoss,0.277777778
1406,GSM4,B,1,FeatherMoss,0.3921875
1407,GSM4,B,2,FeatherMoss,0.2921875
1408,GSM4,B,3,FeatherMoss,0.3425
1409,GSM5,A,1,FeatherMoss,0
1410,GSM5,A,2,FeatherMoss,0
1411,GSM5,A,3,FeatherMoss,0
1412,GSM5,B,1,FeatherMoss,0
1413,GSM5,B,2,FeatherMoss,0.611777778
1414,GSM5,B,3,FeatherMoss,0.483555556
1415,LGI2,A,1,FeatherMoss,0.310416667
1416,LGI2,A,2,FeatherMoss,0.244444444
1417,LGI2,A,3,FeatherMoss,0.585
1418,LGI2,B,1,FeatherMoss,0
1419,LGI2,B,2,FeatherMoss,0
1420,LGI2,B,3,FeatherMoss,0.153636364
1421,MDI4,A,1,FeatherMoss,0.04
1422,MDI4,A,2,FeatherMoss,0.121875
1423,MDI4,A,3,FeatherMoss,0.119444444
1424,MDI4,B,1,FeatherMoss,0.237
1425,MDI4,B,2,FeatherMoss,0.121428571
1426,MDI4,B,3,FeatherMoss,0.20625
1427,MDI5,A,1,FeatherMoss,0.195714286
1428,MDI5,A,2,FeatherMoss,0
1429,MDI5,A,3,FeatherMoss,0.201111111
1430,MDI5,B,1,FeatherMoss,0.198214286
1431,MDI5,B,2,FeatherMoss,0
1432,MDI5,B,3,FeatherMoss,0
1433,MDM1,A,1,FeatherMoss,0.379166667
1434,MDM1,A,2,FeatherMoss,0.460714286
1435,MDM1,A,3,FeatherMoss,0.1
1436,MDM1,B,1,FeatherMoss,0.416666667
1437,MDM1,B,2,FeatherMoss,0.07890625
1438,MDM1,B,3,FeatherMoss,0.440625
1439,UP4D,A,1,FeatherMoss,0.114141414
1440,UP4D,A,2,FeatherMoss,0.330555556
1441,UP4D,A,3,FeatherMoss,0.212037037
1442,UP4D,B,1,FeatherMoss,0.427777778
1443,UP4D,B,2,FeatherMoss,0.244444444
1444,UP4D,B,3,FeatherMoss,0.267777778
1445,WCM2,A,1,FeatherMoss,0.115625
1446,WCM2,A,2,FeatherMoss,0.359375
1447,WCM2,A,3,FeatherMoss,0.188888889
1448,WCM2,B,1,FeatherMoss,0.231944444
1449,WCM2,B,2,FeatherMoss,0
1450,WCM2,B,3,FeatherMoss,0.108641975
1451,WCM3,A,1,FeatherMoss,0
1452,WCM3,A,2,FeatherMoss,0
1453,WCM3,A,3,FeatherMoss,0
1454,WCM3,B,1,FeatherMoss,0
1455,WCM3,B,2,FeatherMoss,0
1456,WCM3,B,3,FeatherMoss,0.008252381
1457,BCEFM2,A,1,ColonizerMoss,0
1458,BCEFM2,A,2,ColonizerMoss,0
1459,BCEFM2,A,3,ColonizerMoss,0
1460,BCEFM2,B,1,ColonizerMoss,0
1461,BCEFM2,B,2,ColonizerMoss,0
1462,BCEFM2,B,3,ColonizerMoss,0
1463,BDM1,A,1,ColonizerMoss,0
1464,BDM1,A,2,ColonizerMoss,0
1465,BDM1,A,3,ColonizerMoss,0
1466,BDM1,B,1,ColonizerMoss,0
1467,BDM1,B,2,ColonizerMoss,0
1468,BDM1,B,3,ColonizerMoss,0
1469,BFY10,A,1,ColonizerMoss,0.570222222
1470,BFY10,A,2,ColonizerMoss,0.385333333
1471,BFY10,A,3,ColonizerMoss,0.031333333
1472,BFY10,B,1,ColonizerMoss,0.627111111
1473,BFY10,B,2,ColonizerMoss,0.159555556
1474,BFY10,B,3,ColonizerMoss,0.079111111
1475,BFY7,A,1,ColonizerMoss,0
1476,BFY7,A,2,ColonizerMoss,0
1477,BFY7,A,3,ColonizerMoss,0
1478,BFY7,B,1,ColonizerMoss,0
1479,BFY7,B,2,ColonizerMoss,0
1480,BFY7,B,3,ColonizerMoss,0
1481,BFY8,A,1,ColonizerMoss,0.16625
1482,BFY8,A,2,ColonizerMoss,0.031868132
1483,BFY8,A,3,ColonizerMoss,0.289285714
1484,BFY8,B,1,ColonizerMoss,0
1485,BFY8,B,2,ColonizerMoss,0.2175
1486,BFY8,B,3,ColonizerMoss,0.304444444
1487,BFY9,A,1,ColonizerMoss,0.439285714
1488,BFY9,A,2,ColonizerMoss,0.263888889
1489,BFY9,A,3,ColonizerMoss,0
1490,BFY9,B,1,ColonizerMoss,0.314814815
1491,BFY9,B,2,ColonizerMoss,0.6
1492,BFY9,B,3,ColonizerMoss,0.282692308
1493,DCY14,A,1,ColonizerMoss,0
1494,DCY14,A,2,ColonizerMoss,0
1495,DCY14,A,3,ColonizerMoss,0.179761905
1496,DCY14,B,1,ColonizerMoss,0.2
1497,DCY14,B,2,ColonizerMoss,0
1498,DCY14,B,3,ColonizerMoss,0
1499,DCY2,A,1,ColonizerMoss,0
1500,DCY2,A,2,ColonizerMoss,0
1501,DCY2,A,3,ColonizerMoss,0
1502,DCY2,B,1,ColonizerMoss,0
1503,DCY2,B,2,ColonizerMoss,0
1504,DCY2,B,3,ColonizerMoss,0
1505,DCY3,A,1,ColonizerMoss,0
1506,DCY3,A,2,ColonizerMoss,0.038058036
1507,DCY3,A,3,ColonizerMoss,0
1508,DCY3,B,1,ColonizerMoss,0.162345679
1509,DCY3,B,2,ColonizerMoss,0.076704545
1510,DCY3,B,3,ColonizerMoss,0
1511,DCY4,A,1,ColonizerMoss,0
1512,DCY4,A,2,ColonizerMoss,0.055
1513,DCY4,A,3,ColonizerMoss,0
1514,DCY4,B,1,ColonizerMoss,0
1515,DCY4,B,2,ColonizerMoss,0
1516,DCY4,B,3,ColonizerMoss,0
1517,DCY9,A,1,ColonizerMoss,0.151428571
1518,DCY9,A,2,ColonizerMoss,0.383333333
1519,DCY9,A,3,ColonizerMoss,0.24375
1520,DCY9,B,1,ColonizerMoss,0
1521,DCY9,B,2,ColonizerMoss,0.030864198
1522,DCY9,B,3,ColonizerMoss,0
1523,DDM2,A,1,ColonizerMoss,0
1524,DDM2,A,2,ColonizerMoss,0
1525,DDM2,A,3,ColonizerMoss,0
1526,DDM2,B,3,ColonizerMoss,0
1527,DDM2,B,2,ColonizerMoss,0
1528,DDM2,B,1,ColonizerMoss,0
1529,GRI1,A,1,ColonizerMoss,0
1530,GRI1,A,2,ColonizerMoss,0
1531,GRI1,A,3,ColonizerMoss,0
1532,GRI1,B,1,ColonizerMoss,0
1533,GRI1,B,2,ColonizerMoss,0
1534,GRI1,B,3,ColonizerMoss,0
1535,GRM3,A,1,ColonizerMoss,0
1536,GRM3,A,2,ColonizerMoss,0
1537,GRM3,A,3,ColonizerMoss,0
1538,GRM3,B,1,ColonizerMoss,0
1539,GRM3,B,2,ColonizerMoss,0
1540,GRM3,B,3,ColonizerMoss,0
1541,GRM4,A,1,ColonizerMoss,0
1542,GRM4,A,2,ColonizerMoss,0
1543,GRM4,A,3,ColonizerMoss,0
1544,GRM4,B,1,ColonizerMoss,0
1545,GRM4,B,2,ColonizerMoss,0
1546,GRM4,B,3,ColonizerMoss,0
1547,GSI1,A,1,ColonizerMoss,0
1548,GSI1,A,2,ColonizerMoss,0
1549,GSI1,A,3,ColonizerMoss,0
1550,GSI1,B,1,ColonizerMoss,0
1551,GSI1,B,2,ColonizerMoss,0
1552,GSI1,B,3,ColonizerMoss,0
1553,GSI2,A,1,ColonizerMoss,0
1554,GSI2,A,2,ColonizerMoss,0
1555,GSI2,A,3,ColonizerMoss,0
1556,GSI2,B,1,ColonizerMoss,0
1557,GSI2,B,2,ColonizerMoss,0
1558,GSI2,B,3,ColonizerMoss,0
1559,GSM1,A,1,ColonizerMoss,0
1560,GSM1,A,2,ColonizerMoss,0
1561,GSM1,A,3,ColonizerMoss,0
1562,GSM1,B,1,ColonizerMoss,0
1563,GSM1,B,2,ColonizerMoss,0
1564,GSM1,B,3,ColonizerMoss,0
1565,GSM3,A,1,ColonizerMoss,0
1566,GSM3,A,2,ColonizerMoss,0
1567,GSM3,A,3,ColonizerMoss,0
1568,GSM3,B,1,ColonizerMoss,0
1569,GSM3,B,2,ColonizerMoss,0
1570,GSM3,B,3,ColonizerMoss,0
1571,GSM4,A,1,ColonizerMoss,0
1572,GSM4,A,2,ColonizerMoss,0
1573,GSM4,A,3,ColonizerMoss,0
1574,GSM4,B,1,ColonizerMoss,0
1575,GSM4,B,2,ColonizerMoss,0
1576,GSM4,B,3,ColonizerMoss,0
1577,GSM5,A,1,ColonizerMoss,0
1578,GSM5,A,2,ColonizerMoss,0
1579,GSM5,A,3,ColonizerMoss,0
1580,GSM5,B,1,ColonizerMoss,0
1581,GSM5,B,2,ColonizerMoss,0
1582,GSM5,B,3,ColonizerMoss,0
1583,LGI2,A,1,ColonizerMoss,0
1584,LGI2,A,2,ColonizerMoss,0
1585,LGI2,A,3,ColonizerMoss,0
1586,LGI2,B,1,ColonizerMoss,0
1587,LGI2,B,2,ColonizerMoss,0
1588,LGI2,B,3,ColonizerMoss,0
1589,MDI4,A,1,ColonizerMoss,0
1590,MDI4,A,2,ColonizerMoss,0
1591,MDI4,A,3,ColonizerMoss,0
1592,MDI4,B,1,ColonizerMoss,0
1593,MDI4,B,2,ColonizerMoss,0
1594,MDI4,B,3,ColonizerMoss,0
1595,MDI5,A,1,ColonizerMoss,0
1596,MDI5,A,2,ColonizerMoss,0
1597,MDI5,A,3,ColonizerMoss,0
1598,MDI5,B,1,ColonizerMoss,0
1599,MDI5,B,2,ColonizerMoss,0
1600,MDI5,B,3,ColonizerMoss,0
1601,MDM1,A,1,ColonizerMoss,0
1602,MDM1,A,2,ColonizerMoss,0
1603,MDM1,A,3,ColonizerMoss,0
1604,MDM1,B,1,ColonizerMoss,0
1605,MDM1,B,2,ColonizerMoss,0
1606,MDM1,B,3,ColonizerMoss,0
1607,UP4D,A,1,ColonizerMoss,0
1608,UP4D,A,2,ColonizerMoss,0
1609,UP4D,A,3,ColonizerMoss,0
1610,UP4D,B,1,ColonizerMoss,0
1611,UP4D,B,2,ColonizerMoss,0
1612,UP4D,B,3,ColonizerMoss,0
1613,WCM2,A,1,ColonizerMoss,0
1614,WCM2,A,2,ColonizerMoss,0
1615,WCM2,A,3,ColonizerMoss,0
1616,WCM2,B,1,ColonizerMoss,0
1617,WCM2,B,2,ColonizerMoss,0
1618,WCM2,B,3,ColonizerMoss,0
1619,WCM3,A,1,ColonizerMoss,0
1620,WCM3,A,2,ColonizerMoss,0
1621,WCM3,A,3,ColonizerMoss,0
1622,WCM3,B,1,ColonizerMoss,0
1623,WCM3,B,2,ColonizerMoss,0
1624,WCM3,B,3,ColonizerMoss,0
1625,BCEFM2,A,1,Lichen,0
1626,BCEFM2,A,2,Lichen,0
1627,BCEFM2,A,3,Lichen,0
1628,BCEFM2,B,1,Lichen,0.021111111
1629,BCEFM2,B,2,Lichen,0
1630,BCEFM2,B,3,Lichen,0.034444444
1631,BDM1,A,1,Lichen,0
1632,BDM1,A,2,Lichen,0.0041
1633,BDM1,A,3,Lichen,0
1634,BDM1,B,1,Lichen,0
1635,BDM1,B,2,Lichen,0.011983471
1636,BDM1,B,3,Lichen,0
1637,BFY10,A,1,Lichen,0
1638,BFY10,A,2,Lichen,0
1639,BFY10,A,3,Lichen,0.025555556
1640,BFY10,B,1,Lichen,0
1641,BFY10,B,2,Lichen,0.021777778
1642,BFY10,B,3,Lichen,0.062666667
1643,BFY7,A,1,Lichen,0
1644,BFY7,A,2,Lichen,0
1645,BFY7,A,3,Lichen,0
1646,BFY7,B,1,Lichen,0
1647,BFY7,B,2,Lichen,0
1648,BFY7,B,3,Lichen,0
1649,BFY8,A,1,Lichen,0.02625
1650,BFY8,A,2,Lichen,0.025274725
1651,BFY8,A,3,Lichen,0
1652,BFY8,B,1,Lichen,0
1653,BFY8,B,2,Lichen,0
1654,BFY8,B,3,Lichen,0
1655,BFY9,A,1,Lichen,0
1656,BFY9,A,2,Lichen,0
1657,BFY9,A,3,Lichen,0
1658,BFY9,B,1,Lichen,0
1659,BFY9,B,2,Lichen,0.040816327
1660,BFY9,B,3,Lichen,0
1661,DCY14,A,1,Lichen,0
1662,DCY14,A,2,Lichen,0
1663,DCY14,A,3,Lichen,0
1664,DCY14,B,1,Lichen,0
1665,DCY14,B,2,Lichen,0
1666,DCY14,B,3,Lichen,0
1667,DCY2,A,1,Lichen,0
1668,DCY2,A,2,Lichen,0
1669,DCY2,A,3,Lichen,0
1670,DCY2,B,1,Lichen,0
1671,DCY2,B,2,Lichen,0
1672,DCY2,B,3,Lichen,0
1673,DCY3,A,1,Lichen,0.415
1674,DCY3,A,2,Lichen,0
1675,DCY3,A,3,Lichen,0
1676,DCY3,B,1,Lichen,0.036407407
1677,DCY3,B,2,Lichen,0
1678,DCY3,B,3,Lichen,0
1679,DCY4,A,1,Lichen,0
1680,DCY4,A,2,Lichen,0.0524625
1681,DCY4,A,3,Lichen,0.4
1682,DCY4,B,1,Lichen,0
1683,DCY4,B,2,Lichen,0.036111111
1684,DCY4,B,3,Lichen,0
1685,DCY9,A,1,Lichen,0
1686,DCY9,A,2,Lichen,0
1687,DCY9,A,3,Lichen,0
1688,DCY9,B,1,Lichen,0
1689,DCY9,B,2,Lichen,0
1690,DCY9,B,3,Lichen,0
1691,DDM2,A,1,Lichen,1.426666667
1692,DDM2,A,2,Lichen,0.268888889
1693,DDM2,A,3,Lichen,3.068444444
1694,DDM2,B,3,Lichen,1.042666667
1695,DDM2,B,2,Lichen,0.481333333
1696,DDM2,B,1,Lichen,0.072222222
1697,GRI1,A,1,Lichen,0
1698,GRI1,A,2,Lichen,0
1699,GRI1,A,3,Lichen,0
1700,GRI1,B,1,Lichen,0
1701,GRI1,B,2,Lichen,0.714285714
1702,GRI1,B,3,Lichen,0
1703,GRM3,A,1,Lichen,0.13968254
1704,GRM3,A,2,Lichen,0
1705,GRM3,A,3,Lichen,0.206944444
1706,GRM3,B,1,Lichen,0.233928571
1707,GRM3,B,2,Lichen,0
1708,GRM3,B,3,Lichen,0
1709,GRM4,A,1,Lichen,0.048611111
1710,GRM4,A,2,Lichen,0
1711,GRM4,A,3,Lichen,0
1712,GRM4,B,1,Lichen,0.049450549
1713,GRM4,B,2,Lichen,0
1714,GRM4,B,3,Lichen,0.05125
1715,GSI1,A,1,Lichen,0
1716,GSI1,A,2,Lichen,0
1717,GSI1,A,3,Lichen,0
1718,GSI1,B,1,Lichen,0
1719,GSI1,B,2,Lichen,0
1720,GSI1,B,3,Lichen,0
1721,GSI2,A,1,Lichen,0.02
1722,GSI2,A,2,Lichen,0
1723,GSI2,A,3,Lichen,0
1724,GSI2,B,1,Lichen,0.126222222
1725,GSI2,B,2,Lichen,0.012444444
1726,GSI2,B,3,Lichen,0
1727,GSM1,A,1,Lichen,0
1728,GSM1,A,2,Lichen,0
1729,GSM1,A,3,Lichen,0
1730,GSM1,B,1,Lichen,0
1731,GSM1,B,2,Lichen,0
1732,GSM1,B,3,Lichen,0.088
1733,GSM3,A,1,Lichen,0.074222222
1734,GSM3,A,2,Lichen,0
1735,GSM3,A,3,Lichen,0
1736,GSM3,B,1,Lichen,0
1737,GSM3,B,2,Lichen,0
1738,GSM3,B,3,Lichen,0
1739,GSM4,A,1,Lichen,0.0175
1740,GSM4,A,2,Lichen,0.06
1741,GSM4,A,3,Lichen,0
1742,GSM4,B,1,Lichen,0
1743,GSM4,B,2,Lichen,0
1744,GSM4,B,3,Lichen,0
1745,GSM5,A,1,Lichen,0
1746,GSM5,A,2,Lichen,0
1747,GSM5,A,3,Lichen,0
1748,GSM5,B,1,Lichen,0
1749,GSM5,B,2,Lichen,0
1750,GSM5,B,3,Lichen,0.598222222
1751,LGI2,A,1,Lichen,0
1752,LGI2,A,2,Lichen,0
1753,LGI2,A,3,Lichen,0.086807143
1754,LGI2,B,1,Lichen,0
1755,LGI2,B,2,Lichen,0
1756,LGI2,B,3,Lichen,0.525454545
1757,MDI4,A,1,Lichen,0
1758,MDI4,A,2,Lichen,0
1759,MDI4,A,3,Lichen,0
1760,MDI4,B,1,Lichen,0
1761,MDI4,B,2,Lichen,0
1762,MDI4,B,3,Lichen,0
1763,MDI5,A,1,Lichen,0
1764,MDI5,A,2,Lichen,0
1765,MDI5,A,3,Lichen,0
1766,MDI5,B,1,Lichen,0.022339286
1767,MDI5,B,2,Lichen,0
1768,MDI5,B,3,Lichen,0
1769,MDM1,A,1,Lichen,0
1770,MDM1,A,2,Lichen,0.093178571
1771,MDM1,A,3,Lichen,0.548214286
1772,MDM1,B,1,Lichen,0
1773,MDM1,B,2,Lichen,0.240625
1774,MDM1,B,3,Lichen,0
1775,UP4D,A,1,Lichen,0.326262626
1776,UP4D,A,2,Lichen,0.126388889
1777,UP4D,A,3,Lichen,0
1778,UP4D,B,1,Lichen,0
1779,UP4D,B,2,Lichen,0.111111111
1780,UP4D,B,3,Lichen,0.036666667
1781,WCM2,A,1,Lichen,0.3453125
1782,WCM2,A,2,Lichen,0.1890625
1783,WCM2,A,3,Lichen,0
1784,WCM2,B,1,Lichen,0.026388889
1785,WCM2,B,2,Lichen,0.341964286
1786,WCM2,B,3,Lichen,0.227160494
1787,WCM3,A,1,Lichen,0
1788,WCM3,A,2,Lichen,0
1789,WCM3,A,3,Lichen,0
1790,WCM3,B,1,Lichen,0
1791,WCM3,B,2,Lichen,0
1792,WCM3,B,3,Lichen,0.322380952
1793,BCEFM2,NA,1,EvergreenTree,1.078281597
1794,BDM1,NA,1,EvergreenTree,2.851620556
1795,BFY10,NA,1,EvergreenTree,0
1796,BFY7,NA,1,EvergreenTree,0.033398986
1797,BFY8,NA,1,EvergreenTree,0
1798,BFY9,NA,1,EvergreenTree,0.03964064
1799,DCY14,NA,1,EvergreenTree,0
1800,DCY2,NA,1,EvergreenTree,0
1801,DCY3,NA,1,EvergreenTree,0
1802,DCY4,NA,1,EvergreenTree,0
1803,DCY9,NA,1,EvergreenTree,0
1804,DDM2,NA,1,EvergreenTree,3.078722376
1805,GRI1,NA,1,EvergreenTree,0.586043134
1806,GRM3,NA,1,EvergreenTree,1.612761759
1807,GRM4,NA,1,EvergreenTree,2.015424455
1808,GSI1,NA,1,EvergreenTree,4.728035308
1809,GSI2,NA,1,EvergreenTree,0.350377745
1810,GSM1,NA,1,EvergreenTree,1.434123191
1811,GSM3,NA,1,EvergreenTree,0.811880084
1812,GSM4,NA,1,EvergreenTree,1.018290438
1813,GSM5,NA,1,EvergreenTree,1.105340734
1814,LGI2,NA,1,EvergreenTree,1.879923134
1815,MDI4,NA,1,EvergreenTree,4.786254521
1816,MDI5,NA,1,EvergreenTree,18.35280608
1817,MDM1,NA,1,EvergreenTree,3.047929118
1818,UP4D,NA,1,EvergreenTree,3.818613195
1819,WCM2,NA,1,EvergreenTree,NA
1820,WCM3,NA,1,EvergreenTree,NA
1821,BCEFM2,NA,2,EvergreenTree,0.882306203
1822,BDM1,NA,2,EvergreenTree,2.893825953
1823,BFY10,NA,2,EvergreenTree,0
1824,BFY7,NA,2,EvergreenTree,0.053972127
1825,BFY8,NA,2,EvergreenTree,0
1826,BFY9,NA,2,EvergreenTree,0.237800889
1827,DCY14,NA,2,EvergreenTree,0
1828,DCY2,NA,2,EvergreenTree,0
1829,DCY3,NA,2,EvergreenTree,0
1830,DCY4,NA,2,EvergreenTree,0
1831,DCY9,NA,2,EvergreenTree,0
1832,DDM2,NA,2,EvergreenTree,2.252946408
1833,GRI1,NA,2,EvergreenTree,0.50765161
1834,GRM3,NA,2,EvergreenTree,1.411205654
1835,GRM4,NA,2,EvergreenTree,2.289248726
1836,GSI1,NA,2,EvergreenTree,3.778390502
1837,GSI2,NA,2,EvergreenTree,0.076350252
1838,GSM1,NA,2,EvergreenTree,1.514784984
1839,GSM3,NA,2,EvergreenTree,2.039977736
1840,GSM4,NA,2,EvergreenTree,1.401998501
1841,GSM5,NA,2,EvergreenTree,1.49993135
1842,LGI2,NA,2,EvergreenTree,0.810815474
1843,MDI4,NA,2,EvergreenTree,5.44046415
1844,MDI5,NA,2,EvergreenTree,0
1845,MDM1,NA,2,EvergreenTree,2.769859535
1846,UP4D,NA,2,EvergreenTree,5.464136695
1847,WCM2,NA,2,EvergreenTree,NA
1848,WCM3,NA,2,EvergreenTree,NA
1849,BCEFM2,NA,3,EvergreenTree,0.66582536
1850,BDM1,NA,3,EvergreenTree,1.904716064
1851,BFY10,NA,3,EvergreenTree,0
1852,BFY7,NA,3,EvergreenTree,0
1853,BFY8,NA,3,EvergreenTree,0
1854,BFY9,NA,3,EvergreenTree,0
1855,DCY14,NA,3,EvergreenTree,0
1856,DCY2,NA,3,EvergreenTree,0
1857,DCY3,NA,3,EvergreenTree,0
1858,DCY4,NA,3,EvergreenTree,0
1859,DCY9,NA,3,EvergreenTree,0
1860,DDM2,NA,3,EvergreenTree,2.95740231
1861,GRI1,NA,3,EvergreenTree,1.248259044
1862,GRM3,NA,3,EvergreenTree,0.773737766
1863,GRM4,NA,3,EvergreenTree,3.906555109
1864,GSI1,NA,3,EvergreenTree,4.660615288
1865,GSI2,NA,3,EvergreenTree,0.031917655
1866,GSM1,NA,3,EvergreenTree,1.319339302
1867,GSM3,NA,3,EvergreenTree,0.926340046
1868,GSM4,NA,3,EvergreenTree,1.819678243
1869,GSM5,NA,3,EvergreenTree,1.53301919
1870,LGI2,NA,3,EvergreenTree,3.175226508
1871,MDI4,NA,3,EvergreenTree,4.849944201
1872,MDI5,NA,3,EvergreenTree,0
1873,MDM1,NA,3,EvergreenTree,2.834390044
1874,UP4D,NA,3,EvergreenTree,6.602118009
1875,WCM2,NA,3,EvergreenTree,NA
1876,WCM3,NA,3,EvergreenTree,NA
1877,BCEFM2,NA,4,EvergreenTree,1.008463128
1878,BDM1,NA,4,EvergreenTree,2.80669531
1879,BFY10,NA,4,EvergreenTree,0
1880,BFY7,NA,4,EvergreenTree,0.11570903
1881,BFY8,NA,4,EvergreenTree,0
1882,BFY9,NA,4,EvergreenTree,0
1883,DCY14,NA,4,EvergreenTree,0
1884,DCY2,NA,4,EvergreenTree,0
1885,DCY3,NA,4,EvergreenTree,0
1886,DCY4,NA,4,EvergreenTree,0
1887,DCY9,NA,4,EvergreenTree,0
1888,DDM2,NA,4,EvergreenTree,3.335229893
1889,GRI1,NA,4,EvergreenTree,0.491984695
1890,GRM3,NA,4,EvergreenTree,0.448842197
1891,GRM4,NA,4,EvergreenTree,3.853722294
1892,GSI1,NA,4,EvergreenTree,4.085276284
1893,GSI2,NA,4,EvergreenTree,0.160212916
1894,GSM1,NA,4,EvergreenTree,1.227140359
1895,GSM3,NA,4,EvergreenTree,2.165594333
1896,GSM4,NA,4,EvergreenTree,1.952069258
1897,GSM5,NA,4,EvergreenTree,1.419104771
1898,LGI2,NA,4,EvergreenTree,3.174238071
1899,MDI4,NA,4,EvergreenTree,5.247561144
1900,MDI5,NA,4,EvergreenTree,0
1901,MDM1,NA,4,EvergreenTree,3.329624966
1902,UP4D,NA,4,EvergreenTree,6.547078007
1903,WCM2,NA,4,EvergreenTree,NA
1904,WCM3,NA,4,EvergreenTree,NA
1905,BCEFM2,NA,5,EvergreenTree,1.312494696
1906,BDM1,NA,5,EvergreenTree,2.051693552
1907,BFY10,NA,5,EvergreenTree,0
1908,BFY7,NA,5,EvergreenTree,0
1909,BFY8,NA,5,EvergreenTree,0
1910,BFY9,NA,5,EvergreenTree,0.138703773
1911,DCY14,NA,5,EvergreenTree,0
1912,DCY2,NA,5,EvergreenTree,0
1913,DCY3,NA,5,EvergreenTree,0
1914,DCY4,NA,5,EvergreenTree,0
1915,DCY9,NA,5,EvergreenTree,0
1916,DDM2,NA,5,EvergreenTree,3.075664417
1917,GRI1,NA,5,EvergreenTree,0.379489501
1918,GRM3,NA,5,EvergreenTree,0.989258969
1919,GRM4,NA,5,EvergreenTree,2.848216338
1920,GSI1,NA,5,EvergreenTree,5.197621836
1921,GSI2,NA,5,EvergreenTree,0.222988987
1922,GSM1,NA,5,EvergreenTree,1.335498224
1923,GSM3,NA,5,EvergreenTree,1.977958941
1924,GSM4,NA,5,EvergreenTree,3.174670112
1925,GSM5,NA,5,EvergreenTree,1.416754488
1926,LGI2,NA,5,EvergreenTree,3.77160363
1927,MDI4,NA,5,EvergreenTree,6.251389993
1928,MDI5,NA,5,EvergreenTree,0
1929,MDM1,NA,5,EvergreenTree,5.458250519
1930,UP4D,NA,5,EvergreenTree,8.917492426
1931,WCM2,NA,5,EvergreenTree,NA
1932,WCM3,NA,5,EvergreenTree,NA
1933,BCEFM2,NA,6,EvergreenTree,0.808502623
1934,BDM1,NA,6,EvergreenTree,1.982322675
1935,BFY10,NA,6,EvergreenTree,0
1936,BFY7,NA,6,EvergreenTree,0
1937,BFY8,NA,6,EvergreenTree,0
1938,BFY9,NA,6,EvergreenTree,0.47360489
1939,DCY14,NA,6,EvergreenTree,0
1940,DCY2,NA,6,EvergreenTree,0
1941,DCY3,NA,6,EvergreenTree,0
1942,DCY4,NA,6,EvergreenTree,0.020009174
1943,DCY9,NA,6,EvergreenTree,0
1944,DDM2,NA,6,EvergreenTree,2.738605623
1945,GRI1,NA,6,EvergreenTree,0.737748641
1946,GRM3,NA,6,EvergreenTree,1.071622122
1947,GRM4,NA,6,EvergreenTree,3.801736225
1948,GSI1,NA,6,EvergreenTree,4.464638824
1949,GSI2,NA,6,EvergreenTree,0.105885503
1950,GSM1,NA,6,EvergreenTree,0.651047957
1951,GSM3,NA,6,EvergreenTree,0.895721702
1952,GSM4,NA,6,EvergreenTree,2.346890762
1953,GSM5,NA,6,EvergreenTree,2.159570388
1954,LGI2,NA,6,EvergreenTree,2.413679758
1955,MDI4,NA,6,EvergreenTree,6.169437614
1956,MDI5,NA,6,EvergreenTree,0
1957,MDM1,NA,6,EvergreenTree,6.663124489
1958,UP4D,NA,6,EvergreenTree,5.305489066
1959,WCM2,NA,6,EvergreenTree,NA
1960,WCM3,NA,6,EvergreenTree,NA
1961,BCEFM2,NA,7,EvergreenTree,0.625421984
1962,BDM1,NA,7,EvergreenTree,2.537537897
1963,BFY10,NA,7,EvergreenTree,0
1964,BFY7,NA,7,EvergreenTree,0
1965,BFY8,NA,7,EvergreenTree,0
1966,BFY9,NA,7,EvergreenTree,0.322067006
1967,DCY14,NA,7,EvergreenTree,0
1968,DCY2,NA,7,EvergreenTree,0
1969,DCY3,NA,7,EvergreenTree,0
1970,DCY4,NA,7,EvergreenTree,0
1971,DCY9,NA,7,EvergreenTree,0
1972,DDM2,NA,7,EvergreenTree,2.49530742
1973,GRI1,NA,7,EvergreenTree,0.449360133
1974,GRM3,NA,7,EvergreenTree,0.421328634
1975,GRM4,NA,7,EvergreenTree,6.186717785
1976,GSI1,NA,7,EvergreenTree,3.61931989
1977,GSI2,NA,7,EvergreenTree,0.147703404
1978,GSM1,NA,7,EvergreenTree,1.080314174
1979,GSM3,NA,7,EvergreenTree,0.995593602
1980,GSM4,NA,7,EvergreenTree,3.790724459
1981,GSM5,NA,7,EvergreenTree,1.57041552
1982,LGI2,NA,7,EvergreenTree,1.947857551
1983,MDI4,NA,7,EvergreenTree,4.688582273
1984,MDI5,NA,7,EvergreenTree,0
1985,MDM1,NA,7,EvergreenTree,4.55643523
1986,UP4D,NA,7,EvergreenTree,6.989233401
1987,WCM2,NA,7,EvergreenTree,NA
1988,WCM3,NA,7,EvergreenTree,NA
1989,BCEFM2,NA,8,EvergreenTree,0.696803689
1990,BDM1,NA,8,EvergreenTree,1.753485056
1991,BFY10,NA,8,EvergreenTree,0
1992,BFY7,NA,8,EvergreenTree,0
1993,BFY8,NA,8,EvergreenTree,0
1994,BFY9,NA,8,EvergreenTree,0.02243407
1995,DCY14,NA,8,EvergreenTree,0
1996,DCY2,NA,8,EvergreenTree,0
1997,DCY3,NA,8,EvergreenTree,0
1998,DCY4,NA,8,EvergreenTree,0
1999,DCY9,NA,8,EvergreenTree,0
2000,DDM2,NA,8,EvergreenTree,3.738809435
2001,GRI1,NA,8,EvergreenTree,0.592253156
2002,GRM3,NA,8,EvergreenTree,0.862050583
2003,GRM4,NA,8,EvergreenTree,0.038032777
2004,GSI1,NA,8,EvergreenTree,4.320302028
2005,GSI2,NA,8,EvergreenTree,0.026308665
2006,GSM1,NA,8,EvergreenTree,1.418756776
2007,GSM3,NA,8,EvergreenTree,1.026049296
2008,GSM4,NA,8,EvergreenTree,1.698959148
2009,GSM5,NA,8,EvergreenTree,1.113939808
2010,LGI2,NA,8,EvergreenTree,1.903003535
2011,MDI4,NA,8,EvergreenTree,4.550742266
2012,MDI5,NA,8,EvergreenTree,0
2013,MDM1,NA,8,EvergreenTree,6.098841125
2014,UP4D,NA,8,EvergreenTree,5.035113839
2015,WCM2,NA,8,EvergreenTree,NA
2016,WCM3,NA,8,EvergreenTree,NA
2017,BCEFM2,NA,9,EvergreenTree,0.919611143
2018,BDM1,NA,9,EvergreenTree,1.864048091
2019,BFY10,NA,9,EvergreenTree,0
2020,BFY7,NA,9,EvergreenTree,0
2021,BFY8,NA,9,EvergreenTree,0
2022,BFY9,NA,9,EvergreenTree,0.121598235
2023,DCY14,NA,9,EvergreenTree,0
2024,DCY2,NA,9,EvergreenTree,0
2025,DCY3,NA,9,EvergreenTree,0
2026,DCY4,NA,9,EvergreenTree,0
2027,DCY9,NA,9,EvergreenTree,0
2028,DDM2,NA,9,EvergreenTree,2.982638009
2029,GRI1,NA,9,EvergreenTree,0.580599631
2030,GRM3,NA,9,EvergreenTree,0.980572619
2031,GRM4,NA,9,EvergreenTree,2.437672372
2032,GSI1,NA,9,EvergreenTree,2.377227917
2033,GSI2,NA,9,EvergreenTree,0.322618193
2034,GSM1,NA,9,EvergreenTree,1.292946598
2035,GSM3,NA,9,EvergreenTree,1.980130314
2036,GSM4,NA,9,EvergreenTree,4.874448702
2037,GSM5,NA,9,EvergreenTree,0.641358284
2038,LGI2,NA,9,EvergreenTree,2.835538347
2039,MDI4,NA,9,EvergreenTree,2.548967337
2040,MDI5,NA,9,EvergreenTree,0
2041,MDM1,NA,9,EvergreenTree,4.577220015
2042,UP4D,NA,9,EvergreenTree,2.872704705
2043,WCM2,NA,9,EvergreenTree,NA
2044,WCM3,NA,9,EvergreenTree,NA
2045,BCEFM2,NA,10,EvergreenTree,1.007895836
2046,BDM1,NA,10,EvergreenTree,1.804015325
2047,BFY10,NA,10,EvergreenTree,0
2048,BFY7,NA,10,EvergreenTree,0
2049,BFY8,NA,10,EvergreenTree,0
2050,BFY9,NA,10,EvergreenTree,0.32154788
2051,DCY14,NA,10,EvergreenTree,0
2052,DCY2,NA,10,EvergreenTree,0
2053,DCY3,NA,10,EvergreenTree,0
2054,DCY4,NA,10,EvergreenTree,0
2055,DCY9,NA,10,EvergreenTree,0
2056,DDM2,NA,10,EvergreenTree,4.76809227
2057,GRI1,NA,10,EvergreenTree,0.994690881
2058,GRM3,NA,10,EvergreenTree,0.208966511
2059,GRM4,NA,10,EvergreenTree,3.664605757
2060,GSI1,NA,10,EvergreenTree,2.074050231
2061,GSI2,NA,10,EvergreenTree,0.375270938
2062,GSM1,NA,10,EvergreenTree,1.040166945
2063,GSM3,NA,10,EvergreenTree,2.360150414
2064,GSM4,NA,10,EvergreenTree,6.003403753
2065,GSM5,NA,10,EvergreenTree,0.758615205
2066,LGI2,NA,10,EvergreenTree,2.661835533
2067,MDI4,NA,10,EvergreenTree,2.478914899
2068,MDI5,NA,10,EvergreenTree,0
2069,MDM1,NA,10,EvergreenTree,4.284499377
2070,UP4D,NA,10,EvergreenTree,7.325954358
2071,WCM2,NA,10,EvergreenTree,NA
2072,WCM3,NA,10,EvergreenTree,NA
2073,BCEFM2,NA,11,EvergreenTree,0.736603898
2074,BDM1,NA,11,EvergreenTree,2.391201067
2075,BFY10,NA,11,EvergreenTree,0
2076,BFY7,NA,11,EvergreenTree,0
2077,BFY8,NA,11,EvergreenTree,0
2078,BFY9,NA,11,EvergreenTree,0.16036614
2079,DCY14,NA,11,EvergreenTree,0
2080,DCY2,NA,11,EvergreenTree,0.134315483
2081,DCY3,NA,11,EvergreenTree,0
2082,DCY4,NA,11,EvergreenTree,0
2083,DCY9,NA,11,EvergreenTree,0
2084,DDM2,NA,11,EvergreenTree,1.791982993
2085,GRI1,NA,11,EvergreenTree,0.998032086
2086,GRM3,NA,11,EvergreenTree,0.490483995
2087,GRM4,NA,11,EvergreenTree,3.094151111
2088,GSI1,NA,11,EvergreenTree,2.426664661
2089,GSI2,NA,11,EvergreenTree,0.078493989
2090,GSM1,NA,11,EvergreenTree,1.01707895
2091,GSM3,NA,11,EvergreenTree,1.789696072
2092,GSM4,NA,11,EvergreenTree,3.411589357
2093,GSM5,NA,11,EvergreenTree,1.19525269
2094,LGI2,NA,11,EvergreenTree,4.336825773
2095,MDI4,NA,11,EvergreenTree,3.364454308
2096,MDI5,NA,11,EvergreenTree,0
2097,MDM1,NA,11,EvergreenTree,3.778684295
2098,UP4D,NA,11,EvergreenTree,4.729919138
2099,WCM2,NA,11,EvergreenTree,NA
2100,WCM3,NA,11,EvergreenTree,NA
2101,BCEFM2,NA,12,EvergreenTree,0.86589019
2102,BDM1,NA,12,EvergreenTree,3.000626108
2103,BFY10,NA,12,EvergreenTree,0
2104,BFY7,NA,12,EvergreenTree,0
2105,BFY8,NA,12,EvergreenTree,0
2106,BFY9,NA,12,EvergreenTree,0.244049621
2107,DCY14,NA,12,EvergreenTree,0
2108,DCY2,NA,12,EvergreenTree,0.150892469
2109,DCY3,NA,12,EvergreenTree,0
2110,DCY4,NA,12,EvergreenTree,0
2111,DCY9,NA,12,EvergreenTree,0
2112,DDM2,NA,12,EvergreenTree,5.178857549
2113,GRI1,NA,12,EvergreenTree,0.848270284
2114,GRM3,NA,12,EvergreenTree,0.27543729
2115,GRM4,NA,12,EvergreenTree,3.335641952
2116,GSI1,NA,12,EvergreenTree,2.588683204
2117,GSI2,NA,12,EvergreenTree,0.394858021
2118,GSM1,NA,12,EvergreenTree,1.562897434
2119,GSM3,NA,12,EvergreenTree,1.11495979
2120,GSM4,NA,12,EvergreenTree,5.3762331
2121,GSM5,NA,12,EvergreenTree,0.912964204
2122,LGI2,NA,12,EvergreenTree,3.223640559
2123,MDI4,NA,12,EvergreenTree,5.68269741
2124,MDI5,NA,12,EvergreenTree,0
2125,MDM1,NA,12,EvergreenTree,3.603547586
2126,UP4D,NA,12,EvergreenTree,7.854262743
2127,WCM2,NA,12,EvergreenTree,NA
2128,WCM3,NA,12,EvergreenTree,NA
2129,BCEFM2,NA,1,DeciduousTree,0.071212387
2130,BDM1,NA,1,DeciduousTree,0
2131,BFY10,NA,1,DeciduousTree,0
2132,BFY7,NA,1,DeciduousTree,0
2133,BFY8,NA,1,DeciduousTree,0
2134,BFY9,NA,1,DeciduousTree,0
2135,DCY14,NA,1,DeciduousTree,0
2136,DCY2,NA,1,DeciduousTree,0
2137,DCY3,NA,1,DeciduousTree,1.533564624
2138,DCY4,NA,1,DeciduousTree,0
2139,DCY9,NA,1,DeciduousTree,0
2140,DDM2,NA,1,DeciduousTree,0.007172068
2141,GRI1,NA,1,DeciduousTree,0.368357805
2142,GRM3,NA,1,DeciduousTree,0
2143,GRM4,NA,1,DeciduousTree,0
2144,GSI1,NA,1,DeciduousTree,0
2145,GSI2,NA,1,DeciduousTree,0
2146,GSM1,NA,1,DeciduousTree,0
2147,GSM3,NA,1,DeciduousTree,0.315175553
2148,GSM4,NA,1,DeciduousTree,0
2149,GSM5,NA,1,DeciduousTree,0
2150,LGI2,NA,1,DeciduousTree,1.466956111
2151,MDI4,NA,1,DeciduousTree,9.964303615
2152,MDI5,NA,1,DeciduousTree,0
2153,MDM1,NA,1,DeciduousTree,0
2154,UP4D,NA,1,DeciduousTree,0
2155,WCM2,NA,1,DeciduousTree,NA
2156,WCM3,NA,1,DeciduousTree,NA
2157,BCEFM2,NA,2,DeciduousTree,0.049305394
2158,BDM1,NA,2,DeciduousTree,0
2159,BFY10,NA,2,DeciduousTree,0
2160,BFY7,NA,2,DeciduousTree,0
2161,BFY8,NA,2,DeciduousTree,0
2162,BFY9,NA,2,DeciduousTree,0
2163,DCY14,NA,2,DeciduousTree,0
2164,DCY2,NA,2,DeciduousTree,0
2165,DCY3,NA,2,DeciduousTree,0.333404428
2166,DCY4,NA,2,DeciduousTree,0
2167,DCY9,NA,2,DeciduousTree,0.03486501
2168,DDM2,NA,2,DeciduousTree,0
2169,GRI1,NA,2,DeciduousTree,0.152834305
2170,GRM3,NA,2,DeciduousTree,0
2171,GRM4,NA,2,DeciduousTree,0
2172,GSI1,NA,2,DeciduousTree,0
2173,GSI2,NA,2,DeciduousTree,0
2174,GSM1,NA,2,DeciduousTree,0
2175,GSM3,NA,2,DeciduousTree,0.018296526
2176,GSM4,NA,2,DeciduousTree,0
2177,GSM5,NA,2,DeciduousTree,0
2178,LGI2,NA,2,DeciduousTree,0.67720971
2179,MDI4,NA,2,DeciduousTree,8.519836803
2180,MDI5,NA,2,DeciduousTree,0
2181,MDM1,NA,2,DeciduousTree,0
2182,UP4D,NA,2,DeciduousTree,0
2183,WCM2,NA,2,DeciduousTree,NA
2184,WCM3,NA,2,DeciduousTree,NA
2185,BCEFM2,NA,3,DeciduousTree,0.025798984
2186,BDM1,NA,3,DeciduousTree,0
2187,BFY10,NA,3,DeciduousTree,0.162999143
2188,BFY7,NA,3,DeciduousTree,0
2189,BFY8,NA,3,DeciduousTree,0
2190,BFY9,NA,3,DeciduousTree,0
2191,DCY14,NA,3,DeciduousTree,0
2192,DCY2,NA,3,DeciduousTree,0.06948987
2193,DCY3,NA,3,DeciduousTree,0
2194,DCY4,NA,3,DeciduousTree,0
2195,DCY9,NA,3,DeciduousTree,0.106415126
2196,DDM2,NA,3,DeciduousTree,0
2197,GRI1,NA,3,DeciduousTree,0.50357547
2198,GRM3,NA,3,DeciduousTree,0
2199,GRM4,NA,3,DeciduousTree,0
2200,GSI1,NA,3,DeciduousTree,0
2201,GSI2,NA,3,DeciduousTree,0
2202,GSM1,NA,3,DeciduousTree,0
2203,GSM3,NA,3,DeciduousTree,0.057636854
2204,GSM4,NA,3,DeciduousTree,0
2205,GSM5,NA,3,DeciduousTree,0.024453489
2206,LGI2,NA,3,DeciduousTree,0.629604989
2207,MDI4,NA,3,DeciduousTree,6.570635488
2208,MDI5,NA,3,DeciduousTree,0
2209,MDM1,NA,3,DeciduousTree,0
2210,UP4D,NA,3,DeciduousTree,0
2211,WCM2,NA,3,DeciduousTree,NA
2212,WCM3,NA,3,DeciduousTree,NA
2213,BCEFM2,NA,4,DeciduousTree,0.230663748
2214,BDM1,NA,4,DeciduousTree,0
2215,BFY10,NA,4,DeciduousTree,0
2216,BFY7,NA,4,DeciduousTree,0
2217,BFY8,NA,4,DeciduousTree,0
2218,BFY9,NA,4,DeciduousTree,0
2219,DCY14,NA,4,DeciduousTree,0
2220,DCY2,NA,4,DeciduousTree,0
2221,DCY3,NA,4,DeciduousTree,0.288473724
2222,DCY4,NA,4,DeciduousTree,0
2223,DCY9,NA,4,DeciduousTree,0.114634772
2224,DDM2,NA,4,DeciduousTree,0.071248552
2225,GRI1,NA,4,DeciduousTree,1.009176672
2226,GRM3,NA,4,DeciduousTree,0
2227,GRM4,NA,4,DeciduousTree,0
2228,GSI1,NA,4,DeciduousTree,0
2229,GSI2,NA,4,DeciduousTree,0
2230,GSM1,NA,4,DeciduousTree,0
2231,GSM3,NA,4,DeciduousTree,0.037215461
2232,GSM4,NA,4,DeciduousTree,0.028360259
2233,GSM5,NA,4,DeciduousTree,0
2234,LGI2,NA,4,DeciduousTree,0.280129907
2235,MDI4,NA,4,DeciduousTree,3.586528735
2236,MDI5,NA,4,DeciduousTree,0
2237,MDM1,NA,4,DeciduousTree,0
2238,UP4D,NA,4,DeciduousTree,1.505408861
2239,WCM2,NA,4,DeciduousTree,NA
2240,WCM3,NA,4,DeciduousTree,NA
2241,BCEFM2,NA,5,DeciduousTree,0
2242,BDM1,NA,5,DeciduousTree,0
2243,BFY10,NA,5,DeciduousTree,0.037041971
2244,BFY7,NA,5,DeciduousTree,0
2245,BFY8,NA,5,DeciduousTree,0
2246,BFY9,NA,5,DeciduousTree,0
2247,DCY14,NA,5,DeciduousTree,0
2248,DCY2,NA,5,DeciduousTree,0
2249,DCY3,NA,5,DeciduousTree,0.024376482
2250,DCY4,NA,5,DeciduousTree,0
2251,DCY9,NA,5,DeciduousTree,0
2252,DDM2,NA,5,DeciduousTree,0
2253,GRI1,NA,5,DeciduousTree,1.060471121
2254,GRM3,NA,5,DeciduousTree,0
2255,GRM4,NA,5,DeciduousTree,0
2256,GSI1,NA,5,DeciduousTree,0
2257,GSI2,NA,5,DeciduousTree,0
2258,GSM1,NA,5,DeciduousTree,0
2259,GSM3,NA,5,DeciduousTree,0.043027687
2260,GSM4,NA,5,DeciduousTree,0
2261,GSM5,NA,5,DeciduousTree,0
2262,LGI2,NA,5,DeciduousTree,0
2263,MDI4,NA,5,DeciduousTree,7.279960759
2264,MDI5,NA,5,DeciduousTree,0
2265,MDM1,NA,5,DeciduousTree,0
2266,UP4D,NA,5,DeciduousTree,0
2267,WCM2,NA,5,DeciduousTree,NA
2268,WCM3,NA,5,DeciduousTree,NA
2269,BCEFM2,NA,6,DeciduousTree,0.057440171
2270,BDM1,NA,6,DeciduousTree,0
2271,BFY10,NA,6,DeciduousTree,0
2272,BFY7,NA,6,DeciduousTree,0
2273,BFY8,NA,6,DeciduousTree,0
2274,BFY9,NA,6,DeciduousTree,0
2275,DCY14,NA,6,DeciduousTree,0
2276,DCY2,NA,6,DeciduousTree,0.047062114
2277,DCY3,NA,6,DeciduousTree,0
2278,DCY4,NA,6,DeciduousTree,0
2279,DCY9,NA,6,DeciduousTree,0.024453489
2280,DDM2,NA,6,DeciduousTree,0
2281,GRI1,NA,6,DeciduousTree,0.044312905
2282,GRM3,NA,6,DeciduousTree,0
2283,GRM4,NA,6,DeciduousTree,0
2284,GSI1,NA,6,DeciduousTree,0
2285,GSI2,NA,6,DeciduousTree,0
2286,GSM1,NA,6,DeciduousTree,0
2287,GSM3,NA,6,DeciduousTree,0.028961337
2288,GSM4,NA,6,DeciduousTree,0
2289,GSM5,NA,6,DeciduousTree,0
2290,LGI2,NA,6,DeciduousTree,2.37195224
2291,MDI4,NA,6,DeciduousTree,7.558587858
2292,MDI5,NA,6,DeciduousTree,0
2293,MDM1,NA,6,DeciduousTree,0
2294,UP4D,NA,6,DeciduousTree,0
2295,WCM2,NA,6,DeciduousTree,NA
2296,WCM3,NA,6,DeciduousTree,NA
2297,BCEFM2,NA,7,DeciduousTree,0.274072894
2298,BDM1,NA,7,DeciduousTree,0
2299,BFY10,NA,7,DeciduousTree,0
2300,BFY7,NA,7,DeciduousTree,0
2301,BFY8,NA,7,DeciduousTree,0
2302,BFY9,NA,7,DeciduousTree,0
2303,DCY14,NA,7,DeciduousTree,0
2304,DCY2,NA,7,DeciduousTree,0
2305,DCY3,NA,7,DeciduousTree,0.090991516
2306,DCY4,NA,7,DeciduousTree,0
2307,DCY9,NA,7,DeciduousTree,0
2308,DDM2,NA,7,DeciduousTree,0
2309,GRI1,NA,7,DeciduousTree,0.835035999
2310,GRM3,NA,7,DeciduousTree,0
2311,GRM4,NA,7,DeciduousTree,0
2312,GSI1,NA,7,DeciduousTree,0.295367067
2313,GSI2,NA,7,DeciduousTree,0
2314,GSM1,NA,7,DeciduousTree,0
2315,GSM3,NA,7,DeciduousTree,0.181450501
2316,GSM4,NA,7,DeciduousTree,0.265262475
2317,GSM5,NA,7,DeciduousTree,0.028360259
2318,LGI2,NA,7,DeciduousTree,1.490722298
2319,MDI4,NA,7,DeciduousTree,9.21621557
2320,MDI5,NA,7,DeciduousTree,0
2321,MDM1,NA,7,DeciduousTree,0
2322,UP4D,NA,7,DeciduousTree,0
2323,WCM2,NA,7,DeciduousTree,NA
2324,WCM3,NA,7,DeciduousTree,NA
2325,BCEFM2,NA,8,DeciduousTree,0
2326,BDM1,NA,8,DeciduousTree,0
2327,BFY10,NA,8,DeciduousTree,0
2328,BFY7,NA,8,DeciduousTree,0
2329,BFY8,NA,8,DeciduousTree,0
2330,BFY9,NA,8,DeciduousTree,0
2331,DCY14,NA,8,DeciduousTree,0
2332,DCY2,NA,8,DeciduousTree,0
2333,DCY3,NA,8,DeciduousTree,0.670682704
2334,DCY4,NA,8,DeciduousTree,0
2335,DCY9,NA,8,DeciduousTree,0
2336,DDM2,NA,8,DeciduousTree,0
2337,GRI1,NA,8,DeciduousTree,0.254844421
2338,GRM3,NA,8,DeciduousTree,0
2339,GRM4,NA,8,DeciduousTree,0
2340,GSI1,NA,8,DeciduousTree,0
2341,GSI2,NA,8,DeciduousTree,0
2342,GSM1,NA,8,DeciduousTree,0
2343,GSM3,NA,8,DeciduousTree,0.095067885
2344,GSM4,NA,8,DeciduousTree,0.277561567
2345,GSM5,NA,8,DeciduousTree,0
2346,LGI2,NA,8,DeciduousTree,1.363282001
2347,MDI4,NA,8,DeciduousTree,9.048016679
2348,MDI5,NA,8,DeciduousTree,0
2349,MDM1,NA,8,DeciduousTree,0
2350,UP4D,NA,8,DeciduousTree,0
2351,WCM2,NA,8,DeciduousTree,NA
2352,WCM3,NA,8,DeciduousTree,NA
2353,BCEFM2,NA,9,DeciduousTree,0
2354,BDM1,NA,9,DeciduousTree,0
2355,BFY10,NA,9,DeciduousTree,0
2356,BFY7,NA,9,DeciduousTree,0
2357,BFY8,NA,9,DeciduousTree,0
2358,BFY9,NA,9,DeciduousTree,0
2359,DCY14,NA,9,DeciduousTree,0
2360,DCY2,NA,9,DeciduousTree,0
2361,DCY3,NA,9,DeciduousTree,0.133519225
2362,DCY4,NA,9,DeciduousTree,0
2363,DCY9,NA,9,DeciduousTree,0
2364,DDM2,NA,9,DeciduousTree,0
2365,GRI1,NA,9,DeciduousTree,0.085442516
2366,GRM3,NA,9,DeciduousTree,0
2367,GRM4,NA,9,DeciduousTree,0
2368,GSI1,NA,9,DeciduousTree,0
2369,GSI2,NA,9,DeciduousTree,0
2370,GSM1,NA,9,DeciduousTree,0
2371,GSM3,NA,9,DeciduousTree,0.04360786
2372,GSM4,NA,9,DeciduousTree,0.353815938
2373,GSM5,NA,9,DeciduousTree,0
2374,LGI2,NA,9,DeciduousTree,1.504866254
2375,MDI4,NA,9,DeciduousTree,7.388598567
2376,MDI5,NA,9,DeciduousTree,0
2377,MDM1,NA,9,DeciduousTree,0
2378,UP4D,NA,9,DeciduousTree,0
2379,WCM2,NA,9,DeciduousTree,NA
2380,WCM3,NA,9,DeciduousTree,NA
2381,BCEFM2,NA,10,DeciduousTree,0.348882988
2382,BDM1,NA,10,DeciduousTree,0
2383,BFY10,NA,10,DeciduousTree,0.065763968
2384,BFY7,NA,10,DeciduousTree,0
2385,BFY8,NA,10,DeciduousTree,0
2386,BFY9,NA,10,DeciduousTree,0
2387,DCY14,NA,10,DeciduousTree,0
2388,DCY2,NA,10,DeciduousTree,0
2389,DCY3,NA,10,DeciduousTree,0.10307769
2390,DCY4,NA,10,DeciduousTree,0
2391,DCY9,NA,10,DeciduousTree,0
2392,DDM2,NA,10,DeciduousTree,0
2393,GRI1,NA,10,DeciduousTree,0.762037271
2394,GRM3,NA,10,DeciduousTree,0
2395,GRM4,NA,10,DeciduousTree,0
2396,GSI1,NA,10,DeciduousTree,0
2397,GSI2,NA,10,DeciduousTree,0
2398,GSM1,NA,10,DeciduousTree,0
2399,GSM3,NA,10,DeciduousTree,0.053989922
2400,GSM4,NA,10,DeciduousTree,0
2401,GSM5,NA,10,DeciduousTree,0
2402,LGI2,NA,10,DeciduousTree,1.173676728
2403,MDI4,NA,10,DeciduousTree,8.219744356
2404,MDI5,NA,10,DeciduousTree,0
2405,MDM1,NA,10,DeciduousTree,0
2406,UP4D,NA,10,DeciduousTree,0
2407,WCM2,NA,10,DeciduousTree,NA
2408,WCM3,NA,10,DeciduousTree,NA
2409,BCEFM2,NA,11,DeciduousTree,0.027475589
2410,BDM1,NA,11,DeciduousTree,0
2411,BFY10,NA,11,DeciduousTree,0
2412,BFY7,NA,11,DeciduousTree,0
2413,BFY8,NA,11,DeciduousTree,0
2414,BFY9,NA,11,DeciduousTree,0
2415,DCY14,NA,11,DeciduousTree,0
2416,DCY2,NA,11,DeciduousTree,0
2417,DCY3,NA,11,DeciduousTree,0
2418,DCY4,NA,11,DeciduousTree,0
2419,DCY9,NA,11,DeciduousTree,0
2420,DDM2,NA,11,DeciduousTree,0
2421,GRI1,NA,11,DeciduousTree,0.260921619
2422,GRM3,NA,11,DeciduousTree,0
2423,GRM4,NA,11,DeciduousTree,0
2424,GSI1,NA,11,DeciduousTree,0
2425,GSI2,NA,11,DeciduousTree,0
2426,GSM1,NA,11,DeciduousTree,0
2427,GSM3,NA,11,DeciduousTree,0.13937131
2428,GSM4,NA,11,DeciduousTree,0
2429,GSM5,NA,11,DeciduousTree,0
2430,LGI2,NA,11,DeciduousTree,0.678873705
2431,MDI4,NA,11,DeciduousTree,5.494185265
2432,MDI5,NA,11,DeciduousTree,0
2433,MDM1,NA,11,DeciduousTree,0
2434,UP4D,NA,11,DeciduousTree,0.267541425
2435,WCM2,NA,11,DeciduousTree,NA
2436,WCM3,NA,11,DeciduousTree,NA
2437,BCEFM2,NA,12,DeciduousTree,0.302715655
2438,BDM1,NA,12,DeciduousTree,0
2439,BFY10,NA,12,DeciduousTree,0.057009909
2440,BFY7,NA,12,DeciduousTree,0
2441,BFY8,NA,12,DeciduousTree,0
2442,BFY9,NA,12,DeciduousTree,0
2443,DCY14,NA,12,DeciduousTree,0
2444,DCY2,NA,12,DeciduousTree,0
2445,DCY3,NA,12,DeciduousTree,0
2446,DCY4,NA,12,DeciduousTree,0
2447,DCY9,NA,12,DeciduousTree,0.044866169
2448,DDM2,NA,12,DeciduousTree,0
2449,GRI1,NA,12,DeciduousTree,0.243232631
2450,GRM3,NA,12,DeciduousTree,0
2451,GRM4,NA,12,DeciduousTree,0.556208349
2452,GSI1,NA,12,DeciduousTree,0
2453,GSI2,NA,12,DeciduousTree,0
2454,GSM1,NA,12,DeciduousTree,0
2455,GSM3,NA,12,DeciduousTree,0.108792672
2456,GSM4,NA,12,DeciduousTree,0.10566367
2457,GSM5,NA,12,DeciduousTree,0
2458,LGI2,NA,12,DeciduousTree,1.398985541
2459,MDI4,NA,12,DeciduousTree,3.050319511
2460,MDI5,NA,12,DeciduousTree,0
2461,MDM1,NA,12,DeciduousTree,0
2462,UP4D,NA,12,DeciduousTree,0
2463,WCM2,NA,12,DeciduousTree,NA
2464,WCM3,NA,12,DeciduousTree,NA