"","Site","Transect","Plot","Fibric","Mesic","EvergreenLeaf","DeciduousLeaf","Graminoid","Forb","Seedling","TallDeciduousShrub","DeadDownedWood","SphagnumMoss","FeatherMoss","ColonizerMoss","Lichen","EvergreenTree","DeciduousTree"
"1","BCEFM2","A","1",0.68775,4.83333333,0.13175,0,0.051,0.006,NA,NA,NA,0.423,0,0,0,NA,NA
"2","BCEFM2","A","2",1.203125,8.06369048,0,0.01375,0.052,0,NA,NA,NA,0.808163265,0,0,0,NA,NA
"3","BCEFM2","A","3",5.67280093,2.92722222,0.05375,0,0.045,0.013,NA,NA,NA,0.408333333,0,0,0,NA,NA
"4","BCEFM2","B","1",0.248,7.89,0.1025425,0.0033125,0.011,0.00825,NA,NA,NA,0,0.658888889,0,0.021111111,NA,NA
"5","BCEFM2","B","2",1.84567901,5.57559524,0.08175,0,0.0535,0.01775,NA,NA,NA,0,0.4744,0,0,NA,NA
"6","BCEFM2","B","3",6.8025,7.23,0.31225,0,0,0.068,NA,NA,NA,0.294444444,0,0,0.034444444,NA,NA
"7","BDM1","A","1",29.26388889,7.19444444,0.255,0,0.0025,0,NA,NA,NA,0.0125,0,0,0,NA,NA
"8","BDM1","A","2",10.70740741,6.38888889,0.0740525,0,0.05675,0.00401,NA,NA,NA,0.562222222,0,0,0.0041,NA,NA
"9","BDM1","A","3",18.78555556,11.82222222,0.0256675,0,0,0.05075,NA,NA,NA,0.503333333,0,0,0,NA,NA
"10","BDM1","B","1",3.48861898,1.70964912,0.04675,0,0,0.0095,NA,NA,NA,0,0.185,0,0,NA,NA
"11","BDM1","B","2",0.2553719,6.44736842,0.09075,0,0.059,0.0155,NA,NA,NA,0,0.205785124,0,0.011983471,NA,NA
"12","BDM1","B","3",1.13157025,4.17060213,0.0365075,0.002925,0,0.00825,NA,NA,NA,0.144628099,0,0,0,NA,NA
"13","BFY10","A","1",1.32825,2.32566667,0.347,0,0.01225,0,NA,NA,NA,0,0,0.570222222,0,NA,NA
"14","BFY10","A","2",1.3665,5.11575,0.055,0,0.0855,0,NA,NA,NA,0,0,0.385333333,0,NA,NA
"15","BFY10","A","3",0.97825,4.395,0.9385,0,0.011,0,NA,NA,NA,0,0,0.031333333,0.025555556,NA,NA
"16","BFY10","B","1",1.9145,3.81775,0,0,0.00575,0,NA,NA,NA,0,0,0.627111111,0,NA,NA
"17","BFY10","B","2",0.71775,5.31681818,0.75,0,0.00525,0,NA,NA,NA,0,0,0.159555556,0.021777778,NA,NA
"18","BFY10","B","3",0.33,4.773,0.6255,0,0,0,NA,NA,NA,0,0,0.079111111,0.062666667,NA,NA
"19","BFY7","A","1",3.47454545,3.25714286,0.1636975,0.0577125,0,0.0195,NA,NA,NA,0,0.887037037,0,0,NA,NA
"20","BFY7","A","2",0.4952381,8.61142857,0.015475,0.52675,0,0.066,NA,NA,NA,0,0.24,0,0,NA,NA
"21","BFY7","A","3",1.55833333,7.035,0,1.063,0.069,0.04775,NA,NA,NA,0,0.266666667,0,0,NA,NA
"22","BFY7","B","1",7.69294118,3.4691358,0.145755,0.1882275,0.025,0.006,NA,NA,NA,0,0,0,0,NA,NA
"23","BFY7","B","2",1.12962963,2.7,0,0,0.00275,0.091,NA,NA,NA,0,0.688888889,0,0,NA,NA
"24","BFY7","B","3",1.53472222,2.325,0.34775,0.1844125,0.00325,0.09325,NA,NA,NA,0,0.708163265,0,0,NA,NA
"25","BFY8","A","1",0.33472222,2.83469388,0,0,0.1955,0.1065,NA,NA,NA,0,0,0.16625,0.02625,NA,NA
"26","BFY8","A","2",0.99833333,2.16833333,0,0.00325,0.16975,0.08225,NA,NA,NA,0,0,0.031868132,0.025274725,NA,NA
"27","BFY8","A","3",0.49142857,1.67592593,0,0,0.24925,0.00725,NA,NA,NA,0,0,0.289285714,0,NA,NA
"28","BFY8","B","1",0.55818182,3.31666667,0,0,0.05425,0.04465,NA,NA,NA,0,0.047348485,0,0,NA,NA
"29","BFY8","B","2",1.23625,5.10833333,0,0,0.15025,0.01025,NA,NA,NA,0,0,0.2175,0,NA,NA
"30","BFY8","B","3",1.59185185,4.68888889,0.30075,0,0.00375,0.017,NA,NA,NA,0,0,0.304444444,0,NA,NA
"31","BFY9","A","1",1.045,4.30277778,0,0.1675,0,0.00675,NA,NA,NA,0,0,0.439285714,0,NA,NA
"32","BFY9","A","2",0.32708334,2.94761905,0.01,0.000225,0.02625,0,NA,NA,NA,0,0,0.263888889,0,NA,NA
"33","BFY9","A","3",0.60714286,4.05,0,0.02075,0,0.0055,NA,NA,NA,0,0.526984127,0,0,NA,NA
"34","BFY9","B","1",0.46074074,3.00857143,0.018215,0.0251975,0.0255,0.0045,NA,NA,NA,0,0,0.314814815,0,NA,NA
"35","BFY9","B","2",0.66530612,2.39047619,0,0,0,0.0045,NA,NA,NA,0,0,0.6,0.040816327,NA,NA
"36","BFY9","B","3",1.66875,4.14375,0.35475,0,0,0.00975,NA,NA,NA,0,0,0.282692308,0,NA,NA
"37","DCY14","A","1",8.65079365,7.07333333,0.00848,0.01936,0.15875,0.0119675,NA,NA,NA,0,0,0,0,NA,NA
"38","DCY14","A","2",10.4702381,11.42314815,0.519,0.02025,0.0615,0.0015,NA,NA,NA,0,0,0,0,NA,NA
"39","DCY14","A","3",1.32380952,5.12244898,0.0445,0,0.0385,0.01579,NA,NA,NA,0,0,0.179761905,0,NA,NA
"40","DCY14","B","1",8.14583333,5.43923611,0.087265,0.007305,0.006,0.0097525,NA,NA,NA,0,0,0.2,0,NA,NA
"41","DCY14","B","2",1.7025,4.794,0.057653,0.095326667,0.0686,0.0097525,NA,NA,NA,0,0.40875,0,0,NA,NA
"42","DCY14","B","3",8.38320313,19.31111111,0.0441175,0,0.07825,0,NA,NA,NA,0,0,0,0,NA,NA
"43","DCY2","A","1",2.18111111,3.78730159,0.00244,0.09,0.046,0.01975,NA,NA,NA,0.01,0.282222222,0,0,NA,NA
"44","DCY2","A","2",5.57873016,1.91166667,0.0206075,0.18775,0,0.055,NA,NA,NA,0,0.36984127,0,0,NA,NA
"45","DCY2","A","3",8.150625,2.055,0.16525,0.2905,0.02425,0,NA,NA,NA,0,0.34875,0,0,NA,NA
"46","DCY2","B","1",2.13111111,0,0,0,0,0.0405,NA,NA,NA,0,0.45,0,0,NA,NA
"47","DCY2","B","2",1.84,1.23425926,0,0,0,0.044875,NA,NA,NA,0,0.416666667,0,0,NA,NA
"48","DCY2","B","3",1.965,2.742,0,0,0.0069725,0.06425,NA,NA,NA,0,0.306444444,0,0,NA,NA
"49","DCY3","A","1",1.005,12.89333333,0,0,0,0.01025,NA,NA,NA,0,0,0,0.415,NA,NA
"50","DCY3","A","2",1.55446429,1.89571429,0,0,0,0.0145,NA,NA,NA,0,0,0.038058036,0,NA,NA
"51","DCY3","A","3",4.2007451,14.14222222,0,0,0.02275,0.0381875,NA,NA,NA,0,0,0,0,NA,NA
"52","DCY3","B","1",0.18148148,0,0.05925,0,0.00175,0.02,NA,NA,NA,0,0,0.162345679,0.036407407,NA,NA
"53","DCY3","B","2",0.63977273,0,0,0,0.00275,0.108,NA,NA,NA,0,0,0.076704545,0,NA,NA
"54","DCY3","B","3",0,0,0,0,0,0,NA,NA,NA,0,0,0,0,NA,NA
"55","DCY4","A","1",2.234375,3.5531746,0.12075,0.50325,0.07825,0,NA,NA,NA,0.4375,0,0,0,NA,NA
"56","DCY4","A","2",0.534375,5.8,0.0595,0,0.05475,0,NA,NA,NA,0,0,0.055,0.0524625,NA,NA
"57","DCY4","A","3",1.3,4.56836735,0,0,0,0.00655,NA,NA,NA,0,0,0,0.4,NA,NA
"58","DCY4","B","1",0.67407407,5.69074074,0.11225,0,0.06475,0.005,NA,NA,NA,0,0.09382716,0,0,NA,NA
"59","DCY4","B","2",2.10694445,4.47384259,0.01983,0.2865,0.01925,0.003,NA,NA,NA,0,0,0,0.036111111,NA,NA
"60","DCY4","B","3",1.02814815,2.90534979,0.01404,0.419765,0.0925,0.09525,NA,NA,NA,0,0.344545455,0,0,NA,NA
"61","DCY9","A","1",0.78285714,0,0.31325,0,0,0.037,NA,NA,NA,0,0,0.151428571,0,NA,NA
"62","DCY9","A","2",0,10.24666667,0.09,0,0,0.0825,NA,NA,NA,0,0,0.383333333,0,NA,NA
"63","DCY9","A","3",0.542125,13.74236111,0.1585,0,0,0.026,NA,NA,NA,0,0,0.24375,0,NA,NA
"64","DCY9","B","1",1.91805556,0,0.113,0,0.137125,0.0575,NA,NA,NA,0,0,0,0,NA,NA
"65","DCY9","B","2",0.74444445,1.54074074,0.028045,0,0.137125,0.0495,NA,NA,NA,0,0,0.030864198,0,NA,NA
"66","DCY9","B","3",0,0,0.4435,0,0,0.10825,NA,NA,NA,0,0,0,0,NA,NA
"67","DDM2","A","1",1.25175,1.7,0.1885,0,0,0,NA,NA,NA,0,0,0,1.426666667,NA,NA
"68","DDM2","A","2",0.92325,0.148,0.096321699,0,0.00675,0,NA,NA,NA,0,0,0,0.268888889,NA,NA
"69","DDM2","A","3",0,4.6515625,0.09137977,0,0,0,NA,NA,NA,0,0,0,3.068444444,NA,NA
"70","DDM2","B","3",0.7095,4.27625,0.132,0,0,0,NA,NA,NA,0,0,0,1.042666667,NA,NA
"71","DDM2","B","2",1.11325,1.52875,0.09795825,0,0,0,NA,NA,NA,0,0,0,0.481333333,NA,NA
"72","DDM2","B","1",0,1.28175,0.190340106,0,0,0.0145,NA,NA,NA,0,1.192777778,0,0.072222222,NA,NA
"73","GRI1","A","1",1.50816326,12.21428571,0.4863525,0.1022475,0,0,NA,NA,NA,0.279166667,0.277777778,0,0,NA,NA
"74","GRI1","A","2",3.99857143,5.08928571,0.296,0,0,0,NA,NA,NA,0.401041667,0.401041667,0,0,NA,NA
"75","GRI1","A","3",5,9.14761905,0.28225,0,0,0,NA,NA,NA,0.188888889,0.074074074,0,0,NA,NA
"76","GRI1","B","1",0.79285714,4.67428571,0.2615475,0.0325775,0.00125,0,NA,NA,NA,0.290714286,0.290714286,0,0,NA,NA
"77","GRI1","B","2",1.01354167,8.11458333,0.64525,0,0.0055,0,NA,NA,NA,0.160714286,0.160714286,0,0.714285714,NA,NA
"78","GRI1","B","3",2.25277778,8,0.04325,0,0,0,NA,NA,NA,0.22109375,0.22109375,0,0,NA,NA
"79","GRM3","A","1",2.23125,18.71111111,0.225,0,0.034,0.01725,NA,NA,NA,0,0.842857143,0,0.13968254,NA,NA
"80","GRM3","A","2",1.83061224,21.84464286,0.057975,0.138845,0,0.01525,NA,NA,NA,0.3,0,0,0,NA,NA
"81","GRM3","A","3",0.90238095,12.775,0.0635,0,0,0,NA,NA,NA,0,0.208333333,0,0.206944444,NA,NA
"82","GRM3","B","1",3.61785714,22.6375,0.034135,0.0715725,0.00125,0.047,NA,NA,NA,0,0.801785714,0,0.233928571,NA,NA
"83","GRM3","B","2",2.075,26.37306122,0.13926,0.1188275,0,0.03025,NA,NA,NA,0.636111111,0,0,0,NA,NA
"84","GRM3","B","3",1.71428571,6.62142857,0.03629,0.07471,0.002,0.01025,NA,NA,NA,0.458571429,0,0,0,NA,NA
"85","GRM4","A","1",1.71851852,9.49768519,0.0591375,0.00374,0,0.01075,NA,NA,NA,0,0.25,0,0.048611111,NA,NA
"86","GRM4","A","2",1.35757576,8.275,0.0795,0,0.0045,0.0075,NA,NA,NA,0,0.33030303,0,0,NA,NA
"87","GRM4","A","3",3.6375,9.76428571,0.0109125,0.0269225,0,0.03025,NA,NA,NA,0,0.530555556,0,0,NA,NA
"88","GRM4","B","1",0.98205128,14.25714286,0.0314975,0.0136375,0.05475,0.01075,NA,NA,NA,0,0.345054945,0,0.049450549,NA,NA
"89","GRM4","B","2",1.20555556,15.4375,0.273,0,0.007,0.006,NA,NA,NA,0,0.222,0,0,NA,NA
"90","GRM4","B","3",1.525,13.80601852,0.27075,0.01947,0,0.00675,NA,NA,NA,0,0.49875,0,0.05125,NA,NA
"91","GSI1","A","1",1.899,5.32518519,0,0.0215,0.00475,0.00975,NA,NA,NA,0,1.096581197,0,0,NA,NA
"92","GSI1","A","2",1.08311688,6.74242424,0,0.05825,0.09325,0.0105,NA,NA,NA,0,0.705714286,0,0,NA,NA
"93","GSI1","A","3",2.11666667,4.37222222,0.16575,0,0,0.0205,NA,NA,NA,0,0.5506,0,0,NA,NA
"94","GSI1","B","1",0,3.95681818,0,0,0.09675,0.01775,NA,NA,NA,0,0.596969697,0,0,NA,NA
"95","GSI1","B","2",2.85506494,10.22142857,0,0.0085,0,0.0235,NA,NA,NA,0,0.388311688,0,0,NA,NA
"96","GSI1","B","3",0.60826446,3.765,0,0,0.024,0.00275,NA,NA,NA,0,0.233884298,0,0,NA,NA
"97","GSI2","A","1",4.16583333,15.981625,0.2365,0,0.443,0.05275,NA,NA,NA,0,0.758666667,0,0.02,NA,NA
"98","GSI2","A","2",2.92441667,1.13675,0.2195,0,0,0,NA,NA,NA,1.011111111,0,0,0,NA,NA
"99","GSI2","A","3",0.934,3.3980625,0.3921225,0.076995,0.01875,0,NA,NA,NA,0.369111111,0,0,0,NA,NA
"100","GSI2","B","1",0.8032,1.53775,0.2955,0.5027,0.06675,0.02275,NA,NA,NA,0,0.492888889,0,0.126222222,NA,NA
"101","GSI2","B","2",3.8175,1.149,0.222,0,0.0085,0.007,NA,NA,NA,0,1.019111111,0,0.012444444,NA,NA
"102","GSI2","B","3",1.24865,2.628,0.0566575,0.08446,0.089,0.0275,NA,NA,NA,0.978222222,0,0,0,NA,NA
"103","GSM1","A","1",1.9125,8.71,0.21175,0,0.002,0.0085,NA,NA,NA,0,0.592,0,0,NA,NA
"104","GSM1","A","2",4.28285714,7.6,0.198817,0,0.00875,0.01825,NA,NA,NA,0,0.494642857,0,0,NA,NA
"105","GSM1","A","3",0.46296296,4.74,0.13675,0,0.05725,0,NA,NA,NA,0,0.252857143,0,0,NA,NA
"106","GSM1","B","1",1.16958333,5.55555556,0.15125,0,0.064,0.00625,NA,NA,NA,0,0.36984127,0,0,NA,NA
"107","GSM1","B","2",1.27767857,1.48238095,0.123085,0.09586,0.0035,0.0115,NA,NA,NA,0,0.36625,0,0,NA,NA
"108","GSM1","B","3",0.60333333,5.12142857,0.25675,0,0,0.02475,NA,NA,NA,0.091,0.261,0,0.088,NA,NA
"109","GSM3","A","1",1.083,2.45025,0.41025,0,0.0395,0,NA,NA,NA,0.454666667,0,0,0.074222222,NA,NA
"110","GSM3","A","2",1.45075,1.66725,0.55525,0,0.0245,0,NA,NA,NA,0.679022222,0,0,0,NA,NA
"111","GSM3","A","3",1.1065,2.62725,0.257,0,0.0135,0.0010925,NA,NA,NA,0.924888889,0,0,0,NA,NA
"112","GSM3","B","1",1.166,1.47325,0.24375,0,0.0039775,0.001205,NA,NA,NA,1.107111111,0,0,0,NA,NA
"113","GSM3","B","2",0.608015,1.652,0.15375,0,0,0.0004125,NA,NA,NA,0.381777778,0,0,0,NA,NA
"114","GSM3","B","3",0.48825,3.0533,0.0973,0,0.0255,0.000903333,NA,NA,NA,0.526666667,0,0,0,NA,NA
"115","GSM4","A","1",0.49047619,10.35583333,0.117,0,0,0,NA,NA,NA,0,0.1575,0,0.0175,NA,NA
"116","GSM4","A","2",0.64691358,3.35833333,0.0847575,0.1048275,0,0.00029,NA,NA,NA,0,0.2175,0,0.06,NA,NA
"117","GSM4","A","3",0.53055556,3.3877551,0.4545,0,0,0.068,NA,NA,NA,0,0.277777778,0,0,NA,NA
"118","GSM4","B","1",0.4390625,3.01851852,0.264275,0,0,0,NA,NA,NA,0,0.3921875,0,0,NA,NA
"119","GSM4","B","2",8.98571429,3.70971429,0.548,0,0,0,NA,NA,NA,0,0.2921875,0,0,NA,NA
"120","GSM4","B","3",1.98333333,6.633,0.086455,0.0907675,0,0.00175,NA,NA,NA,0,0.3425,0,0,NA,NA
"121","GSM5","A","1",7.687875,0,0.2355,0,0,0.0015,NA,NA,NA,0.882666667,0,0,0,NA,NA
"122","GSM5","A","2",1.40635,13.09125,0.275,0,0.00675,0,NA,NA,NA,1.010666667,0,0,0,NA,NA
"123","GSM5","A","3",7.0856,8.23288,0.15975,0,0.0145,0.01275,NA,NA,NA,0.433777778,0,0,0,NA,NA
"124","GSM5","B","1",8.55072,0,0.19525,0,0,0.0145,NA,NA,NA,0.753777778,0,0,0,NA,NA
"125","GSM5","B","2",6.71217,8.23288,0.19925,0,0.1145,0,NA,NA,NA,0.611777778,0.611777778,0,0,NA,NA
"126","GSM5","B","3",3.487,3.3745,0.10175,0,0,0.00825,NA,NA,NA,0.483555556,0.483555556,0,0.598222222,NA,NA
"127","LGI2","A","1",0.56848485,6.04375,0.0445,0,0,0.00225,NA,NA,NA,0,0.310416667,0,0,NA,NA
"128","LGI2","A","2",0.74166666,5.55238095,0.16875,0,0,0.005375,NA,NA,NA,0,0.244444444,0,0,NA,NA
"129","LGI2","A","3",0.30753968,2.10666667,0.196,0,0,0,NA,NA,NA,0,0.585,0,0.086807143,NA,NA
"130","LGI2","B","1",2.15277778,2.99962963,0,0,0,0.0035,NA,NA,NA,0,0,0,0,NA,NA
"131","LGI2","B","2",1.20666667,1.71733333,0.02475,0,0,0.00537,NA,NA,NA,0,0,0,0,NA,NA
"132","LGI2","B","3",1.29409091,0,0.18875,0,0,0.00412375,NA,NA,NA,0,0.153636364,0,0.525454545,NA,NA
"133","MDI4","A","1",0.83666667,1.4,0,0,0,0.001,NA,NA,NA,0,0.04,0,0,NA,NA
"134","MDI4","A","2",2.28125,3.98945313,0,0,0,0,NA,NA,NA,0,0.121875,0,0,NA,NA
"135","MDI4","A","3",0.7375,4.27592593,0,0,0,0,NA,NA,NA,0,0.119444444,0,0,NA,NA
"136","MDI4","B","1",1.287,11.33275,0,0,0,0,NA,NA,NA,0,0.237,0,0,NA,NA
"137","MDI4","B","2",1.08214286,3.19419643,0,0,0,0.00125,NA,NA,NA,0,0.121428571,0,0,NA,NA
"138","MDI4","B","3",1.76190476,9.75111111,0,0,0,0,NA,NA,NA,0,0.20625,0,0,NA,NA
"139","MDI5","A","1",0.36875,5.88761905,0.16419,0.073425,0,0.02575,NA,NA,NA,0,0.195714286,0,0,NA,NA
"140","MDI5","A","2",0.39722222,6.37806122,0.115,0,0.002,0.01175,NA,NA,NA,0.227777778,0,0,0,NA,NA
"141","MDI5","A","3",0.685,7.4,0.00774,0,0.0095,0.08575,NA,NA,NA,0,0.201111111,0,0,NA,NA
"142","MDI5","B","1",0.96428571,3.61479592,0.10825,0,0.011605,0.037,NA,NA,NA,0,0.198214286,0,0.022339286,NA,NA
"143","MDI5","B","2",1.20714286,4.27248677,0.40175,0,0,0.01975,NA,NA,NA,0.169444444,0,0,0,NA,NA
"144","MDI5","B","3",1.83458333,7.93121693,0.39025,0,0,0.014,NA,NA,NA,0.387755102,0,0,0,NA,NA
"145","MDM1","A","1",1.04791667,2.89583333,0.10525,0,0,0.0025,NA,NA,NA,0,0.379166667,0,0,NA,NA
"146","MDM1","A","2",0.90816327,8.27678571,0.0216225,0,0.0043375,0.00459,NA,NA,NA,0,0.460714286,0,0.093178571,NA,NA
"147","MDM1","A","3",1.00591071,7.17213832,0.182735,0.002975,0.0043725,0,NA,NA,NA,0,0.1,0,0.548214286,NA,NA
"148","MDM1","B","1",0.53333333,13.44,0.004545,0,0.023465,0,NA,NA,NA,0,0.416666667,0,0,NA,NA
"149","MDM1","B","2",1.64285714,4.88888889,0.06825,0,0,0,NA,NA,NA,0,0.07890625,0,0.240625,NA,NA
"150","MDM1","B","3",0.77678571,6.35918367,0.01225,0,0.03375,0.018025,NA,NA,NA,0,0.440625,0,0,NA,NA
"151","UP4D","A","1",0.63434343,3.7462963,0.1283475,0.0581075,0,0,NA,NA,NA,0,0.114141414,0,0.326262626,NA,NA
"152","UP4D","A","2",0.88359789,5.1,0.0336825,0.86662,0.10825,0,NA,NA,NA,0,0.330555556,0,0.126388889,NA,NA
"153","UP4D","A","3",0.40833333,4.38472222,0.266015,0.09459,0,0.00575,NA,NA,NA,0,0.212037037,0,0,NA,NA
"154","UP4D","B","1",0.41111111,3.58020833,0,0.04275,0,0.01025,NA,NA,NA,0,0.427777778,0,0,NA,NA
"155","UP4D","B","2",0.39027778,6.63673469,0.04625,0,0,0.0025,NA,NA,NA,0,0.244444444,0,0.111111111,NA,NA
"156","UP4D","B","3",0.47222222,4.66190476,0,0.1635,0,0,NA,NA,NA,0,0.267777778,0,0.036666667,NA,NA
"157","WCM2","A","1",0.4640625,3.96964286,0.6265,0,0.00525,0.0125,NA,NA,NA,0,0.115625,0,0.3453125,NA,NA
"158","WCM2","A","2",0.43928571,10.13333333,0.2055,0,0,0.00175,NA,NA,NA,0,0.359375,0,0.1890625,NA,NA
"159","WCM2","A","3",1.0952381,3.86964286,0.17225,0,0.00375,0.012125,NA,NA,NA,0,0.188888889,0,0,NA,NA
"160","WCM2","B","1",0.534375,3.54214286,0.114,0,0,0.016,NA,NA,NA,0,0.231944444,0,0.026388889,NA,NA
"161","WCM2","B","2",1.29642857,5.03571429,0.051,0,0.01525,0,NA,NA,NA,0,0,0,0.341964286,NA,NA
"162","WCM2","B","3",0.90873016,10.23611111,0.33475,0,0.05625,0.01825,NA,NA,NA,0,0.108641975,0,0.227160494,NA,NA
"163","WCM3","A","1",4.26840278,8.12,0.1392375,0.1193625,0.01475,0.0315,NA,NA,NA,0.315873016,0,0,0,NA,NA
"164","WCM3","A","2",5.6168,3.94821429,0.0428575,0.033005,0,0.0345,NA,NA,NA,0.414285714,0,0,0,NA,NA
"165","WCM3","A","3",4.69523809,5.38095238,0.0407475,0.00597,0.045,0.0285,NA,NA,NA,0.225,0,0,0,NA,NA
"166","WCM3","B","1",9.35,10.04285714,0.15825,0,0,0.03,NA,NA,NA,0.63,0,0,0,NA,NA
"167","WCM3","B","2",12.50656463,8.8,0.21375,0,0.0535,0.01125,NA,NA,NA,0.4375,0,0,0,NA,NA
"168","WCM3","B","3",1.96944444,7.65185185,0.2375,0,0,0.02715,NA,NA,NA,0,0.008252381,0,0.322380952,NA,NA
"169","BCEFM2","NA","NA",NA,NA,NA,NA,NA,NA,0.321786289,0,NA,NA,NA,NA,NA,NA,NA
"170","BDM1","NA","NA",NA,NA,NA,NA,NA,NA,0.185230578,0.000128506,NA,NA,NA,NA,NA,NA,NA
"171","BFY10","NA","NA",NA,NA,NA,NA,NA,NA,0.014696788,0.004535951,NA,NA,NA,NA,NA,NA,NA
"172","BFY7","NA","NA",NA,NA,NA,NA,NA,NA,0.059132428,0.002364569,NA,NA,NA,NA,NA,NA,NA
"173","BFY8","NA","NA",NA,NA,NA,NA,NA,NA,0.000990363,0.056301743,NA,NA,NA,NA,NA,NA,NA
"174","BFY9","NA","NA",NA,NA,NA,NA,NA,NA,0.004955509,0.159787393,NA,NA,NA,NA,NA,NA,NA
"175","DCY14","NA","NA",NA,NA,NA,NA,NA,NA,0.020616273,0.012733069,NA,NA,NA,NA,NA,NA,NA
"176","DCY2","NA","NA",NA,NA,NA,NA,NA,NA,0.023588755,0.311527347,NA,NA,NA,NA,NA,NA,NA
"177","DCY3","NA","NA",NA,NA,NA,NA,NA,NA,0.265091598,0.030038619,NA,NA,NA,NA,NA,NA,NA
"178","DCY4","NA","NA",NA,NA,NA,NA,NA,NA,0.028327929,0.019452215,NA,NA,NA,NA,NA,NA,NA
"179","DCY9","NA","NA",NA,NA,NA,NA,NA,NA,0.189713965,0.071160815,NA,NA,NA,NA,NA,NA,NA
"180","DDM2","NA","NA",NA,NA,NA,NA,NA,NA,0.116329192,1.63e-05,NA,NA,NA,NA,NA,NA,NA
"181","GRI1","NA","NA",NA,NA,NA,NA,NA,NA,0.107512561,0.03150636,NA,NA,NA,NA,NA,NA,NA
"182","GRM3","NA","NA",NA,NA,NA,NA,NA,NA,0.275345749,0.000802237,NA,NA,NA,NA,NA,NA,NA
"183","GRM4","NA","NA",NA,NA,NA,NA,NA,NA,0.40907905,0.001018406,NA,NA,NA,NA,NA,NA,NA
"184","GSI1","NA","NA",NA,NA,NA,NA,NA,NA,0.376859445,0.251183437,NA,NA,NA,NA,NA,NA,NA
"185","GSI2","NA","NA",NA,NA,NA,NA,NA,NA,0.148010431,0.012133922,NA,NA,NA,NA,NA,NA,NA
"186","GSM1","NA","NA",NA,NA,NA,NA,NA,NA,0.193911283,0,NA,NA,NA,NA,NA,NA,NA
"187","GSM3","NA","NA",NA,NA,NA,NA,NA,NA,0.267913309,0.000253564,NA,NA,NA,NA,NA,NA,NA
"188","GSM4","NA","NA",NA,NA,NA,NA,NA,NA,0.110084709,0.006416614,NA,NA,NA,NA,NA,NA,NA
"189","GSM5","NA","NA",NA,NA,NA,NA,NA,NA,0.340272027,0.001684647,NA,NA,NA,NA,NA,NA,NA
"190","LGI2","NA","NA",NA,NA,NA,NA,NA,NA,0.036707282,0.062525787,NA,NA,NA,NA,NA,NA,NA
"191","MDI4","NA","NA",NA,NA,NA,NA,NA,NA,0.592205902,0.098444065,NA,NA,NA,NA,NA,NA,NA
"192","MDI5","NA","NA",NA,NA,NA,NA,NA,NA,0.352355441,0.081342859,NA,NA,NA,NA,NA,NA,NA
"193","MDM1","NA","NA",NA,NA,NA,NA,NA,NA,0.920957812,0,NA,NA,NA,NA,NA,NA,NA
"194","UP4D","NA","NA",NA,NA,NA,NA,NA,NA,0.172205057,0.712520342,NA,NA,NA,NA,NA,NA,NA
"195","WCM2","NA","NA",NA,NA,NA,NA,NA,NA,0.187266784,0.000358631,NA,NA,NA,NA,NA,NA,NA
"196","WCM3","NA","NA",NA,NA,NA,NA,NA,NA,0.282434138,0.00011411,NA,NA,NA,NA,NA,NA,NA
"197","BCEFM2","A","NA",NA,NA,NA,NA,NA,NA,NA,NA,0.006636,NA,NA,NA,NA,NA,NA
"198","BDM1","A","NA",NA,NA,NA,NA,NA,NA,NA,NA,0.015569333,NA,NA,NA,NA,NA,NA
"199","BFY10","A","NA",NA,NA,NA,NA,NA,NA,NA,NA,0.315765363,NA,NA,NA,NA,NA,NA
"200","BFY7","A","NA",NA,NA,NA,NA,NA,NA,NA,NA,0.259656467,NA,NA,NA,NA,NA,NA
"201","BFY8","A","NA",NA,NA,NA,NA,NA,NA,NA,NA,0.151953333,NA,NA,NA,NA,NA,NA
"202","BFY9","A","NA",NA,NA,NA,NA,NA,NA,NA,NA,0.417695917,NA,NA,NA,NA,NA,NA
"203","DCY14","A","NA",NA,NA,NA,NA,NA,NA,NA,NA,0.041632,NA,NA,NA,NA,NA,NA
"204","DCY2","A","NA",NA,NA,NA,NA,NA,NA,NA,NA,0.699115846,NA,NA,NA,NA,NA,NA
"205","DCY3","A","NA",NA,NA,NA,NA,NA,NA,NA,NA,1.310576679,NA,NA,NA,NA,NA,NA
"206","DCY4","A","NA",NA,NA,NA,NA,NA,NA,NA,NA,0.295610667,NA,NA,NA,NA,NA,NA
"207","DCY9","A","NA",NA,NA,NA,NA,NA,NA,NA,NA,0.970964979,NA,NA,NA,NA,NA,NA
"208","DDM2","A","NA",NA,NA,NA,NA,NA,NA,NA,NA,0.042936,NA,NA,NA,NA,NA,NA
"209","GRI1","A","NA",NA,NA,NA,NA,NA,NA,NA,NA,0.137353333,NA,NA,NA,NA,NA,NA
"210","GRM3","A","NA",NA,NA,NA,NA,NA,NA,NA,NA,0.266021333,NA,NA,NA,NA,NA,NA
"211","GRM4","A","NA",NA,NA,NA,NA,NA,NA,NA,NA,0.172432,NA,NA,NA,NA,NA,NA
"212","GSI1","A","NA",NA,NA,NA,NA,NA,NA,NA,NA,0.324465333,NA,NA,NA,NA,NA,NA
"213","GSI2","A","NA",NA,NA,NA,NA,NA,NA,NA,NA,0.163410667,NA,NA,NA,NA,NA,NA
"214","GSM1","A","NA",NA,NA,NA,NA,NA,NA,NA,NA,0.045978667,NA,NA,NA,NA,NA,NA
"215","GSM3","A","NA",NA,NA,NA,NA,NA,NA,NA,NA,0.2362,NA,NA,NA,NA,NA,NA
"216","GSM4","A","NA",NA,NA,NA,NA,NA,NA,NA,NA,0.002949333,NA,NA,NA,NA,NA,NA
"217","GSM5","A","NA",NA,NA,NA,NA,NA,NA,NA,NA,0.080237333,NA,NA,NA,NA,NA,NA
"218","LGI2","A","NA",NA,NA,NA,NA,NA,NA,NA,NA,0.189346113,NA,NA,NA,NA,NA,NA
"219","MDI4","A","NA",NA,NA,NA,NA,NA,NA,NA,NA,0.000737333,NA,NA,NA,NA,NA,NA
"220","MDI5","A","NA",NA,NA,NA,NA,NA,NA,NA,NA,0.040157333,NA,NA,NA,NA,NA,NA
"221","MDM1","A","NA",NA,NA,NA,NA,NA,NA,NA,NA,0.05204,NA,NA,NA,NA,NA,NA
"222","UP4D","A","NA",NA,NA,NA,NA,NA,NA,NA,NA,0.076305,NA,NA,NA,NA,NA,NA
"223","WCM2","A","NA",NA,NA,NA,NA,NA,NA,NA,NA,0.15743205,NA,NA,NA,NA,NA,NA
"224","WCM3","A","NA",NA,NA,NA,NA,NA,NA,NA,NA,0.125316,NA,NA,NA,NA,NA,NA
"225","BCEFM2","B","NA",NA,NA,NA,NA,NA,NA,NA,NA,0.044581333,NA,NA,NA,NA,NA,NA
"226","BDM1","B","NA",NA,NA,NA,NA,NA,NA,NA,NA,0.002949333,NA,NA,NA,NA,NA,NA
"227","BFY10","B","NA",NA,NA,NA,NA,NA,NA,NA,NA,0.858281379,NA,NA,NA,NA,NA,NA
"228","BFY7","B","NA",NA,NA,NA,NA,NA,NA,NA,NA,0.175224,NA,NA,NA,NA,NA,NA
"229","BFY8","B","NA",NA,NA,NA,NA,NA,NA,NA,NA,0.1559138,NA,NA,NA,NA,NA,NA
"230","BFY9","B","NA",NA,NA,NA,NA,NA,NA,NA,NA,0.245113342,NA,NA,NA,NA,NA,NA
"231","DCY14","B","NA",NA,NA,NA,NA,NA,NA,NA,NA,0.017866667,NA,NA,NA,NA,NA,NA
"232","DCY2","B","NA",NA,NA,NA,NA,NA,NA,NA,NA,0.663071233,NA,NA,NA,NA,NA,NA
"233","DCY3","B","NA",NA,NA,NA,NA,NA,NA,NA,NA,1.563178213,NA,NA,NA,NA,NA,NA
"234","DCY4","B","NA",NA,NA,NA,NA,NA,NA,NA,NA,0.236854667,NA,NA,NA,NA,NA,NA
"235","DCY9","B","NA",NA,NA,NA,NA,NA,NA,NA,NA,1.09274405,NA,NA,NA,NA,NA,NA
"236","DDM2","B","NA",NA,NA,NA,NA,NA,NA,NA,NA,0.137559846,NA,NA,NA,NA,NA,NA
"237","GRI1","B","NA",NA,NA,NA,NA,NA,NA,NA,NA,0.097444,NA,NA,NA,NA,NA,NA
"238","GRM3","B","NA",NA,NA,NA,NA,NA,NA,NA,NA,0.021901513,NA,NA,NA,NA,NA,NA
"239","GRM4","B","NA",NA,NA,NA,NA,NA,NA,NA,NA,0.145637333,NA,NA,NA,NA,NA,NA
"240","GSI1","B","NA",NA,NA,NA,NA,NA,NA,NA,NA,0.279019892,NA,NA,NA,NA,NA,NA
"241","GSI2","B","NA",NA,NA,NA,NA,NA,NA,NA,NA,0.136616,NA,NA,NA,NA,NA,NA
"242","GSM1","B","NA",NA,NA,NA,NA,NA,NA,NA,NA,0.002212,NA,NA,NA,NA,NA,NA
"243","GSM3","B","NA",NA,NA,NA,NA,NA,NA,NA,NA,0.201366667,NA,NA,NA,NA,NA,NA
"244","GSM4","B","NA",NA,NA,NA,NA,NA,NA,NA,NA,0.103951133,NA,NA,NA,NA,NA,NA
"245","GSM5","B","NA",NA,NA,NA,NA,NA,NA,NA,NA,0.019341333,NA,NA,NA,NA,NA,NA
"246","LGI2","B","NA",NA,NA,NA,NA,NA,NA,NA,NA,0.3555,NA,NA,NA,NA,NA,NA
"247","MDI4","B","NA",NA,NA,NA,NA,NA,NA,NA,NA,0.000737333,NA,NA,NA,NA,NA,NA
"248","MDI5","B","NA",NA,NA,NA,NA,NA,NA,NA,NA,0.385941333,NA,NA,NA,NA,NA,NA
"249","MDM1","B","NA",NA,NA,NA,NA,NA,NA,NA,NA,0.095806667,NA,NA,NA,NA,NA,NA
"250","UP4D","B","NA",NA,NA,NA,NA,NA,NA,NA,NA,0.011882667,NA,NA,NA,NA,NA,NA
"251","WCM2","B","NA",NA,NA,NA,NA,NA,NA,NA,NA,0.088270667,NA,NA,NA,NA,NA,NA
"252","WCM3","B","NA",NA,NA,NA,NA,NA,NA,NA,NA,0.047453333,NA,NA,NA,NA,NA,NA
"253","BCEFM2","NA","1",NA,NA,NA,NA,NA,NA,NA,NA,NA,NA,NA,NA,NA,1.078281597,0.071212387
"254","BDM1","NA","1",NA,NA,NA,NA,NA,NA,NA,NA,NA,NA,NA,NA,NA,2.851620556,0
"255","BFY10","NA","1",NA,NA,NA,NA,NA,NA,NA,NA,NA,NA,NA,NA,NA,0,0
"256","BFY7","NA","1",NA,NA,NA,NA,NA,NA,NA,NA,NA,NA,NA,NA,NA,0.033398986,0
"257","BFY8","NA","1",NA,NA,NA,NA,NA,NA,NA,NA,NA,NA,NA,NA,NA,0,0
"258","BFY9","NA","1",NA,NA,NA,NA,NA,NA,NA,NA,NA,NA,NA,NA,NA,0.03964064,0
"259","DCY14","NA","1",NA,NA,NA,NA,NA,NA,NA,NA,NA,NA,NA,NA,NA,0,0
"260","DCY2","NA","1",NA,NA,NA,NA,NA,NA,NA,NA,NA,NA,NA,NA,NA,0,0
"261","DCY3","NA","1",NA,NA,NA,NA,NA,NA,NA,NA,NA,NA,NA,NA,NA,0,1.533564624
"262","DCY4","NA","1",NA,NA,NA,NA,NA,NA,NA,NA,NA,NA,NA,NA,NA,0,0
"263","DCY9","NA","1",NA,NA,NA,NA,NA,NA,NA,NA,NA,NA,NA,NA,NA,0,0
"264","DDM2","NA","1",NA,NA,NA,NA,NA,NA,NA,NA,NA,NA,NA,NA,NA,3.078722376,0.007172068
"265","GRI1","NA","1",NA,NA,NA,NA,NA,NA,NA,NA,NA,NA,NA,NA,NA,0.586043134,0.368357805
"266","GRM3","NA","1",NA,NA,NA,NA,NA,NA,NA,NA,NA,NA,NA,NA,NA,1.612761759,0
"267","GRM4","NA","1",NA,NA,NA,NA,NA,NA,NA,NA,NA,NA,NA,NA,NA,2.015424455,0
"268","GSI1","NA","1",NA,NA,NA,NA,NA,NA,NA,NA,NA,NA,NA,NA,NA,4.728035308,0
"269","GSI2","NA","1",NA,NA,NA,NA,NA,NA,NA,NA,NA,NA,NA,NA,NA,0.350377745,0
"270","GSM1","NA","1",NA,NA,NA,NA,NA,NA,NA,NA,NA,NA,NA,NA,NA,1.434123191,0
"271","GSM3","NA","1",NA,NA,NA,NA,NA,NA,NA,NA,NA,NA,NA,NA,NA,0.811880084,0.315175553
"272","GSM4","NA","1",NA,NA,NA,NA,NA,NA,NA,NA,NA,NA,NA,NA,NA,1.018290438,0
"273","GSM5","NA","1",NA,NA,NA,NA,NA,NA,NA,NA,NA,NA,NA,NA,NA,1.105340734,0
"274","LGI2","NA","1",NA,NA,NA,NA,NA,NA,NA,NA,NA,NA,NA,NA,NA,1.879923134,1.466956111
"275","MDI4","NA","1",NA,NA,NA,NA,NA,NA,NA,NA,NA,NA,NA,NA,NA,4.786254521,9.964303615
"276","MDI5","NA","1",NA,NA,NA,NA,NA,NA,NA,NA,NA,NA,NA,NA,NA,18.35280608,0
"277","MDM1","NA","1",NA,NA,NA,NA,NA,NA,NA,NA,NA,NA,NA,NA,NA,3.047929118,0
"278","UP4D","NA","1",NA,NA,NA,NA,NA,NA,NA,NA,NA,NA,NA,NA,NA,3.818613195,0
"279","WCM2","NA","1",NA,NA,NA,NA,NA,NA,NA,NA,NA,NA,NA,NA,NA,NA,NA
"280","WCM3","NA","1",NA,NA,NA,NA,NA,NA,NA,NA,NA,NA,NA,NA,NA,NA,NA
"281","BCEFM2","NA","2",NA,NA,NA,NA,NA,NA,NA,NA,NA,NA,NA,NA,NA,0.882306203,0.049305394
"282","BDM1","NA","2",NA,NA,NA,NA,NA,NA,NA,NA,NA,NA,NA,NA,NA,2.893825953,0
"283","BFY10","NA","2",NA,NA,NA,NA,NA,NA,NA,NA,NA,NA,NA,NA,NA,0,0
"284","BFY7","NA","2",NA,NA,NA,NA,NA,NA,NA,NA,NA,NA,NA,NA,NA,0.053972127,0
"285","BFY8","NA","2",NA,NA,NA,NA,NA,NA,NA,NA,NA,NA,NA,NA,NA,0,0
"286","BFY9","NA","2",NA,NA,NA,NA,NA,NA,NA,NA,NA,NA,NA,NA,NA,0.237800889,0
"287","DCY14","NA","2",NA,NA,NA,NA,NA,NA,NA,NA,NA,NA,NA,NA,NA,0,0
"288","DCY2","NA","2",NA,NA,NA,NA,NA,NA,NA,NA,NA,NA,NA,NA,NA,0,0
"289","DCY3","NA","2",NA,NA,NA,NA,NA,NA,NA,NA,NA,NA,NA,NA,NA,0,0.333404428
"290","DCY4","NA","2",NA,NA,NA,NA,NA,NA,NA,NA,NA,NA,NA,NA,NA,0,0
"291","DCY9","NA","2",NA,NA,NA,NA,NA,NA,NA,NA,NA,NA,NA,NA,NA,0,0.03486501
"292","DDM2","NA","2",NA,NA,NA,NA,NA,NA,NA,NA,NA,NA,NA,NA,NA,2.252946408,0
"293","GRI1","NA","2",NA,NA,NA,NA,NA,NA,NA,NA,NA,NA,NA,NA,NA,0.50765161,0.152834305
"294","GRM3","NA","2",NA,NA,NA,NA,NA,NA,NA,NA,NA,NA,NA,NA,NA,1.411205654,0
"295","GRM4","NA","2",NA,NA,NA,NA,NA,NA,NA,NA,NA,NA,NA,NA,NA,2.289248726,0
"296","GSI1","NA","2",NA,NA,NA,NA,NA,NA,NA,NA,NA,NA,NA,NA,NA,3.778390502,0
"297","GSI2","NA","2",NA,NA,NA,NA,NA,NA,NA,NA,NA,NA,NA,NA,NA,0.076350252,0
"298","GSM1","NA","2",NA,NA,NA,NA,NA,NA,NA,NA,NA,NA,NA,NA,NA,1.514784984,0
"299","GSM3","NA","2",NA,NA,NA,NA,NA,NA,NA,NA,NA,NA,NA,NA,NA,2.039977736,0.018296526
"300","GSM4","NA","2",NA,NA,NA,NA,NA,NA,NA,NA,NA,NA,NA,NA,NA,1.401998501,0
"301","GSM5","NA","2",NA,NA,NA,NA,NA,NA,NA,NA,NA,NA,NA,NA,NA,1.49993135,0
"302","LGI2","NA","2",NA,NA,NA,NA,NA,NA,NA,NA,NA,NA,NA,NA,NA,0.810815474,0.67720971
"303","MDI4","NA","2",NA,NA,NA,NA,NA,NA,NA,NA,NA,NA,NA,NA,NA,5.44046415,8.519836803
"304","MDI5","NA","2",NA,NA,NA,NA,NA,NA,NA,NA,NA,NA,NA,NA,NA,0,0
"305","MDM1","NA","2",NA,NA,NA,NA,NA,NA,NA,NA,NA,NA,NA,NA,NA,2.769859535,0
"306","UP4D","NA","2",NA,NA,NA,NA,NA,NA,NA,NA,NA,NA,NA,NA,NA,5.464136695,0
"307","WCM2","NA","2",NA,NA,NA,NA,NA,NA,NA,NA,NA,NA,NA,NA,NA,NA,NA
"308","WCM3","NA","2",NA,NA,NA,NA,NA,NA,NA,NA,NA,NA,NA,NA,NA,NA,NA
"309","BCEFM2","NA","3",NA,NA,NA,NA,NA,NA,NA,NA,NA,NA,NA,NA,NA,0.66582536,0.025798984
"310","BDM1","NA","3",NA,NA,NA,NA,NA,NA,NA,NA,NA,NA,NA,NA,NA,1.904716064,0
"311","BFY10","NA","3",NA,NA,NA,NA,NA,NA,NA,NA,NA,NA,NA,NA,NA,0,0.162999143
"312","BFY7","NA","3",NA,NA,NA,NA,NA,NA,NA,NA,NA,NA,NA,NA,NA,0,0
"313","BFY8","NA","3",NA,NA,NA,NA,NA,NA,NA,NA,NA,NA,NA,NA,NA,0,0
"314","BFY9","NA","3",NA,NA,NA,NA,NA,NA,NA,NA,NA,NA,NA,NA,NA,0,0
"315","DCY14","NA","3",NA,NA,NA,NA,NA,NA,NA,NA,NA,NA,NA,NA,NA,0,0
"316","DCY2","NA","3",NA,NA,NA,NA,NA,NA,NA,NA,NA,NA,NA,NA,NA,0,0.06948987
"317","DCY3","NA","3",NA,NA,NA,NA,NA,NA,NA,NA,NA,NA,NA,NA,NA,0,0
"318","DCY4","NA","3",NA,NA,NA,NA,NA,NA,NA,NA,NA,NA,NA,NA,NA,0,0
"319","DCY9","NA","3",NA,NA,NA,NA,NA,NA,NA,NA,NA,NA,NA,NA,NA,0,0.106415126
"320","DDM2","NA","3",NA,NA,NA,NA,NA,NA,NA,NA,NA,NA,NA,NA,NA,2.95740231,0
"321","GRI1","NA","3",NA,NA,NA,NA,NA,NA,NA,NA,NA,NA,NA,NA,NA,1.248259044,0.50357547
"322","GRM3","NA","3",NA,NA,NA,NA,NA,NA,NA,NA,NA,NA,NA,NA,NA,0.773737766,0
"323","GRM4","NA","3",NA,NA,NA,NA,NA,NA,NA,NA,NA,NA,NA,NA,NA,3.906555109,0
"324","GSI1","NA","3",NA,NA,NA,NA,NA,NA,NA,NA,NA,NA,NA,NA,NA,4.660615288,0
"325","GSI2","NA","3",NA,NA,NA,NA,NA,NA,NA,NA,NA,NA,NA,NA,NA,0.031917655,0
"326","GSM1","NA","3",NA,NA,NA,NA,NA,NA,NA,NA,NA,NA,NA,NA,NA,1.319339302,0
"327","GSM3","NA","3",NA,NA,NA,NA,NA,NA,NA,NA,NA,NA,NA,NA,NA,0.926340046,0.057636854
"328","GSM4","NA","3",NA,NA,NA,NA,NA,NA,NA,NA,NA,NA,NA,NA,NA,1.819678243,0
"329","GSM5","NA","3",NA,NA,NA,NA,NA,NA,NA,NA,NA,NA,NA,NA,NA,1.53301919,0.024453489
"330","LGI2","NA","3",NA,NA,NA,NA,NA,NA,NA,NA,NA,NA,NA,NA,NA,3.175226508,0.629604989
"331","MDI4","NA","3",NA,NA,NA,NA,NA,NA,NA,NA,NA,NA,NA,NA,NA,4.849944201,6.570635488
"332","MDI5","NA","3",NA,NA,NA,NA,NA,NA,NA,NA,NA,NA,NA,NA,NA,0,0
"333","MDM1","NA","3",NA,NA,NA,NA,NA,NA,NA,NA,NA,NA,NA,NA,NA,2.834390044,0
"334","UP4D","NA","3",NA,NA,NA,NA,NA,NA,NA,NA,NA,NA,NA,NA,NA,6.602118009,0
"335","WCM2","NA","3",NA,NA,NA,NA,NA,NA,NA,NA,NA,NA,NA,NA,NA,NA,NA
"336","WCM3","NA","3",NA,NA,NA,NA,NA,NA,NA,NA,NA,NA,NA,NA,NA,NA,NA
"337","BCEFM2","NA","4",NA,NA,NA,NA,NA,NA,NA,NA,NA,NA,NA,NA,NA,1.008463128,0.230663748
"338","BDM1","NA","4",NA,NA,NA,NA,NA,NA,NA,NA,NA,NA,NA,NA,NA,2.80669531,0
"339","BFY10","NA","4",NA,NA,NA,NA,NA,NA,NA,NA,NA,NA,NA,NA,NA,0,0
"340","BFY7","NA","4",NA,NA,NA,NA,NA,NA,NA,NA,NA,NA,NA,NA,NA,0.11570903,0
"341","BFY8","NA","4",NA,NA,NA,NA,NA,NA,NA,NA,NA,NA,NA,NA,NA,0,0
"342","BFY9","NA","4",NA,NA,NA,NA,NA,NA,NA,NA,NA,NA,NA,NA,NA,0,0
"343","DCY14","NA","4",NA,NA,NA,NA,NA,NA,NA,NA,NA,NA,NA,NA,NA,0,0
"344","DCY2","NA","4",NA,NA,NA,NA,NA,NA,NA,NA,NA,NA,NA,NA,NA,0,0
"345","DCY3","NA","4",NA,NA,NA,NA,NA,NA,NA,NA,NA,NA,NA,NA,NA,0,0.288473724
"346","DCY4","NA","4",NA,NA,NA,NA,NA,NA,NA,NA,NA,NA,NA,NA,NA,0,0
"347","DCY9","NA","4",NA,NA,NA,NA,NA,NA,NA,NA,NA,NA,NA,NA,NA,0,0.114634772
"348","DDM2","NA","4",NA,NA,NA,NA,NA,NA,NA,NA,NA,NA,NA,NA,NA,3.335229893,0.071248552
"349","GRI1","NA","4",NA,NA,NA,NA,NA,NA,NA,NA,NA,NA,NA,NA,NA,0.491984695,1.009176672
"350","GRM3","NA","4",NA,NA,NA,NA,NA,NA,NA,NA,NA,NA,NA,NA,NA,0.448842197,0
"351","GRM4","NA","4",NA,NA,NA,NA,NA,NA,NA,NA,NA,NA,NA,NA,NA,3.853722294,0
"352","GSI1","NA","4",NA,NA,NA,NA,NA,NA,NA,NA,NA,NA,NA,NA,NA,4.085276284,0
"353","GSI2","NA","4",NA,NA,NA,NA,NA,NA,NA,NA,NA,NA,NA,NA,NA,0.160212916,0
"354","GSM1","NA","4",NA,NA,NA,NA,NA,NA,NA,NA,NA,NA,NA,NA,NA,1.227140359,0
"355","GSM3","NA","4",NA,NA,NA,NA,NA,NA,NA,NA,NA,NA,NA,NA,NA,2.165594333,0.037215461
"356","GSM4","NA","4",NA,NA,NA,NA,NA,NA,NA,NA,NA,NA,NA,NA,NA,1.952069258,0.028360259
"357","GSM5","NA","4",NA,NA,NA,NA,NA,NA,NA,NA,NA,NA,NA,NA,NA,1.419104771,0
"358","LGI2","NA","4",NA,NA,NA,NA,NA,NA,NA,NA,NA,NA,NA,NA,NA,3.174238071,0.280129907
"359","MDI4","NA","4",NA,NA,NA,NA,NA,NA,NA,NA,NA,NA,NA,NA,NA,5.247561144,3.586528735
"360","MDI5","NA","4",NA,NA,NA,NA,NA,NA,NA,NA,NA,NA,NA,NA,NA,0,0
"361","MDM1","NA","4",NA,NA,NA,NA,NA,NA,NA,NA,NA,NA,NA,NA,NA,3.329624966,0
"362","UP4D","NA","4",NA,NA,NA,NA,NA,NA,NA,NA,NA,NA,NA,NA,NA,6.547078007,1.505408861
"363","WCM2","NA","4",NA,NA,NA,NA,NA,NA,NA,NA,NA,NA,NA,NA,NA,NA,NA
"364","WCM3","NA","4",NA,NA,NA,NA,NA,NA,NA,NA,NA,NA,NA,NA,NA,NA,NA
"365","BCEFM2","NA","5",NA,NA,NA,NA,NA,NA,NA,NA,NA,NA,NA,NA,NA,1.312494696,0
"366","BDM1","NA","5",NA,NA,NA,NA,NA,NA,NA,NA,NA,NA,NA,NA,NA,2.051693552,0
"367","BFY10","NA","5",NA,NA,NA,NA,NA,NA,NA,NA,NA,NA,NA,NA,NA,0,0.037041971
"368","BFY7","NA","5",NA,NA,NA,NA,NA,NA,NA,NA,NA,NA,NA,NA,NA,0,0
"369","BFY8","NA","5",NA,NA,NA,NA,NA,NA,NA,NA,NA,NA,NA,NA,NA,0,0
"370","BFY9","NA","5",NA,NA,NA,NA,NA,NA,NA,NA,NA,NA,NA,NA,NA,0.138703773,0
"371","DCY14","NA","5",NA,NA,NA,NA,NA,NA,NA,NA,NA,NA,NA,NA,NA,0,0
"372","DCY2","NA","5",NA,NA,NA,NA,NA,NA,NA,NA,NA,NA,NA,NA,NA,0,0
"373","DCY3","NA","5",NA,NA,NA,NA,NA,NA,NA,NA,NA,NA,NA,NA,NA,0,0.024376482
"374","DCY4","NA","5",NA,NA,NA,NA,NA,NA,NA,NA,NA,NA,NA,NA,NA,0,0
"375","DCY9","NA","5",NA,NA,NA,NA,NA,NA,NA,NA,NA,NA,NA,NA,NA,0,0
"376","DDM2","NA","5",NA,NA,NA,NA,NA,NA,NA,NA,NA,NA,NA,NA,NA,3.075664417,0
"377","GRI1","NA","5",NA,NA,NA,NA,NA,NA,NA,NA,NA,NA,NA,NA,NA,0.379489501,1.060471121
"378","GRM3","NA","5",NA,NA,NA,NA,NA,NA,NA,NA,NA,NA,NA,NA,NA,0.989258969,0
"379","GRM4","NA","5",NA,NA,NA,NA,NA,NA,NA,NA,NA,NA,NA,NA,NA,2.848216338,0
"380","GSI1","NA","5",NA,NA,NA,NA,NA,NA,NA,NA,NA,NA,NA,NA,NA,5.197621836,0
"381","GSI2","NA","5",NA,NA,NA,NA,NA,NA,NA,NA,NA,NA,NA,NA,NA,0.222988987,0
"382","GSM1","NA","5",NA,NA,NA,NA,NA,NA,NA,NA,NA,NA,NA,NA,NA,1.335498224,0
"383","GSM3","NA","5",NA,NA,NA,NA,NA,NA,NA,NA,NA,NA,NA,NA,NA,1.977958941,0.043027687
"384","GSM4","NA","5",NA,NA,NA,NA,NA,NA,NA,NA,NA,NA,NA,NA,NA,3.174670112,0
"385","GSM5","NA","5",NA,NA,NA,NA,NA,NA,NA,NA,NA,NA,NA,NA,NA,1.416754488,0
"386","LGI2","NA","5",NA,NA,NA,NA,NA,NA,NA,NA,NA,NA,NA,NA,NA,3.77160363,0
"387","MDI4","NA","5",NA,NA,NA,NA,NA,NA,NA,NA,NA,NA,NA,NA,NA,6.251389993,7.279960759
"388","MDI5","NA","5",NA,NA,NA,NA,NA,NA,NA,NA,NA,NA,NA,NA,NA,0,0
"389","MDM1","NA","5",NA,NA,NA,NA,NA,NA,NA,NA,NA,NA,NA,NA,NA,5.458250519,0
"390","UP4D","NA","5",NA,NA,NA,NA,NA,NA,NA,NA,NA,NA,NA,NA,NA,8.917492426,0
"391","WCM2","NA","5",NA,NA,NA,NA,NA,NA,NA,NA,NA,NA,NA,NA,NA,NA,NA
"392","WCM3","NA","5",NA,NA,NA,NA,NA,NA,NA,NA,NA,NA,NA,NA,NA,NA,NA
"393","BCEFM2","NA","6",NA,NA,NA,NA,NA,NA,NA,NA,NA,NA,NA,NA,NA,0.808502623,0.057440171
"394","BDM1","NA","6",NA,NA,NA,NA,NA,NA,NA,NA,NA,NA,NA,NA,NA,1.982322675,0
"395","BFY10","NA","6",NA,NA,NA,NA,NA,NA,NA,NA,NA,NA,NA,NA,NA,0,0
"396","BFY7","NA","6",NA,NA,NA,NA,NA,NA,NA,NA,NA,NA,NA,NA,NA,0,0
"397","BFY8","NA","6",NA,NA,NA,NA,NA,NA,NA,NA,NA,NA,NA,NA,NA,0,0
"398","BFY9","NA","6",NA,NA,NA,NA,NA,NA,NA,NA,NA,NA,NA,NA,NA,0.47360489,0
"399","DCY14","NA","6",NA,NA,NA,NA,NA,NA,NA,NA,NA,NA,NA,NA,NA,0,0
"400","DCY2","NA","6",NA,NA,NA,NA,NA,NA,NA,NA,NA,NA,NA,NA,NA,0,0.047062114
"401","DCY3","NA","6",NA,NA,NA,NA,NA,NA,NA,NA,NA,NA,NA,NA,NA,0,0
"402","DCY4","NA","6",NA,NA,NA,NA,NA,NA,NA,NA,NA,NA,NA,NA,NA,0.020009174,0
"403","DCY9","NA","6",NA,NA,NA,NA,NA,NA,NA,NA,NA,NA,NA,NA,NA,0,0.024453489
"404","DDM2","NA","6",NA,NA,NA,NA,NA,NA,NA,NA,NA,NA,NA,NA,NA,2.738605623,0
"405","GRI1","NA","6",NA,NA,NA,NA,NA,NA,NA,NA,NA,NA,NA,NA,NA,0.737748641,0.044312905
"406","GRM3","NA","6",NA,NA,NA,NA,NA,NA,NA,NA,NA,NA,NA,NA,NA,1.071622122,0
"407","GRM4","NA","6",NA,NA,NA,NA,NA,NA,NA,NA,NA,NA,NA,NA,NA,3.801736225,0
"408","GSI1","NA","6",NA,NA,NA,NA,NA,NA,NA,NA,NA,NA,NA,NA,NA,4.464638824,0
"409","GSI2","NA","6",NA,NA,NA,NA,NA,NA,NA,NA,NA,NA,NA,NA,NA,0.105885503,0
"410","GSM1","NA","6",NA,NA,NA,NA,NA,NA,NA,NA,NA,NA,NA,NA,NA,0.651047957,0
"411","GSM3","NA","6",NA,NA,NA,NA,NA,NA,NA,NA,NA,NA,NA,NA,NA,0.895721702,0.028961337
"412","GSM4","NA","6",NA,NA,NA,NA,NA,NA,NA,NA,NA,NA,NA,NA,NA,2.346890762,0
"413","GSM5","NA","6",NA,NA,NA,NA,NA,NA,NA,NA,NA,NA,NA,NA,NA,2.159570388,0
"414","LGI2","NA","6",NA,NA,NA,NA,NA,NA,NA,NA,NA,NA,NA,NA,NA,2.413679758,2.37195224
"415","MDI4","NA","6",NA,NA,NA,NA,NA,NA,NA,NA,NA,NA,NA,NA,NA,6.169437614,7.558587858
"416","MDI5","NA","6",NA,NA,NA,NA,NA,NA,NA,NA,NA,NA,NA,NA,NA,0,0
"417","MDM1","NA","6",NA,NA,NA,NA,NA,NA,NA,NA,NA,NA,NA,NA,NA,6.663124489,0
"418","UP4D","NA","6",NA,NA,NA,NA,NA,NA,NA,NA,NA,NA,NA,NA,NA,5.305489066,0
"419","WCM2","NA","6",NA,NA,NA,NA,NA,NA,NA,NA,NA,NA,NA,NA,NA,NA,NA
"420","WCM3","NA","6",NA,NA,NA,NA,NA,NA,NA,NA,NA,NA,NA,NA,NA,NA,NA
"421","BCEFM2","NA","7",NA,NA,NA,NA,NA,NA,NA,NA,NA,NA,NA,NA,NA,0.625421984,0.274072894
"422","BDM1","NA","7",NA,NA,NA,NA,NA,NA,NA,NA,NA,NA,NA,NA,NA,2.537537897,0
"423","BFY10","NA","7",NA,NA,NA,NA,NA,NA,NA,NA,NA,NA,NA,NA,NA,0,0
"424","BFY7","NA","7",NA,NA,NA,NA,NA,NA,NA,NA,NA,NA,NA,NA,NA,0,0
"425","BFY8","NA","7",NA,NA,NA,NA,NA,NA,NA,NA,NA,NA,NA,NA,NA,0,0
"426","BFY9","NA","7",NA,NA,NA,NA,NA,NA,NA,NA,NA,NA,NA,NA,NA,0.322067006,0
"427","DCY14","NA","7",NA,NA,NA,NA,NA,NA,NA,NA,NA,NA,NA,NA,NA,0,0
"428","DCY2","NA","7",NA,NA,NA,NA,NA,NA,NA,NA,NA,NA,NA,NA,NA,0,0
"429","DCY3","NA","7",NA,NA,NA,NA,NA,NA,NA,NA,NA,NA,NA,NA,NA,0,0.090991516
"430","DCY4","NA","7",NA,NA,NA,NA,NA,NA,NA,NA,NA,NA,NA,NA,NA,0,0
"431","DCY9","NA","7",NA,NA,NA,NA,NA,NA,NA,NA,NA,NA,NA,NA,NA,0,0
"432","DDM2","NA","7",NA,NA,NA,NA,NA,NA,NA,NA,NA,NA,NA,NA,NA,2.49530742,0
"433","GRI1","NA","7",NA,NA,NA,NA,NA,NA,NA,NA,NA,NA,NA,NA,NA,0.449360133,0.835035999
"434","GRM3","NA","7",NA,NA,NA,NA,NA,NA,NA,NA,NA,NA,NA,NA,NA,0.421328634,0
"435","GRM4","NA","7",NA,NA,NA,NA,NA,NA,NA,NA,NA,NA,NA,NA,NA,6.186717785,0
"436","GSI1","NA","7",NA,NA,NA,NA,NA,NA,NA,NA,NA,NA,NA,NA,NA,3.61931989,0.295367067
"437","GSI2","NA","7",NA,NA,NA,NA,NA,NA,NA,NA,NA,NA,NA,NA,NA,0.147703404,0
"438","GSM1","NA","7",NA,NA,NA,NA,NA,NA,NA,NA,NA,NA,NA,NA,NA,1.080314174,0
"439","GSM3","NA","7",NA,NA,NA,NA,NA,NA,NA,NA,NA,NA,NA,NA,NA,0.995593602,0.181450501
"440","GSM4","NA","7",NA,NA,NA,NA,NA,NA,NA,NA,NA,NA,NA,NA,NA,3.790724459,0.265262475
"441","GSM5","NA","7",NA,NA,NA,NA,NA,NA,NA,NA,NA,NA,NA,NA,NA,1.57041552,0.028360259
"442","LGI2","NA","7",NA,NA,NA,NA,NA,NA,NA,NA,NA,NA,NA,NA,NA,1.947857551,1.490722298
"443","MDI4","NA","7",NA,NA,NA,NA,NA,NA,NA,NA,NA,NA,NA,NA,NA,4.688582273,9.21621557
"444","MDI5","NA","7",NA,NA,NA,NA,NA,NA,NA,NA,NA,NA,NA,NA,NA,0,0
"445","MDM1","NA","7",NA,NA,NA,NA,NA,NA,NA,NA,NA,NA,NA,NA,NA,4.55643523,0
"446","UP4D","NA","7",NA,NA,NA,NA,NA,NA,NA,NA,NA,NA,NA,NA,NA,6.989233401,0
"447","WCM2","NA","7",NA,NA,NA,NA,NA,NA,NA,NA,NA,NA,NA,NA,NA,NA,NA
"448","WCM3","NA","7",NA,NA,NA,NA,NA,NA,NA,NA,NA,NA,NA,NA,NA,NA,NA
"449","BCEFM2","NA","8",NA,NA,NA,NA,NA,NA,NA,NA,NA,NA,NA,NA,NA,0.696803689,0
"450","BDM1","NA","8",NA,NA,NA,NA,NA,NA,NA,NA,NA,NA,NA,NA,NA,1.753485056,0
"451","BFY10","NA","8",NA,NA,NA,NA,NA,NA,NA,NA,NA,NA,NA,NA,NA,0,0
"452","BFY7","NA","8",NA,NA,NA,NA,NA,NA,NA,NA,NA,NA,NA,NA,NA,0,0
"453","BFY8","NA","8",NA,NA,NA,NA,NA,NA,NA,NA,NA,NA,NA,NA,NA,0,0
"454","BFY9","NA","8",NA,NA,NA,NA,NA,NA,NA,NA,NA,NA,NA,NA,NA,0.02243407,0
"455","DCY14","NA","8",NA,NA,NA,NA,NA,NA,NA,NA,NA,NA,NA,NA,NA,0,0
"456","DCY2","NA","8",NA,NA,NA,NA,NA,NA,NA,NA,NA,NA,NA,NA,NA,0,0
"457","DCY3","NA","8",NA,NA,NA,NA,NA,NA,NA,NA,NA,NA,NA,NA,NA,0,0.670682704
"458","DCY4","NA","8",NA,NA,NA,NA,NA,NA,NA,NA,NA,NA,NA,NA,NA,0,0
"459","DCY9","NA","8",NA,NA,NA,NA,NA,NA,NA,NA,NA,NA,NA,NA,NA,0,0
"460","DDM2","NA","8",NA,NA,NA,NA,NA,NA,NA,NA,NA,NA,NA,NA,NA,3.738809435,0
"461","GRI1","NA","8",NA,NA,NA,NA,NA,NA,NA,NA,NA,NA,NA,NA,NA,0.592253156,0.254844421
"462","GRM3","NA","8",NA,NA,NA,NA,NA,NA,NA,NA,NA,NA,NA,NA,NA,0.862050583,0
"463","GRM4","NA","8",NA,NA,NA,NA,NA,NA,NA,NA,NA,NA,NA,NA,NA,0.038032777,0
"464","GSI1","NA","8",NA,NA,NA,NA,NA,NA,NA,NA,NA,NA,NA,NA,NA,4.320302028,0
"465","GSI2","NA","8",NA,NA,NA,NA,NA,NA,NA,NA,NA,NA,NA,NA,NA,0.026308665,0
"466","GSM1","NA","8",NA,NA,NA,NA,NA,NA,NA,NA,NA,NA,NA,NA,NA,1.418756776,0
"467","GSM3","NA","8",NA,NA,NA,NA,NA,NA,NA,NA,NA,NA,NA,NA,NA,1.026049296,0.095067885
"468","GSM4","NA","8",NA,NA,NA,NA,NA,NA,NA,NA,NA,NA,NA,NA,NA,1.698959148,0.277561567
"469","GSM5","NA","8",NA,NA,NA,NA,NA,NA,NA,NA,NA,NA,NA,NA,NA,1.113939808,0
"470","LGI2","NA","8",NA,NA,NA,NA,NA,NA,NA,NA,NA,NA,NA,NA,NA,1.903003535,1.363282001
"471","MDI4","NA","8",NA,NA,NA,NA,NA,NA,NA,NA,NA,NA,NA,NA,NA,4.550742266,9.048016679
"472","MDI5","NA","8",NA,NA,NA,NA,NA,NA,NA,NA,NA,NA,NA,NA,NA,0,0
"473","MDM1","NA","8",NA,NA,NA,NA,NA,NA,NA,NA,NA,NA,NA,NA,NA,6.098841125,0
"474","UP4D","NA","8",NA,NA,NA,NA,NA,NA,NA,NA,NA,NA,NA,NA,NA,5.035113839,0
"475","WCM2","NA","8",NA,NA,NA,NA,NA,NA,NA,NA,NA,NA,NA,NA,NA,NA,NA
"476","WCM3","NA","8",NA,NA,NA,NA,NA,NA,NA,NA,NA,NA,NA,NA,NA,NA,NA
"477","BCEFM2","NA","9",NA,NA,NA,NA,NA,NA,NA,NA,NA,NA,NA,NA,NA,0.919611143,0
"478","BDM1","NA","9",NA,NA,NA,NA,NA,NA,NA,NA,NA,NA,NA,NA,NA,1.864048091,0
"479","BFY10","NA","9",NA,NA,NA,NA,NA,NA,NA,NA,NA,NA,NA,NA,NA,0,0
"480","BFY7","NA","9",NA,NA,NA,NA,NA,NA,NA,NA,NA,NA,NA,NA,NA,0,0
"481","BFY8","NA","9",NA,NA,NA,NA,NA,NA,NA,NA,NA,NA,NA,NA,NA,0,0
"482","BFY9","NA","9",NA,NA,NA,NA,NA,NA,NA,NA,NA,NA,NA,NA,NA,0.121598235,0
"483","DCY14","NA","9",NA,NA,NA,NA,NA,NA,NA,NA,NA,NA,NA,NA,NA,0,0
"484","DCY2","NA","9",NA,NA,NA,NA,NA,NA,NA,NA,NA,NA,NA,NA,NA,0,0
"485","DCY3","NA","9",NA,NA,NA,NA,NA,NA,NA,NA,NA,NA,NA,NA,NA,0,0.133519225
"486","DCY4","NA","9",NA,NA,NA,NA,NA,NA,NA,NA,NA,NA,NA,NA,NA,0,0
"487","DCY9","NA","9",NA,NA,NA,NA,NA,NA,NA,NA,NA,NA,NA,NA,NA,0,0
"488","DDM2","NA","9",NA,NA,NA,NA,NA,NA,NA,NA,NA,NA,NA,NA,NA,2.982638009,0
"489","GRI1","NA","9",NA,NA,NA,NA,NA,NA,NA,NA,NA,NA,NA,NA,NA,0.580599631,0.085442516
"490","GRM3","NA","9",NA,NA,NA,NA,NA,NA,NA,NA,NA,NA,NA,NA,NA,0.980572619,0
"491","GRM4","NA","9",NA,NA,NA,NA,NA,NA,NA,NA,NA,NA,NA,NA,NA,2.437672372,0
"492","GSI1","NA","9",NA,NA,NA,NA,NA,NA,NA,NA,NA,NA,NA,NA,NA,2.377227917,0
"493","GSI2","NA","9",NA,NA,NA,NA,NA,NA,NA,NA,NA,NA,NA,NA,NA,0.322618193,0
"494","GSM1","NA","9",NA,NA,NA,NA,NA,NA,NA,NA,NA,NA,NA,NA,NA,1.292946598,0
"495","GSM3","NA","9",NA,NA,NA,NA,NA,NA,NA,NA,NA,NA,NA,NA,NA,1.980130314,0.04360786
"496","GSM4","NA","9",NA,NA,NA,NA,NA,NA,NA,NA,NA,NA,NA,NA,NA,4.874448702,0.353815938
"497","GSM5","NA","9",NA,NA,NA,NA,NA,NA,NA,NA,NA,NA,NA,NA,NA,0.641358284,0
"498","LGI2","NA","9",NA,NA,NA,NA,NA,NA,NA,NA,NA,NA,NA,NA,NA,2.835538347,1.504866254
"499","MDI4","NA","9",NA,NA,NA,NA,NA,NA,NA,NA,NA,NA,NA,NA,NA,2.548967337,7.388598567
"500","MDI5","NA","9",NA,NA,NA,NA,NA,NA,NA,NA,NA,NA,NA,NA,NA,0,0
"501","MDM1","NA","9",NA,NA,NA,NA,NA,NA,NA,NA,NA,NA,NA,NA,NA,4.577220015,0
"502","UP4D","NA","9",NA,NA,NA,NA,NA,NA,NA,NA,NA,NA,NA,NA,NA,2.872704705,0
"503","WCM2","NA","9",NA,NA,NA,NA,NA,NA,NA,NA,NA,NA,NA,NA,NA,NA,NA
"504","WCM3","NA","9",NA,NA,NA,NA,NA,NA,NA,NA,NA,NA,NA,NA,NA,NA,NA
"505","BCEFM2","NA","10",NA,NA,NA,NA,NA,NA,NA,NA,NA,NA,NA,NA,NA,1.007895836,0.348882988
"506","BDM1","NA","10",NA,NA,NA,NA,NA,NA,NA,NA,NA,NA,NA,NA,NA,1.804015325,0
"507","BFY10","NA","10",NA,NA,NA,NA,NA,NA,NA,NA,NA,NA,NA,NA,NA,0,0.065763968
"508","BFY7","NA","10",NA,NA,NA,NA,NA,NA,NA,NA,NA,NA,NA,NA,NA,0,0
"509","BFY8","NA","10",NA,NA,NA,NA,NA,NA,NA,NA,NA,NA,NA,NA,NA,0,0
"510","BFY9","NA","10",NA,NA,NA,NA,NA,NA,NA,NA,NA,NA,NA,NA,NA,0.32154788,0
"511","DCY14","NA","10",NA,NA,NA,NA,NA,NA,NA,NA,NA,NA,NA,NA,NA,0,0
"512","DCY2","NA","10",NA,NA,NA,NA,NA,NA,NA,NA,NA,NA,NA,NA,NA,0,0
"513","DCY3","NA","10",NA,NA,NA,NA,NA,NA,NA,NA,NA,NA,NA,NA,NA,0,0.10307769
"514","DCY4","NA","10",NA,NA,NA,NA,NA,NA,NA,NA,NA,NA,NA,NA,NA,0,0
"515","DCY9","NA","10",NA,NA,NA,NA,NA,NA,NA,NA,NA,NA,NA,NA,NA,0,0
"516","DDM2","NA","10",NA,NA,NA,NA,NA,NA,NA,NA,NA,NA,NA,NA,NA,4.76809227,0
"517","GRI1","NA","10",NA,NA,NA,NA,NA,NA,NA,NA,NA,NA,NA,NA,NA,0.994690881,0.762037271
"518","GRM3","NA","10",NA,NA,NA,NA,NA,NA,NA,NA,NA,NA,NA,NA,NA,0.208966511,0
"519","GRM4","NA","10",NA,NA,NA,NA,NA,NA,NA,NA,NA,NA,NA,NA,NA,3.664605757,0
"520","GSI1","NA","10",NA,NA,NA,NA,NA,NA,NA,NA,NA,NA,NA,NA,NA,2.074050231,0
"521","GSI2","NA","10",NA,NA,NA,NA,NA,NA,NA,NA,NA,NA,NA,NA,NA,0.375270938,0
"522","GSM1","NA","10",NA,NA,NA,NA,NA,NA,NA,NA,NA,NA,NA,NA,NA,1.040166945,0
"523","GSM3","NA","10",NA,NA,NA,NA,NA,NA,NA,NA,NA,NA,NA,NA,NA,2.360150414,0.053989922
"524","GSM4","NA","10",NA,NA,NA,NA,NA,NA,NA,NA,NA,NA,NA,NA,NA,6.003403753,0
"525","GSM5","NA","10",NA,NA,NA,NA,NA,NA,NA,NA,NA,NA,NA,NA,NA,0.758615205,0
"526","LGI2","NA","10",NA,NA,NA,NA,NA,NA,NA,NA,NA,NA,NA,NA,NA,2.661835533,1.173676728
"527","MDI4","NA","10",NA,NA,NA,NA,NA,NA,NA,NA,NA,NA,NA,NA,NA,2.478914899,8.219744356
"528","MDI5","NA","10",NA,NA,NA,NA,NA,NA,NA,NA,NA,NA,NA,NA,NA,0,0
"529","MDM1","NA","10",NA,NA,NA,NA,NA,NA,NA,NA,NA,NA,NA,NA,NA,4.284499377,0
"530","UP4D","NA","10",NA,NA,NA,NA,NA,NA,NA,NA,NA,NA,NA,NA,NA,7.325954358,0
"531","WCM2","NA","10",NA,NA,NA,NA,NA,NA,NA,NA,NA,NA,NA,NA,NA,NA,NA
"532","WCM3","NA","10",NA,NA,NA,NA,NA,NA,NA,NA,NA,NA,NA,NA,NA,NA,NA
"533","BCEFM2","NA","11",NA,NA,NA,NA,NA,NA,NA,NA,NA,NA,NA,NA,NA,0.736603898,0.027475589
"534","BDM1","NA","11",NA,NA,NA,NA,NA,NA,NA,NA,NA,NA,NA,NA,NA,2.391201067,0
"535","BFY10","NA","11",NA,NA,NA,NA,NA,NA,NA,NA,NA,NA,NA,NA,NA,0,0
"536","BFY7","NA","11",NA,NA,NA,NA,NA,NA,NA,NA,NA,NA,NA,NA,NA,0,0
"537","BFY8","NA","11",NA,NA,NA,NA,NA,NA,NA,NA,NA,NA,NA,NA,NA,0,0
"538","BFY9","NA","11",NA,NA,NA,NA,NA,NA,NA,NA,NA,NA,NA,NA,NA,0.16036614,0
"539","DCY14","NA","11",NA,NA,NA,NA,NA,NA,NA,NA,NA,NA,NA,NA,NA,0,0
"540","DCY2","NA","11",NA,NA,NA,NA,NA,NA,NA,NA,NA,NA,NA,NA,NA,0.134315483,0
"541","DCY3","NA","11",NA,NA,NA,NA,NA,NA,NA,NA,NA,NA,NA,NA,NA,0,0
"542","DCY4","NA","11",NA,NA,NA,NA,NA,NA,NA,NA,NA,NA,NA,NA,NA,0,0
"543","DCY9","NA","11",NA,NA,NA,NA,NA,NA,NA,NA,NA,NA,NA,NA,NA,0,0
"544","DDM2","NA","11",NA,NA,NA,NA,NA,NA,NA,NA,NA,NA,NA,NA,NA,1.791982993,0
"545","GRI1","NA","11",NA,NA,NA,NA,NA,NA,NA,NA,NA,NA,NA,NA,NA,0.998032086,0.260921619
"546","GRM3","NA","11",NA,NA,NA,NA,NA,NA,NA,NA,NA,NA,NA,NA,NA,0.490483995,0
"547","GRM4","NA","11",NA,NA,NA,NA,NA,NA,NA,NA,NA,NA,NA,NA,NA,3.094151111,0
"548","GSI1","NA","11",NA,NA,NA,NA,NA,NA,NA,NA,NA,NA,NA,NA,NA,2.426664661,0
"549","GSI2","NA","11",NA,NA,NA,NA,NA,NA,NA,NA,NA,NA,NA,NA,NA,0.078493989,0
"550","GSM1","NA","11",NA,NA,NA,NA,NA,NA,NA,NA,NA,NA,NA,NA,NA,1.01707895,0
"551","GSM3","NA","11",NA,NA,NA,NA,NA,NA,NA,NA,NA,NA,NA,NA,NA,1.789696072,0.13937131
"552","GSM4","NA","11",NA,NA,NA,NA,NA,NA,NA,NA,NA,NA,NA,NA,NA,3.411589357,0
"553","GSM5","NA","11",NA,NA,NA,NA,NA,NA,NA,NA,NA,NA,NA,NA,NA,1.19525269,0
"554","LGI2","NA","11",NA,NA,NA,NA,NA,NA,NA,NA,NA,NA,NA,NA,NA,4.336825773,0.678873705
"555","MDI4","NA","11",NA,NA,NA,NA,NA,NA,NA,NA,NA,NA,NA,NA,NA,3.364454308,5.494185265
"556","MDI5","NA","11",NA,NA,NA,NA,NA,NA,NA,NA,NA,NA,NA,NA,NA,0,0
"557","MDM1","NA","11",NA,NA,NA,NA,NA,NA,NA,NA,NA,NA,NA,NA,NA,3.778684295,0
"558","UP4D","NA","11",NA,NA,NA,NA,NA,NA,NA,NA,NA,NA,NA,NA,NA,4.729919138,0.267541425
"559","WCM2","NA","11",NA,NA,NA,NA,NA,NA,NA,NA,NA,NA,NA,NA,NA,NA,NA
"560","WCM3","NA","11",NA,NA,NA,NA,NA,NA,NA,NA,NA,NA,NA,NA,NA,NA,NA
"561","BCEFM2","NA","12",NA,NA,NA,NA,NA,NA,NA,NA,NA,NA,NA,NA,NA,0.86589019,0.302715655
"562","BDM1","NA","12",NA,NA,NA,NA,NA,NA,NA,NA,NA,NA,NA,NA,NA,3.000626108,0
"563","BFY10","NA","12",NA,NA,NA,NA,NA,NA,NA,NA,NA,NA,NA,NA,NA,0,0.057009909
"564","BFY7","NA","12",NA,NA,NA,NA,NA,NA,NA,NA,NA,NA,NA,NA,NA,0,0
"565","BFY8","NA","12",NA,NA,NA,NA,NA,NA,NA,NA,NA,NA,NA,NA,NA,0,0
"566","BFY9","NA","12",NA,NA,NA,NA,NA,NA,NA,NA,NA,NA,NA,NA,NA,0.244049621,0
"567","DCY14","NA","12",NA,NA,NA,NA,NA,NA,NA,NA,NA,NA,NA,NA,NA,0,0
"568","DCY2","NA","12",NA,NA,NA,NA,NA,NA,NA,NA,NA,NA,NA,NA,NA,0.150892469,0
"569","DCY3","NA","12",NA,NA,NA,NA,NA,NA,NA,NA,NA,NA,NA,NA,NA,0,0
"570","DCY4","NA","12",NA,NA,NA,NA,NA,NA,NA,NA,NA,NA,NA,NA,NA,0,0
"571","DCY9","NA","12",NA,NA,NA,NA,NA,NA,NA,NA,NA,NA,NA,NA,NA,0,0.044866169
"572","DDM2","NA","12",NA,NA,NA,NA,NA,NA,NA,NA,NA,NA,NA,NA,NA,5.178857549,0
"573","GRI1","NA","12",NA,NA,NA,NA,NA,NA,NA,NA,NA,NA,NA,NA,NA,0.848270284,0.243232631
"574","GRM3","NA","12",NA,NA,NA,NA,NA,NA,NA,NA,NA,NA,NA,NA,NA,0.27543729,0
"575","GRM4","NA","12",NA,NA,NA,NA,NA,NA,NA,NA,NA,NA,NA,NA,NA,3.335641952,0.556208349
"576","GSI1","NA","12",NA,NA,NA,NA,NA,NA,NA,NA,NA,NA,NA,NA,NA,2.588683204,0
"577","GSI2","NA","12",NA,NA,NA,NA,NA,NA,NA,NA,NA,NA,NA,NA,NA,0.394858021,0
"578","GSM1","NA","12",NA,NA,NA,NA,NA,NA,NA,NA,NA,NA,NA,NA,NA,1.562897434,0
"579","GSM3","NA","12",NA,NA,NA,NA,NA,NA,NA,NA,NA,NA,NA,NA,NA,1.11495979,0.108792672
"580","GSM4","NA","12",NA,NA,NA,NA,NA,NA,NA,NA,NA,NA,NA,NA,NA,5.3762331,0.10566367
"581","GSM5","NA","12",NA,NA,NA,NA,NA,NA,NA,NA,NA,NA,NA,NA,NA,0.912964204,0
"582","LGI2","NA","12",NA,NA,NA,NA,NA,NA,NA,NA,NA,NA,NA,NA,NA,3.223640559,1.398985541
"583","MDI4","NA","12",NA,NA,NA,NA,NA,NA,NA,NA,NA,NA,NA,NA,NA,5.68269741,3.050319511
"584","MDI5","NA","12",NA,NA,NA,NA,NA,NA,NA,NA,NA,NA,NA,NA,NA,0,0
"585","MDM1","NA","12",NA,NA,NA,NA,NA,NA,NA,NA,NA,NA,NA,NA,NA,3.603547586,0
"586","UP4D","NA","12",NA,NA,NA,NA,NA,NA,NA,NA,NA,NA,NA,NA,NA,7.854262743,0
"587","WCM2","NA","12",NA,NA,NA,NA,NA,NA,NA,NA,NA,NA,NA,NA,NA,NA,NA
"588","WCM3","NA","12",NA,NA,NA,NA,NA,NA,NA,NA,NA,NA,NA,NA,NA,NA,NA
