Site,SiteType,SiteAge,ID,depth,BD,NH4_C,NO3_C,poreNO3,poreNH4,poreNPOC,poreTDN,Moist,AFDM,N2Oprod,denitrate,quantitative.depth,layer,streamTDN,streamDOC,streamNO3,streamNH4,LKcore,ThawDepth,fN2O
Oxbow Lake,Lake,NA,OX Sed 7cm,NA,NA,5.668132942,0.761485826,0.0088,6.036,48.336,NA,25.77,5.88,-0.1338240214,0.2801583933,7,Surface,NA,NA,NA,NA,oxbow'18,NA,-0.4776727188
Oxbow Lake,Lake,NA,OX Sed 25-45cm,NA,NA,2.730731225,0.7406126482,0.0036,3.035,26.484,NA,28.36,7.03,3.210217466,-6.473258907,25,Subsurface,NA,NA,NA,NA,oxbow'18,NA,-0.4959198315
Oxbow Lake,Lake,NA,OX Sed 64-90cm,NA,NA,1.918154762,0.2765376984,0.0017,1.713,18.348,NA,32.22,8.66,-3.150257164,1.694365951,64,Subsurface,NA,NA,NA,NA,oxbow'18,NA,-1.85925429
Goldstream Lake,Lake,NA,GSL-VC10-1_0.5-10cm,NA,NA,3.363682093,0.008551307847,NA,NA,108.56,NA,28.3,3.7,0.1047120419,-0.1539434176,0.5,Surface,NA,NA,NA,NA,GSL-VC-1,NA,-0.6801982411
Goldstream Lake,Lake,NA,GSL-VC10-1_15-24cm,NA,NA,1.221712538,0.04638124363,NA,NA,75.92,NA,25.98,2.4,0.1352722354,0,15,Surface,NA,NA,NA,NA,GSL-VC-1,NA,NA
Goldstream Lake,Lake,NA,GSL-VC10-1_29-41cm,NA,NA,1.260978044,0.1941117764,NA,NA,35.88,NA,48.52,9.75,0.2191914272,0,29,Subsurface,NA,NA,NA,NA,GSL-VC-1,NA,NA
Goldstream Lake,Lake,NA,GSL-VC10-1_50-60cm,NA,NA,2.661242604,0.1070019724,NA,NA,30.06,NA,87.5,74.96,-0.9519038076,0,50,Subsurface,NA,NA,NA,NA,GSL-VC-1,NA,NA
Goldstream Lake,Lake,NA,GSL-VC10-1_66-75cm,NA,NA,5.455792683,0.1839430894,NA,NA,27.38,NA,40.16,7.23,0,0.1247744443,66,Subsurface,NA,NA,NA,NA,GSL-VC-1,NA,0
Goldstream Lake,Lake,NA,GSL-VC10-1_90.5-100cm,NA,NA,2.241774676,0.1011964108,NA,NA,29.18,NA,22.46,3.24,0,0,90.5,Subsurface,NA,NA,NA,NA,GSL-VC-1,NA,NA
Big Trail Lake,Lake,NA,BTL 0.5-12 + 20-30cm,NA,NA,17.58059701,0.008457711443,0.00885,6.365,24.04,NA,34.59,8.51,1.892047637,2.183471101,0.5,Surface,NA,NA,NA,NA,BigTrail'18,NA,0.8665320264
Big Trail Lake,Lake,NA,BTL 40-53 + 60-70cm,NA,NA,14.61580517,0.008449304175,0.0073,14.911,122.68,NA,44.92,21.57,1.561075661,1.795214052,40,Subsurface,NA,NA,NA,NA,BigTrail'18,NA,0.8695763376
Big Trail Lake,Lake,NA,BTL 80-90 + 100-110cm,NA,NA,8.120304569,0.3979695431,0.02405,10.506,160.88,NA,32.06,12.56,0.08253851798,0,80,Subsurface,NA,NA,NA,NA,BigTrail'18,NA,NA
Big Trail Lake,Lake,NA,BTL 120-130 + 138-148cm,NA,NA,9.478712871,0.08465346535,0.0143,9.471,190.6,NA,23.34,4.43,0.1872964169,-0.06868923815,120,Subsurface,NA,NA,NA,NA,BigTrail'18,NA,-2.726721419
Vault Lake,Lake,NA,VL 0.5-10.5cm,NA,NA,6.481651376,0.008664627931,0.0054,6.919,182.56,NA,24.28,4.9,0.8363696588,1.123665106,0.5,Surface,NA,NA,NA,NA,Vault'18,NA,0.7443228899
Vault Lake,Lake,NA,VL 10-20cm,NA,NA,5.185531496,0.469242126,NA,NA,NA,NA,20.05,3.18,-0.2566894835,0.07520013917,10,Surface,NA,NA,NA,NA,Vault'18,NA,-3.413417666
Vault Lake,Lake,NA,VL 20-30cm,NA,NA,5.357775591,0.008366141732,0.0058,5.524,217.52,NA,19.96,2.68,0,0.02363940036,20,Surface,NA,NA,NA,NA,Vault'18,NA,0
Vault Lake,Lake,NA,VL 30-40cm,NA,NA,5.481199187,0.008638211382,NA,NA,NA,NA,19.79,2.99,0.0233426704,0.06461324682,30,Subsurface,NA,NA,NA,NA,Vault'18,NA,0.3612675658
Vault Lake,Lake,NA,VL 40-50cm,NA,NA,5.279899497,0.008542713568,0.0094,5.138,246.56,NA,20.3,2.93,0,0,40,Subsurface,NA,NA,NA,NA,Vault'18,NA,NA
Vault Lake,Lake,NA,VL 50-60cm,NA,NA,5.910334347,0.00861195542,NA,NA,NA,NA,18.33,2.79,0.1118210863,0.2696641968,50,Subsurface,NA,NA,NA,NA,Vault'18,NA,0.4146679003
Vault Lake,Lake,NA,VL 60-70cm,NA,NA,6.411678116,0.008341511286,0.0064,6.221,297.44,NA,18.63,3.16,0.1466049383,0.3342550525,60,Subsurface,NA,NA,NA,NA,Vault'18,NA,0.4386020111
Big Trail Lake,Lake,NA,BTL 0010,NA,0.76,14.08682106,0.1147193592,NA,14.44229835,136,21.6,48.62087615,13.78947368,NA,0.09487923909,10,Surface,NA,NA,NA,NA,Big Trail Lake '17,NA,NA
Big Trail Lake,Lake,NA,BTL 0020,NA,0.894285714,17.75930713,0.05492610418,NA,8.114086978,127.9,21.85,42.19759926,12.14057508,NA,-0.2583532323,20,Surface,NA,NA,NA,NA,Big Trail Lake '17,NA,NA
Big Trail Lake,Lake,NA,BTL 0040,NA,0.303,NA,NA,NA,24.80814153,324.2,55.07,71.57598499,62.37623762,NA,5.960362141,40,Subsurface,NA,NA,NA,NA,Big Trail Lake '17,NA,NA
Big Trail Lake,Lake,NA,BTL 0060,NA,1.138888889,18.00059619,0.08696136818,NA,NA,NA,NA,35.04435995,11.31707317,NA,0.3408989245,60,Subsurface,NA,NA,NA,NA,Big Trail Lake '17,NA,NA
Big Trail Lake,Lake,NA,BTL 0080,NA,1.64875,9.624427372,0.5728907618,NA,14.09288791,274.5,32.27,21.53480071,2.956785444,NA,0.1045847474,80,Subsurface,NA,NA,NA,NA,Big Trail Lake '17,NA,NA
Blacksheep Pond,Lake,NA,BSP 0020,NA,0.213636364,14.89152343,0.2478929964,NA,NA,NA,NA,75.8974359,66.80851064,NA,NA,8.5,Surface,NA,NA,NA,NA,Blacksheep Pond '17,NA,NA
Blacksheep Pond,Lake,NA,BSP 0040,NA,0.515833333,10.14086501,1.112105709,0.0138,9.084671545,232.9,31.42,54.21597633,26.8174475,NA,2.859524904,28.5,Surface,NA,NA,NA,NA,Blacksheep Pond '17,NA,NA
Blacksheep Pond,Lake,NA,BSP 0060,NA,0.567142857,9.770476989,0.08850272427,NA,9.554434475,NA,NA,55.24239008,21.15869018,NA,9.183493844,48.5,Subsurface,NA,NA,NA,NA,Blacksheep Pond '17,NA,NA
Blacksheep Pond,Lake,NA,BSP 0080,NA,0.993913043,7.26206998,0.1253064815,0.0109,5.745860635,186.6,19.3,31.67961745,7.174103237,NA,-0.4056422258,68.5,Subsurface,NA,NA,NA,NA,Blacksheep Pond '17,NA,NA
Blacksheep Pond,Lake,NA,BSP 0100,NA,1.416153846,8.732573857,0.04802658518,0.0184,12.22936554,165.6,19.08,23.38743238,3.476371537,NA,-0.1388570844,88.5,Subsurface,NA,NA,NA,NA,Blacksheep Pond '17,NA,NA
Blacksheep Pond,Lake,NA,BSP 0120,NA,1.867,4.718703669,0.7004939271,0.0085,7.454089473,153,15.17,17.31620903,1.553294055,NA,-0.03600384183,108.5,Subsurface,NA,NA,NA,NA,Blacksheep Pond '17,NA,NA
Blacksheep Pond,Lake,NA,BSP 0140,NA,1.522727273,3.8930784,0.001425995455,0.0214,6.871738733,164.9,14.89,19.58713394,1.791044776,NA,0.3276990562,128.5,Subsurface,NA,NA,NA,NA,Blacksheep Pond '17,NA,NA
Blacksheep Pond,Lake,NA,BSP 0160,NA,1.846666667,2.690301959,0.001321825273,NA,4.619982538,176.9,12.5,12.72154391,0.992779783,NA,0,148.5,Subsurface,NA,NA,NA,NA,Blacksheep Pond '17,NA,NA
Blacksheep Pond,Lake,NA,BSP 0180,NA,1.546923077,2.778955681,0.001372322364,NA,3.280575836,157.9,9.179,18.4178499,1.541521631,NA,0.1396480625,168.5,NA,NA,NA,NA,NA,Blacksheep Pond '17,NA,NA
Blacksheep Pond,Lake,NA,BSP 0200,NA,1.631111111,2.560038641,0.001313675727,NA,2.523519874,209.5,15.66,15.19352975,1.907356948,NA,0.05103260452,188.5,NA,NA,NA,NA,NA,Blacksheep Pond '17,NA,NA
Blacksheep Pond,Lake,NA,BSP 0220,NA,1.723636364,2.62524267,0.001359687636,NA,2.872930318,209.3,10.8,15.92017738,1.845991561,NA,0.01884050836,208.5,NA,NA,NA,NA,NA,Blacksheep Pond '17,NA,NA
Blacksheep Pond,Lake,NA,BSP 0240,NA,1.701333333,2.288410079,0.001327803364,NA,2.9117537,215.9,11.51,14.07407407,1.332288401,NA,0,228.5,NA,NA,NA,NA,NA,Blacksheep Pond '17,NA,NA
Blacksheep Pond,Lake,NA,BSP 0260,NA,1.533333333,2.022963277,0.001338837909,NA,3.144693996,173.4,9.829,14.17910448,1.52173913,NA,0.05842641213,248.5,NA,NA,NA,NA,NA,Blacksheep Pond '17,NA,NA
Blacksheep Pond,Lake,NA,BSP 0280,NA,1.798,2.032953871,0.001300469,NA,2.75646017,133.8,7.615,13.14009662,1.334816463,NA,0.04528332437,268.5,NA,NA,NA,NA,NA,Blacksheep Pond '17,NA,NA
Blacksheep Pond,Lake,NA,BSP 0300,NA,1.585454545,2.272512321,0.001352199455,NA,2.872930318,102.3,6.139,16.79389313,2.293577982,NA,0,288.5,NA,NA,NA,NA,NA,Blacksheep Pond '17,NA,NA
Blacksheep Pond,Lake,NA,NA,NA,NA,NA,NA,NA,NA,NA,NA,17,NA,NA,0.01701090794,300,NA,NA,NA,NA,NA,Blacksheep Pond '17,NA,NA
Cranberry Lake,Lake,NA,CBL 0010,NA,0.553333333,7.110534519,0.04393407191,NA,NA,NA,NA,53.37078652,9.397590361,NA,0,10,Surface,NA,NA,NA,NA,Cranberry Lake '17,NA,NA
Cranberry Lake,Lake,NA,CBL 0020,NA,0.45,8.789003763,0.2433998751,0.005,2.267285548,72.34,5.326,52.73109244,7.777777778,NA,0,20,Surface,NA,NA,NA,NA,Cranberry Lake '17,NA,NA
Cranberry Lake,Lake,NA,CBL 0040,NA,1.002222222,5.247192951,0.1819735009,NA,3.094223599,67.74,6.129,32.48502994,5.654101996,NA,-0.2201585442,40,Subsurface,NA,NA,NA,NA,Cranberry Lake '17,NA,NA
Cranberry Lake,Lake,NA,CBL 0060,NA,1.18,4.256726149,0.3674453969,0.005,2.271167886,65.07,6.343,27.07045735,4.491525424,NA,-0.03303914241,60,Subsurface,NA,NA,NA,NA,Cranberry Lake '17,NA,NA
Cranberry Lake,Lake,NA,CBL 0080,NA,1.168,4.008392058,0.02998702409,0.005,2.993282804,63,7.187,28.07881773,4.794520548,NA,-0.02324296669,80,Subsurface,NA,NA,NA,NA,Cranberry Lake '17,NA,NA
Cranberry Lake,Lake,NA,CBL 0100,NA,1.32,3.955854813,0.1654614955,0.005,3.595045235,66.16,6.629,21.76121931,3.787878788,NA,0,100,Subsurface,NA,NA,NA,NA,Cranberry Lake '17,NA,NA
Cranberry Lake,Lake,NA,CBL 0120,NA,1.529411765,4.083428457,0.05456569764,0.005,4.095866872,61.87,6.33,18.34170854,3.538461538,NA,0,120,Subsurface,NA,NA,NA,NA,Cranberry Lake '17,NA,NA
Cranberry Lake,Lake,NA,CBL 0140,NA,1.46,5.146905054,0.1569555004,NA,3.754221104,59.95,6.33,18.96392229,5.136986301,NA,0.07788695701,140,Subsurface,NA,NA,NA,NA,Cranberry Lake '17,NA,NA
Cranberry Lake,Lake,NA,CBL 0160,NA,1.34,5.083563027,0.1571079972,NA,3.02434151,61.47,6.613,21.17647059,5.223880597,NA,0.09069903196,160,Subsurface,NA,NA,NA,NA,Cranberry Lake '17,NA,NA
Cranberry Lake,Lake,NA,CBL 0180,NA,1.358333333,4.773476051,0.077032358,0.005,3.62998628,57.66,6.543,19.7044335,4.294478528,NA,0.09004513607,180,NA,NA,NA,NA,NA,Cranberry Lake '17,NA,NA
Cranberry Lake,Lake,NA,CBL 0200,NA,1.283333333,4.918526074,0.051287788,0.005,3.800809163,57,6.051,21.18730809,4.935064935,NA,-0.0488122612,200,NA,NA,NA,NA,NA,Cranberry Lake '17,NA,NA
Cranberry Lake,Lake,NA,CBL 0220,NA,NA,3.620006028,0.04096315327,NA,2.771989523,52.6,5.996,21,NA,NA,0.09171742542,220,NA,NA,NA,NA,NA,Cranberry Lake '17,NA,NA
Doughnut Lake,Lake,NA,DNL H2 0007,NA,0.123333333,12.45889038,0.8131734443,NA,3.610574588,NA,NA,87.53159225,35.81081081,NA,8.9369824,7,Surface,NA,NA,NA,NA,Doughnut Lake '17,NA,NA
Doughnut Lake,Lake,NA,DNL H2 0020,NA,0.356363636,7.438288496,0.1861206638,0.0048,5.3770385,36.73,6.981,67.52278376,14.28571429,NA,0,20,Surface,NA,NA,NA,NA,Doughnut Lake '17,NA,NA
Doughnut Lake,Lake,NA,DNL H2 0040,NA,0.764,6.05164636,0.06316105436,NA,5.221744969,36.92,7.311,44.15204678,9.07504363,NA,-0.2020811866,40,Subsurface,NA,NA,NA,NA,Doughnut Lake '17,NA,NA
Doughnut Lake,Lake,NA,DNL H2 0060,NA,0.938571429,4.318836156,0.001737263182,0.006,4.134690254,42.69,7.875,35.80850024,7.458143075,NA,-0.2043618768,60,Subsurface,NA,NA,NA,NA,Doughnut Lake '17,NA,NA
Doughnut Lake,Lake,NA,DNL H2 0080,NA,0.37,7.451994924,0.07244802873,0.005,4.623864876,53.79,8.19,63.41161928,28.71621622,NA,0.6267586311,80,Subsurface,NA,NA,NA,NA,Doughnut Lake '17,NA,NA
Doughnut Lake,Lake,NA,DNL H2 0100,NA,1.465,4.816704578,0.2065517524,0.005,6.289387993,38.56,3.951,15.8045977,2.730375427,NA,0.1538589451,100,Subsurface,NA,NA,NA,NA,Doughnut Lake '17,NA,NA
Doughnut Lake,Lake,NA,DNL H2 0120,NA,1.572,6.006992562,0.001323498636,0.005,4.891746217,39.06,7.545,15.57465091,2.544529262,NA,0.02350634949,120,Subsurface,NA,NA,NA,NA,Doughnut Lake '17,NA,NA
Doughnut Lake,Lake,NA,DNL H2 0140,NA,1.558461538,5.69012448,0.001332939182,0.005,5.396450191,38.55,7.215,16.41914191,2.171767029,NA,-0.04244318708,140,Subsurface,NA,NA,NA,NA,Doughnut Lake '17,NA,NA
Doughnut Lake,Lake,NA,DNL H2 0160,NA,1.47,5.057615203,0.001361979818,0.005,4.79468776,41.66,6.83,16.39810427,2.040816327,NA,0.06009230008,160,Subsurface,NA,NA,NA,NA,Doughnut Lake '17,NA,NA
Doughnut Lake,Lake,NA,DNL H2 0180,NA,1.582,4.106371054,0.001366466364,0.005,3.843514884,46.56,6.509,15.40106952,2.022756005,NA,-0.04899059498,180,NA,NA,NA,NA,NA,Doughnut Lake '17,NA,NA
Doughnut Lake,Lake,NA,DNL H2 0199,NA,0.193529412,14.05439816,0.005886927636,0.005,4.600570846,35.9,6.857,80.32296651,26.443769,NA,0.7190760393,199,NA,NA,NA,NA,NA,Doughnut Lake '17,NA,NA
Eagle Lake,Lake,NA,EGL 0020,NA,0.12,17.6012547,0.4449019398,0.0064,5.978800931,104.6,14.28,88.25174825,26.58730159,NA,1.835855466,20,Surface,NA,NA,NA,NA,Eagle Lake '17,NA,NA
Eagle Lake,Lake,NA,EGL 0040,NA,1.038823529,9.853462572,0.6465192435,NA,13.00583319,113.3,16.6,34.92999263,7.587768969,NA,-0.1941275686,40,Subsurface,NA,NA,NA,NA,Eagle Lake '17,NA,NA
Eagle Lake,Lake,NA,EGL 0060,NA,1.012222222,14.52886517,0.3626843089,0.0213,13.04465658,150.3,22.92,37.90047716,11.08671789,NA,-0.2305825312,60,Subsurface,NA,NA,NA,NA,Eagle Lake '17,NA,NA
Eagle Lake,Lake,NA,EGL 0080,NA,1.221111111,9.294500148,0.08349036664,0.005,21.70227091,162.9,30.76,29.64148528,5.732484076,NA,0.1279996007,80,Subsurface,NA,NA,NA,NA,Eagle Lake '17,NA,NA
Eagle Lake,Lake,NA,EGL 0100,NA,1.077894737,19.39689894,0.4117259552,0.0302,32.06811409,203.4,44.75,33.84,7.52,NA,0.2211486811,100,Subsurface,NA,NA,NA,NA,Eagle Lake '17,NA,NA
Eagle Lake,Lake,NA,EGL 0120,NA,0.971666667,25.92056029,0.2429881122,NA,NA,NA,NA,34.42069741,13.03602058,NA,1.114143083,120,Subsurface,NA,NA,NA,NA,Eagle Lake '17,NA,NA
Eagle Lake,Lake,NA,EGL 0140,NA,0.24375,NA,NA,NA,NA,NA,NA,77.43055556,82.05128205,NA,1.058378007,140,Subsurface,NA,NA,NA,NA,Eagle Lake '17,NA,NA
Goldstream Lake,Lake,NA,GSL T1 HC1 0010,NA,0.192222222,NA,NA,NA,NA,NA,NA,80.47404063,18.20809249,NA,26.98216054,10,NA,NA,NA,NA,NA,Goldstream Lake '17,NA,NA
Goldstream Lake,Lake,NA,GSL T1 HC1 0020,NA,0.282,4.023958854,0.08606429036,0.005,2.717636787,150.6,9.068,75.85616438,12.76595745,NA,11.15806808,20,Surface,NA,NA,NA,NA,Goldstream Lake '17,NA,NA
Goldstream Lake,Lake,NA,GSL T1 HC1 0040,NA,1.146,4.274365972,0.1703887223,0.005,6.095271079,254,17.37,33.25567851,3.228621291,NA,0.9308000047,40,Subsurface,NA,NA,NA,NA,Goldstream Lake '17,NA,NA
Goldstream Lake,Lake,NA,GSL T1 HC1 0060,NA,1.056363636,2.691703194,0.07952574118,NA,4.50351239,234,14.16,32.67670915,5.679862306,NA,0.1857776077,60,Subsurface,NA,NA,NA,NA,Goldstream Lake '17,NA,NA
Goldstream Lake,Lake,NA,GSL T1 HC1 0080,NA,1.483478261,1.718366071,0.07859653955,NA,4.542335772,NA,NA,21.56321839,1.934349355,NA,0,80,Subsurface,NA,NA,NA,NA,Goldstream Lake '17,NA,NA
Goldstream Lake,Lake,NA,GSL T1 HC1 0100,NA,1.454054054,1.90520753,0.06207378418,0.005,4.491865375,285.9,17.45,23.03290415,2.50929368,NA,-0.6354116061,100,Subsurface,NA,NA,NA,NA,Goldstream Lake '17,NA,NA
Goldstream Lake,Lake,NA,GSL T1 HC1 0120,NA,1.432727273,2.062660652,0.001462114818,0.005,NA,300.7,20.41,22.8962818,2.347715736,NA,0.01936723888,120,Subsurface,NA,NA,NA,NA,Goldstream Lake '17,NA,NA
Goldstream Lake,Lake,NA,GSL T1 HC1 0140,NA,1.351428571,2.321750959,0.001489286182,0.005,5.862330783,274.9,17.77,24.07704655,2.748414376,NA,0.2656614341,140,Subsurface,NA,NA,NA,NA,Goldstream Lake '17,NA,NA
Killarney Lake,Lake,NA,KLL 0020,NA,0.526666667,6.730962396,0.286481451,0.0103,4.115278563,27.13,6.956,57.9787234,7.594936709,NA,17.71082664,13,Surface,NA,NA,NA,NA,Killarney Lake '17,NA,NA
Killarney Lake,Lake,NA,KLL 0040,NA,1.052727273,5.414754963,0.2649093798,0.0219,3.299987527,22.82,6.094,36.1631753,4.835924007,NA,2.790745157,33,Surface,NA,NA,NA,NA,Killarney Lake '17,NA,NA
Killarney Lake,Lake,NA,KLL 0060,NA,1.231578947,5.514170936,0.1073992295,0.005,3.571751206,21.81,5.729,29.87012987,5.270655271,NA,0.9996992837,53,Subsurface,NA,NA,NA,NA,Killarney Lake '17,NA,NA
Killarney Lake,Lake,NA,KLL 0080,NA,1.034,5.118431737,0.3183360985,0.005,3.105870614,21.69,5.357,34.30749682,5.609284333,NA,-0.4067276169,73,Subsurface,NA,NA,NA,NA,Killarney Lake '17,NA,NA
Killarney Lake,Lake,NA,KLL 0100,NA,1.081395349,5.597450847,0.04210899555,0.005,2.484696491,19.59,5.233,33.18965517,5.161290323,NA,0,93,Subsurface,NA,NA,NA,NA,Killarney Lake '17,NA,NA
Killarney Lake,Lake,NA,KLL 0120,NA,1.377333333,5.41699051,0.2819061211,0.005,3.890102944,20.42,5.162,28.7094548,5.130687318,NA,0.1301949569,113,Subsurface,NA,NA,NA,NA,Killarney Lake '17,NA,NA
Killarney Lake,Lake,NA,KLL 0140,NA,1.289090909,5.416427201,0.001605997727,0.005,2.950577083,19.33,4.68,28.74371859,4.936530324,NA,0.03673520504,133,Subsurface,NA,NA,NA,NA,Killarney Lake '17,NA,NA
Killarney Lake,Lake,NA,KLL 0160,NA,1.138095238,4.404727891,0.002757232545,0.005,3.859044237,21.84,6.152,32.10227273,5.439330544,NA,0.07777877594,153,Subsurface,NA,NA,NA,NA,Killarney Lake '17,NA,NA
Killarney Lake,Lake,NA,KLL 0180,NA,0.74,NA,NA,0.005,2.290579578,19.94,4.015,47.72370487,9.009009009,NA,0.07287823077,173,NA,NA,NA,NA,NA,Killarney Lake '17,NA,NA
PermafrostTunnel_28m,Permafrost,NA,OTL-28m-8/10,NA,0.809,21.65854871,0.08697813121,NA,NA,NA,NA,42.71,7.03,-0.03259452412,0.1708831065,2800,Subsurface,NA,NA,NA,NA,,NA,-0.1907416408
PermafrostTunnel_28m,Permafrost,NA,OTL-28m-10/10,NA,0.809,23.06543457,0.1093906094,NA,NA,NA,NA,41.18,5.92,-0.1907587961,-0.1319164846,2800,Subsurface,NA,NA,NA,NA,,NA,1.446057304
PermafrostTunnel_28m,Permafrost,NA,OTL-28m-9/10,NA,0.809,20.66451292,0.03727634195,NA,NA,NA,NA,39.03,5.52,0,0,2800,Subsurface,NA,NA,NA,NA,,NA,NA
PermafrostTunnel_08m,Permafrost,NA,OTR-8m-8/10,NA,0.809,22.39890438,0.08416334661,NA,NA,NA,NA,29.97,4.07,0,-0.08364994022,800,Subsurface,NA,NA,NA,NA,,NA,0
PermafrostTunnel_08m,Permafrost,NA,OTR-8m-7/10,NA,0.809,22.6802554,0.008349705305,NA,NA,NA,NA,27.12,3.33,0,-0.09822374052,800,Subsurface,NA,NA,NA,NA,,NA,0
PermafrostTunnel_08m,Permafrost,NA,OTR-8m-9/10,NA,0.809,21.14051639,0.008440913605,NA,NA,NA,NA,30.16,4.5,-0.1966392563,0.07377873342,800,Subsurface,NA,NA,NA,NA,,NA,-2.665256602
PermafrostTunnel_43m,Permafrost,NA,OTL-43m-10/10,NA,0.809,26.11617647,0.05637254902,NA,NA,NA,NA,46.62,9.87,0.2926029963,-0.2327308638,4300,Subsurface,NA,NA,NA,NA,,NA,-1.2572591
PermafrostTunnel_43m,Permafrost,NA,OTL-43m-8/10,NA,0.809,27.39068627,0.008333333333,NA,NA,NA,NA,47.98,11.16,-0.1196744854,0.2966067586,4300,Subsurface,NA,NA,NA,NA,,NA,-0.4034786191
PermafrostTunnel_43m,Permafrost,NA,OTL-43m-9/10,NA,0.809,21.4171627,0.008432539683,NA,NA,NA,NA,40.72,8.48,-0.06313131313,0.1893995687,4300,Subsurface,NA,NA,NA,NA,,NA,-0.3333234261
PermafrostTunnel_54m,Permafrost,NA,OTL-54m-8/10,NA,0.809,29.23386296,0.04816285998,NA,NA,NA,NA,35.21,7.19,0.05762581637,0,5400,Subsurface,NA,NA,NA,NA,,NA,NA
PermafrostTunnel_54m,Permafrost,NA,OTL-54m-10/10,NA,0.809,31.74408284,0.09615384615,NA,NA,NA,NA,38.07,8.48,0.05040322581,0,5400,Subsurface,NA,NA,NA,NA,,NA,NA
PermafrostTunnel_54m,Permafrost,NA,OTL-54m-9/10,NA,0.809,28.44713439,0.0266798419,NA,NA,NA,NA,38.8,8.3,0,-0.1921462138,5400,Subsurface,NA,NA,NA,NA,,NA,0
PermafrostTunnel_65m,Permafrost,NA,OTL-65m-7/10,NA,0.809,32.87275449,0.008483033932,NA,NA,NA,NA,38.75,5.94,0,-0.1476667603,6500,Subsurface,NA,NA,NA,NA,,NA,0
PermafrostTunnel_65m,Permafrost,NA,OTL-65m-8/10,NA,0.809,29.5997009,0.008474576271,NA,NA,NA,NA,47.08,9.51,-0.1999059266,0,6500,Subsurface,NA,NA,NA,NA,,NA,NA
PermafrostTunnel_65m,Permafrost,NA,OTL-65m-6/10,NA,0.809,24.81331331,0.5045045045,NA,NA,NA,NA,44.84,6.48,-0.05645889792,0.1140030244,6500,Subsurface,NA,NA,NA,NA,,NA,-0.495240352
PermafrostTunnel_80m,Permafrost,NA,OTL-80m-9/10,NA,0.809,71.04224652,0.2246520875,NA,NA,NA,NA,35.03,8.49,0,0,8000,Subsurface,NA,NA,NA,NA,,NA,NA
PermafrostTunnel_80m,Permafrost,NA,OTL-80m-10/10,NA,0.809,78.25547809,0.327689243,NA,NA,NA,NA,33.82,7.9,-0.2266717038,0.1081037724,8000,Subsurface,NA,NA,NA,NA,,NA,-2.096797353
PermafrostTunnel_80m,Permafrost,NA,OTL-80m-8/10,NA,0.809,40.72544204,0.1483300589,NA,NA,NA,NA,34.86,7.71,0.1052833078,-0.06700666829,8000,Subsurface,NA,NA,NA,NA,,NA,-1.571236274
EldoradoRiparian,Riparian,NA,ED Rip C 1A,NA,NA,0.2285245902,0.1640983607,NA,NA,NA,NA,33.94,4.81,3.455707491,14.73015463,NA,Surface,NA,NA,NA,NA,,NA,0.2346008971
EldoradoRiparian,Riparian,NA,E.D. Rip. C. 1B,NA,NA,1.968350384,0.09159207161,NA,NA,NA,NA,40.26,7.88,1.341184167,2.603711122,NA,Subsurface,NA,NA,NA,NA,,NA,0.5151048273
EldoradoRiparian,Riparian,NA,E.D. Rip. C. 2A,NA,NA,0.294863459,0.005526657997,NA,NA,NA,NA,36.23,6.05,2.508464143,2.453506245,NA,Surface,NA,NA,NA,NA,,NA,1.022399738
EldoradoRiparian,Riparian,NA,E.D. Rip. C. 2B,NA,NA,0.4139114161,0.06347473487,NA,NA,NA,NA,43.45,9.85,1.281371509,0.7475330551,NA,Subsurface,NA,NA,NA,NA,,NA,1.714133576
EldoradoRiparian,Riparian,NA,E.D. Rip. C. 3A,NA,NA,0.3416500333,0.3586161011,NA,NA,NA,NA,38.78,7.1,4.27184466,4.538380932,NA,Surface,NA,NA,NA,NA,,NA,0.9412706258
EldoradoRiparian,Riparian,NA,E.D. Rip. C. 3B,NA,NA,0.3549567532,0.1166001331,NA,NA,NA,NA,37.11,8.06,1.401133501,3.467730881,NA,Subsurface,NA,NA,NA,NA,,NA,0.4040490883
PokerRiparian,Riparian,NA,P.C. Rip. C. 1A,NA,NA,1.260540184,0.1467391304,NA,NA,NA,NA,33.6,7.04,5.423754103,53.4907377,NA,Surface,NA,NA,NA,NA,,NA,0.1013961358
PokerRiparian,Riparian,NA,P.C. Rip. C. 1B,NA,NA,0.4893969516,0.154406892,NA,NA,NA,NA,33.45,6.73,8.122582565,19.87205154,NA,Subsurface,NA,NA,NA,NA,,NA,0.4087440367
PokerRiparian,Riparian,NA,P.C. Rip. C. 2A,NA,NA,0.6937377691,1.032615786,NA,NA,NA,NA,33.86,6.19,2.321374736,15.25064238,NA,Surface,NA,NA,NA,NA,,NA,0.1522148824
PokerRiparian,Riparian,NA,PC Rip C 2B,NA,NA,0.5999335989,NA,NA,NA,NA,NA,30.56,4.37,2.963547646,7.464020451,NA,Subsurface,NA,NA,NA,NA,,NA,0.3970444167
PokerRiparian,Riparian,NA,PC Rip C 3A,NA,NA,1.339,0.6966666667,NA,NA,NA,NA,33.77,8.26,49.85658213,115.926508,NA,Surface,NA,NA,NA,NA,,NA,0.4300705939
PokerRiparian,Riparian,NA,PC Rip C 3B,NA,NA,0.8136543536,0.1617744063,NA,NA,NA,NA,30.31,5.51,4.780676606,21.32461973,NA,Subsurface,NA,NA,NA,NA,,NA,0.2241857846
FrenchRiparian,Riparian,NA,FR Rip C 1A,NA,0.710970416,0.8318882466,0.2495183044,NA,NA,NA,NA,39.97,7,27.24856909,83.73082542,NA,Surface,NA,NA,NA,NA,,NA,0.3254305563
FrenchRiparian,Riparian,NA,FR Rip C 1B,NA,0.871086015,0.3585192698,0.1825557809,NA,NA,NA,NA,44.96,5.02,4.181735986,54.60839288,NA,Subsurface,NA,NA,NA,NA,,NA,0.07657680011
FrenchRiparian,Riparian,NA,FR Rip C 2A,NA,0.710970416,1.151264591,0.04450389105,NA,NA,NA,NA,44.58,13.79,10.42979298,27.12088807,NA,Surface,NA,NA,NA,NA,,NA,0.3845667941
FrenchRiparian,Riparian,NA,FR Rip C 2B,NA,0.871086015,0.6472055888,0.2355289421,NA,NA,NA,NA,38.29,3.7,7.258390619,12.38997499,NA,Subsurface,NA,NA,NA,NA,,NA,0.5858277054
FrenchRiparian,Riparian,NA,FR Rip C 3A,NA,0.710970416,0.7805887764,0.760349586,NA,NA,NA,NA,45.06,6.02,16.0173642,46.82038174,NA,Surface,NA,NA,NA,NA,,NA,0.3421023838
FrenchRiparian,Riparian,NA,FR Rip C 3B,NA,0.871086015,1.36443299,0.2850515464,NA,NA,NA,NA,42.83,5.84,24.62995211,45.18267039,NA,Subsurface,NA,NA,NA,NA,,NA,0.5451194429
GoldstreamRipStdRd,Riparian,NA,GS Rip C 1A,NA,NA,0.5269192423,0.008474576271,NA,NA,NA,NA,34.33,4.41,9.021406728,51.68236114,NA,Surface,NA,NA,NA,NA,,NA,0.1745548487
GoldstreamRipStdRd,Riparian,NA,GS Rip C 1B,NA,NA,0.8527638191,0.008542713568,NA,NA,NA,NA,41.26,7.27,70.60264055,140.0867402,NA,Subsurface,NA,NA,NA,NA,,NA,0.5039923155
GoldstreamRipStdRd,Riparian,NA,GS Rip C 2A,NA,NA,0.1728087649,NA,NA,NA,NA,NA,33.78,4.63,7.008643367,42.90020542,NA,Surface,NA,NA,NA,NA,,NA,0.163370858
GoldstreamRipStdRd,Riparian,NA,GS Rip C 2B,NA,NA,0.2551826259,0.7033563672,NA,NA,NA,NA,33.54,4.63,10.20331325,74.37589655,NA,Subsurface,NA,NA,NA,NA,,NA,0.1371857514
GoldstreamRipStdRd,Riparian,NA,GS Rip C 3A,NA,NA,0.519019019,0.008508508509,NA,NA,NA,NA,31.99,4.86,16.45314788,38.9024685,NA,Surface,NA,NA,NA,NA,,NA,0.4229332613
GoldstreamRipStdRd,Riparian,NA,GS Rip C 3B,NA,NA,0.346042471,0.008204633205,NA,NA,NA,NA,31.03,4.76,4.349800218,31.14338565,NA,Subsurface,NA,NA,NA,NA,,NA,0.1396701138
HappyRiparian,Riparian,NA,HC Rip C 1+2A,NA,NA,5.500492126,0.2278543307,NA,NA,NA,NA,71.6,42.32,40.70229682,109.4412999,NA,Surface,NA,NA,NA,NA,,NA,0.3719098445
HappyRiparian,Riparian,NA,HC Rip C 1B,NA,NA,0.5200601805,0.00852557673,NA,NA,NA,NA,42.25,9.48,13.00302899,197.3256231,NA,Subsurface,NA,NA,NA,NA,,NA,0.06589630271
HappyRiparian,Riparian,NA,HC Rip C 2B,NA,NA,0.1144153226,0.08694556452,NA,NA,NA,NA,41.48,11.62,10.2258202,83.7156908,NA,Subsurface,NA,NA,NA,NA,,NA,0.1221493856
HappyRiparian,Riparian,NA,HC Rip C 3A,NA,NA,1.501005025,0.03768844221,NA,NA,NA,NA,54.4,11.76,244.9587912,356.1005583,NA,Surface,NA,NA,NA,NA,,NA,0.6878921853
HappyRiparian,Riparian,NA,HC Rip C 3B,NA,NA,1.886613387,0.008491508492,NA,NA,NA,NA,41.87,10.56,142.7325581,326.9994555,NA,Subsurface,NA,NA,NA,NA,,NA,0.4364917303
GoldstreamRiparian near BTL,Riparian,NA,GS Rip 1A,NA,0.786857925,2.842507645,0.1941896024,NA,NA,NA,NA,33.33,5.88,11.76966292,14.32488742,NA,Surface,NA,NA,NA,NA,,NA,0.8216234149
GoldstreamRiparian near BTL,Riparian,NA,GS Rip 1B,NA,0.756421371,0.8479145473,0.2293997965,NA,NA,NA,NA,36.14,7.77,54.18961448,130.4531942,NA,Subsurface,NA,NA,NA,NA,,NA,0.4153950756
GoldstreamRiparian near BTL,Riparian,NA,GS Rip 2A,NA,0.786857925,0.2585,0.0085,NA,NA,NA,NA,33.29,5.32,9.499249812,64.88942415,NA,Surface,NA,NA,NA,NA,,NA,0.1463913409
GoldstreamRiparian near BTL,Riparian,NA,GS Rip 2B,NA,0.756421371,0.4164179104,0.008457711443,NA,NA,NA,NA,35.03,5.38,1.602316602,30.53480954,NA,Subsurface,NA,NA,NA,NA,,NA,0.05247508094
GoldstreamRiparian near BTL,Riparian,NA,GS Rip 3A,NA,0.786857925,0.6691321499,0.03402366864,NA,NA,NA,NA,31.35,5.01,1.305697589,10.72080758,NA,Surface,NA,NA,NA,NA,,NA,0.1217909733
GoldstreamRiparian near BTL,Riparian,NA,GS Rip 3B,NA,0.756421371,2.272591857,0.1444885799,NA,NA,NA,NA,44.04,11.98,60.01570211,244.7122157,NA,Subsurface,NA,NA,NA,NA,,NA,0.2452501275
O'Connor Creek Riparian,Riparian,NA,O'C Rip 1A,NA,NA,0.1917740337,0.267839445,NA,NA,NA,NA,34.52,5.59,5.886294028,12.21445662,NA,Surface,NA,NA,NA,NA,,NA,0.4819120664
O'Connor Creek Riparian,Riparian,NA,O'C Rip 1B,NA,NA,1.17257085,0.2317813765,NA,NA,NA,NA,44.62,10.93,56.73854447,169.7502551,NA,Subsurface,NA,NA,NA,NA,,NA,0.3342471823
O'Connor Creek Riparian,Riparian,NA,O'C Rip 2A,NA,NA,0.2469574037,0.6445233266,NA,NA,NA,NA,33.45,5.19,1.920914543,5.066079373,NA,Surface,NA,NA,NA,NA,,NA,0.3791718213
O'Connor Creek Riparian,Riparian,NA,O'C Rip 2B,NA,NA,0.4067540323,0.1454133065,NA,NA,NA,NA,36.98,6.69,4.709856916,22.26852473,NA,Subsurface,NA,NA,NA,NA,,NA,0.2115028711
O'Connor Creek Riparian,Riparian,NA,O'C Rip 3A,NA,NA,0.1129353234,0.008457711443,NA,NA,NA,NA,32.19,5.39,2.472324723,5.993215409,NA,Surface,NA,NA,NA,NA,,NA,0.4125205844
O'Connor Creek Riparian,Riparian,NA,O'C Rip 3B,NA,NA,0.1538076152,0.1763527054,NA,NA,NA,NA,38.58,10.9,4.530678586,22.2180784,NA,Subsurface,NA,NA,NA,NA,,NA,0.2039185615
Moose Creek Riparian,Riparian,NA,MC rip 1A,NA,NA,2.554480652,0.08706720978,NA,NA,NA,NA,41.19,11.85,3.23441503,4.937416259,NA,Surface,NA,NA,NA,NA,,NA,0.6550825088
Moose Creek Riparian,Riparian,NA,MC rip 1B,NA,NA,0.5602226721,0.008603238866,NA,NA,NA,NA,32.76,10.61,1.707726764,2.19329551,NA,Subsurface,NA,NA,NA,NA,,NA,0.7786122553
Moose Creek Riparian,Riparian,NA,MC rip 3A,NA,NA,0.01485,0.0085,NA,NA,NA,NA,33.24,6.46,5.556600226,79.09907125,NA,Surface,NA,NA,NA,NA,,NA,0.07024861529
Moose Creek Riparian,Riparian,NA,MC rip 3B,NA,NA,0.2227319062,0.008664627931,NA,NA,NA,NA,29.16,4.63,2.818021201,11.80699114,NA,Subsurface,NA,NA,NA,NA,,NA,0.2386739491
Moose Creek Riparian,Riparian,NA,MC rip 2A,NA,NA,0.2832167832,0.008491508492,NA,NA,NA,NA,33.72,8.13,5.237377543,20.3277559,NA,Surface,NA,NA,NA,NA,,NA,0.2576466172
Moose Creek Riparian,Riparian,NA,MC rip 2B,NA,NA,0.751476378,0.008366141732,NA,NA,NA,NA,31.09,7.83,3.686302855,4.915345588,NA,Subsurface,NA,NA,NA,NA,,NA,0.7499580221
FrenchSediment,Stream,NA,FR Sed 1,NA,NA,1.063924678,0.008424182359,NA,NA,NA,NA,29.37,2.89,11.44652975,70.3857834,NA,Surface,0.422,5.074,0.422,0.032,,NA,0.1626255927
FrenchSediment,Stream,NA,FR Sed 4,NA,NA,0.5358208955,0.1383084577,NA,NA,NA,NA,30.26,3.14,4.023911492,29.86208425,NA,Surface,0.422,5.074,0.422,0.032,,NA,0.134749854
FrenchSediment,Stream,NA,FR Sed 2,NA,NA,0.3028942116,0.008483033932,NA,NA,NA,NA,36.05,3.92,3.835669782,13.66030338,NA,Surface,0.422,5.074,0.422,0.032,,NA,0.2807895019
FrenchSediment,Stream,NA,FR Sed 3,NA,NA,NA,NA,NA,NA,NA,NA,41.87,4.86,NA,NA,NA,Surface,NA,NA,NA,NA,,NA,NA
O'ConnorSediment,Stream,NA,O'C Sed 3,NA,NA,0.4315944882,0.2871555118,NA,NA,NA,NA,35.86,5.02,1.504854369,7.170027429,NA,Surface,NA,19.898,0.6537,0.029,,NA,0.2098812569
O'ConnorSediment,Stream,NA,O'C Sed 2,NA,NA,3.11553589,0.008357915438,NA,NA,NA,NA,35.52,4.08,1.342217072,3.738526867,NA,Surface,NA,19.898,0.6537,0.029,,NA,0.3590229842
O'ConnorSediment,Stream,NA,O'C Sed 4,NA,NA,1.109081935,0.008390918065,NA,NA,NA,NA,29.26,2.4,1.055713272,2.716340689,NA,Surface,NA,19.898,0.6537,0.029,,NA,0.3886527475
GoldstreamSediment near BTL,Stream,NA,GS Sed 3,NA,NA,0.3850293542,0.00831702544,NA,NA,NA,NA,39.85,4.16,2.972972973,35.43592688,NA,Surface,NA,20.665,0.2381,0.051,,NA,0.08389714153
GoldstreamSediment near BTL,Stream,NA,GS Sed 2,NA,NA,0.6575817641,0.03493557978,NA,NA,NA,NA,40.08,4.74,4.268799335,50.11300288,NA,Surface,NA,20.665,0.2381,0.051,,NA,0.08518346716
GoldstreamSediment near BTL,Stream,NA,GS Sed 1,NA,NA,0.7163225172,0.008357915438,NA,NA,NA,NA,33.24,2.53,1.210879285,20.44209242,NA,Surface,NA,20.665,0.2381,0.051,,NA,0.05923460572
HappySediment,Stream,NA,HC Sed 2,NA,NA,0.279338014,0.5318455366,NA,NA,NA,NA,46.77,7.27,3.327884166,7.095433721,NA,Surface,NA,19.52,0.28355,0.096,,NA,0.4690177228
HappySediment,Stream,NA,HC Sed 3,NA,NA,0.1628486056,0.2382968127,NA,NA,NA,NA,48.08,7.61,4.65060241,109.4367748,NA,Surface,NA,19.52,0.28355,0.096,,NA,0.04249579193
HappySediment,Stream,NA,HC Sed 4,NA,NA,2.459313725,0.08382352941,NA,NA,NA,NA,58.81,13.37,9.246575342,54.5378128,NA,Surface,NA,19.52,0.28355,0.096,,NA,0.1695443009
ElDoradoSediment,Stream,NA,ED Sed 3,NA,NA,0.1118226601,0.008374384236,NA,NA,NA,NA,32.11,2.5,1.337638376,9.931836176,NA,Surface,NA,22.29,0.21755,0.016,,NA,0.1346818808
ElDoradoSediment,Stream,NA,ED Sed 1,NA,NA,1.239861523,0.00840751731,NA,NA,NA,NA,35.42,3.88,0.8704061896,13.5918011,NA,Surface,NA,22.29,0.21755,0.016,,NA,0.0640390617
ElDoradoSediment,Stream,NA,ED Sed 2,NA,NA,0.2782217782,0.008491508492,NA,NA,NA,NA,32.33,2.91,1.062453806,5.936763009,NA,Surface,NA,22.29,0.21755,0.016,,NA,0.178961802
PokerSediment,Stream,NA,PC Sed 1,NA,NA,0.1285,0.075,NA,NA,NA,NA,24.52,1.33,1.046473303,2.719774413,NA,Surface,NA,7.506,0.69185,0,,NA,0.3847647428
PokerSediment,Stream,NA,PC Sed 3,NA,NA,0.1070019724,0.1385601578,NA,NA,NA,NA,26.54,1.58,1.321172861,3.939151296,NA,Surface,NA,7.506,0.69185,0,,NA,0.3353953076
PokerSediment,Stream,NA,PC Sed 4,NA,NA,0.05769230769,0.008382642998,NA,NA,NA,NA,24.49,1.68,1.312728481,7.336181159,NA,Surface,NA,7.506,0.69185,0,,NA,0.1789389401
MooseSediment,Stream,NA,Moose C Sed 1,NA,NA,0.08912386707,0.1442598187,NA,NA,NA,NA,17.61,1.05,0.2957233849,3.384758504,NA,Surface,0.444,18.987,0.186,0.045,,NA,0.08736912385
MooseSediment,Stream,NA,Moose C Sed 2,NA,NA,0.4230009872,0.1806515301,NA,NA,NA,NA,24.58,1.97,1.550066313,19.65396611,NA,Surface,0.444,18.987,0.186,0.045,,NA,0.07886786332
MooseSediment,Stream,NA,Moose C Sed 3,NA,NA,4.30097561,0.008292682927,NA,NA,NA,NA,45.34,6.1,1.993583868,26.53847998,NA,Surface,0.444,18.987,0.186,0.045,,NA,0.07512049934
GSI2,Upland,Intermediate,GSI2 SC 1A,Organic,0.139007782,1.381070367,0.008424182359,NA,NA,NA,NA,75.37,54.47,210.4103343,694.1360641,NA,Surface,NA,NA,NA,NA,,71.4,0.3031254897
GSI2,Upland,Intermediate,GSI2 SC 1B,Mineral,0.784666844,0.2629740519,0.1826347305,NA,NA,NA,NA,27.27,5.13,5.395683453,6.526281365,NA,Subsurface,NA,NA,NA,NA,,71.4,0.8267623094
GSI2,Upland,Intermediate,GSI2 SC 3A,Organic,0.139007782,0.1528884462,0.008466135458,NA,NA,NA,NA,59.27,31.55,76.55582672,325.9433705,NA,Surface,NA,NA,NA,NA,,71.4,0.2348746244
GSI2,Upland,Intermediate,GSI2 SC 3B,Mineral,0.784666844,0.1123762376,0.008415841584,NA,NA,NA,NA,27.04,5.41,0.9215017065,6.652146393,NA,Subsurface,NA,NA,NA,NA,,71.4,0.1385269734
GSI2,Upland,Intermediate,GSI2 SC 4A,Organic,0.139007782,1.345427435,0.008449304175,NA,NA,NA,NA,80.59,59.98,245.9987196,479.9381476,NA,Surface,NA,NA,NA,NA,,71.4,0.5125633809
GSI2,Upland,Intermediate,GSI2 SC 4B,Mineral,0.784666844,0.3328488372,0.3379360465,NA,NA,NA,NA,41.05,14.73,19.46677952,12.09317549,NA,Subsurface,NA,NA,NA,NA,,71.4,1.609732657
GSI1,Upland,Intermediate,GSI1 SC 1+2A,Organic,NA,3.801681503,0.06775469832,NA,NA,NA,NA,58.35,31.65,3.513513514,5.141908865,NA,Surface,NA,NA,NA,NA,,85,0.6833091768
GSI1,Upland,Intermediate,GSI1 SC 1B,Mineral,0.219096784,0.2708920188,0.007981220657,NA,NA,NA,NA,32.27,6.44,6.731120029,22.93134942,NA,Subsurface,NA,NA,NA,NA,,85,0.2935335337
GSI1,Upland,Intermediate,GSI1 SC 2B,Mineral,0.219096784,0.2487969201,0.05341674687,NA,NA,NA,NA,35.58,7.35,5.207932229,14.89056255,NA,Subsurface,NA,NA,NA,NA,,85,0.349747178
GSI1,Upland,Intermediate,GSI1 SC 3+4A,Organic,NA,1.192890995,0.008056872038,NA,NA,NA,NA,54.84,27.63,5.082644628,13.75852128,NA,Surface,NA,NA,NA,NA,,85,0.3694179428
GSI1,Upland,Intermediate,GSI1 SC 3B,Mineral,0.219096784,0.6700483092,0.09927536232,NA,NA,NA,NA,32.15,6.16,17.29582577,24.3078464,NA,Subsurface,NA,NA,NA,NA,,85,0.7115326256
BFY6,Upland,Young,BFY6 SC 4A,Organic,0.120247477,1.6735,0.0305,NA,NA,NA,NA,56.19,29.65,3.007411631,3.606317957,NA,Surface,NA,NA,NA,NA,,38.83333333,0.8339285849
BFY6,Upland,Young,BFY6 SC 4B,Mineral,0.806892118,0.3208530806,2.735545024,NA,NA,NA,NA,26.96,4.86,0.4871794872,0.1894002478,NA,Subsurface,NA,NA,NA,NA,,38.83333333,2.572222016
BFY6,Upland,Young,BFY6 SC 3A,Organic,0.120247477,1.8585,0.0085,NA,NA,NA,NA,60.05,29.19,1.359375,2.07988841,NA,Surface,NA,NA,NA,NA,,38.83333333,0.653580737
BFY6,Upland,Young,BFY6 SC 3B,Mineral,0.806892118,0.01455882353,0.05931372549,NA,NA,NA,NA,25.93,4.42,-0.6876886951,0.2212295896,NA,Subsurface,NA,NA,NA,NA,,38.83333333,-3.10848425
BFY6,Upland,Young,BFY6 SC 2A,Organic,0.120247477,0.01482035928,0.008483033932,NA,NA,NA,NA,66.94,37.86,-1.89107413,0.9532206885,NA,Surface,NA,NA,NA,NA,,38.83333333,-1.983878605
BFY6,Upland,Young,BFY6 SC 2B,Mineral,0.806892118,2.797487437,0.008542713568,NA,NA,NA,NA,27.89,5.34,1.296554125,1.444169644,NA,Subsurface,NA,NA,NA,NA,,38.83333333,0.8977851946
BFY4,Upland,Young,BFY4 SC 3A,Organic,NA,4.164335664,0.06043956044,NA,NA,NA,NA,71.55,53.3,22.15162138,73.35680901,NA,Surface,NA,NA,NA,NA,,16.375,0.3019708965
BFY4,Upland,Young,BFY4 SC 3B,Mineral,NA,0.4593657086,0.008424182359,NA,NA,NA,NA,50.92,16.65,7.641365257,68.05468766,NA,Subsurface,NA,NA,NA,NA,,16.375,0.1122827173
BFY4,Upland,Young,BFY4 SC 2A,Organic,NA,5.112823062,1.257455268,NA,NA,NA,NA,75.96,61.18,67.79442149,170.5216877,NA,Surface,NA,NA,NA,NA,,16.375,0.3975706692
BFY4,Upland,Young,BFY4 SC 2B,Mineral,NA,0.7235649547,0.008559919436,NA,NA,NA,NA,53.73,21.28,22.70021645,88.31817622,NA,Subsurface,NA,NA,NA,NA,,16.375,0.2570276858
BFY4,Upland,Young,BFY4 SC 1A,Organic,NA,3.95663011,0.008474576271,NA,NA,NA,NA,70.6,51.38,26.17421008,71.23226751,NA,Surface,NA,NA,NA,NA,,16.375,0.367448784
BFY4,Upland,Young,BFY4 SC 1B,Mineral,NA,0.4001004016,0.008534136546,NA,NA,NA,NA,44.55,14.79,6.659142212,13.67860347,NA,Subsurface,NA,NA,NA,NA,,16.375,0.4868290996
UP4C,Upland,Mature,UP4C SC 3A,Organic,NA,0.7597014925,2.176119403,NA,NA,NA,NA,65.1,20.76,7.419354839,11.83326238,NA,Surface,NA,NA,NA,NA,,47.4,0.6269914924
GSM3,Upland,Mature,GSM3 SC 2A,Organic,0.015280408,1.363955823,0.008534136546,NA,NA,NA,NA,92.62,86.43,8.898305085,22.66428847,NA,Surface,NA,NA,NA,NA,,96.42857143,0.3926134763
UP4C,Upland,Mature,UP4C SC 1+2+4A,Organic,NA,1.275948104,0.008483033932,NA,NA,NA,NA,87.15,67.54,5.058365759,7.998231116,NA,Surface,NA,NA,NA,NA,,47.4,0.632435558
GSM3,Upland,Mature,GSM3 SC 4A,Organic,0.015280408,0.87111334,0.00852557673,NA,NA,NA,NA,93.19,89.85,67.37132353,151.6355902,NA,Surface,NA,NA,NA,NA,,96.42857143,0.4442975651
UP4C,Upland,Mature,UP4C SC 1+2+4A (2),Organic,NA,1.512232416,0.008664627931,NA,NA,NA,NA,88.28,70.8,40.8993576,229.5458555,NA,Surface,NA,NA,NA,NA,,47.4,0.178175108
GSM3,Upland,Mature,GSM3 SC 3A,Organic,0.015280408,0.6681547619,0.008432539683,NA,NA,NA,NA,93.96,90.65,12.2406639,23.12717509,NA,Surface,NA,NA,NA,NA,,96.42857143,0.5292762238
GSI3,Upland,Intermediate,GSI3 SC 1B,Mineral,NA,0.01480558325,0.008474576271,NA,NA,NA,NA,18.76,2.76,1.465173366,5.225364946,NA,Subsurface,NA,NA,NA,NA,,124,0.2803963706
GSI3,Upland,Intermediate,GSI3 SC 1+2+3A rep1,Organic,NA,1.174674675,0.008508508509,NA,NA,NA,NA,50.68,28.29,1.101265823,1.741629972,NA,Surface,NA,NA,NA,NA,,124,0.6323190578
GSI3,Upland,Intermediate,GSI3 SC 2B,Mineral,NA,0.01463054187,0.008374384236,NA,NA,NA,NA,20.89,2.81,1.142451938,1.647838923,NA,Subsurface,NA,NA,NA,NA,,124,0.6933031633
GSI3,Upland,Intermediate,GSI3 SC 1+2+3A rep2,Organic,NA,1.40772317,0.06970912738,NA,NA,NA,NA,50.68,28.29,0.937183384,1.606107741,NA,Surface,NA,NA,NA,NA,,124,0.5835121518
GSI3,Upland,Intermediate,GSI3 SC 1+2+3A rep3,Organic,NA,1.407575758,0.008585858586,NA,NA,NA,NA,50.68,28.29,0.7472137791,1.676921601,NA,Surface,NA,NA,NA,NA,,124,0.4455865908
GSI3,Upland,Intermediate,GSI3 SC 3B,Mineral,NA,0.01457311089,0.008341511286,NA,NA,NA,NA,19.91,2.79,1.245330012,1.516425181,NA,Subsurface,NA,NA,NA,NA,,124,0.8212274685
GSI3,Upland,Intermediate,GSI3 SC 4A,Organic,NA,NA,NA,NA,NA,NA,NA,50.68,28.29,NA,NA,NA,Surface,NA,NA,NA,NA,,124,NA
GSI3,Upland,Intermediate,GSI3 SC 4B,Mineral,NA,NA,NA,NA,NA,NA,NA,20.49,2.6,NA,NA,NA,Subsurface,NA,NA,NA,NA,,124,NA
GSM1,Upland,Mature,GSM1 SC 2A,Organic,NA,0.870240481,0.5157815631,NA,NA,NA,NA,80.28,75.8,24.20886076,12.45906665,NA,Surface,NA,NA,NA,NA,,52.4,1.943071776
GSM1,Upland,Mature,GSM1 SC 2B,Mineral,NA,0.1860809477,0.008390918065,NA,NA,NA,NA,33.95,10.77,7.775255392,2.322149749,NA,Subsurface,NA,NA,NA,NA,,52.4,3.348300597
GSM1,Upland,Mature,GSM1 SC 4A,Organic,NA,1.084637965,0.2668786693,NA,NA,NA,NA,78.36,62.31,8.054272517,1.572483989,NA,Surface,NA,NA,NA,NA,,52.4,5.122006059
GSM1,Upland,Mature,GSM1 SC 4B,Mineral,NA,0.1026785714,0.008432539683,NA,NA,NA,NA,29.66,7.47,1.173124778,0.8723012615,NA,Subsurface,NA,NA,NA,NA,,52.4,1.344861953
TRM1,Upland,Mature,TRM1 SC 3A,Organic,NA,0.2411526795,0.3159757331,NA,NA,NA,NA,70.89,58.83,2.782571182,3.525994369,NA,Surface,NA,NA,NA,NA,,68.42857143,0.7891592812
TRM1,Upland,Mature,TRM1 SC 3B,Mineral,NA,0.1641566265,0.391064257,NA,NA,NA,NA,45.89,19.95,1.798892989,0.7157847874,NA,Subsurface,NA,NA,NA,NA,,68.42857143,2.513175777
TRM1,Upland,Mature,TRM1 SC 2B,Mineral,NA,0.1631736527,0.255988024,NA,NA,NA,NA,45.74,19.72,2.263327206,1.314978665,NA,Subsurface,NA,NA,NA,NA,,68.42857143,1.721189298
TRM1,Upland,Mature,TRM1 SC 2A,Organic,NA,0.8026973027,0.6598401598,NA,NA,NA,NA,80.5,74.33,10.66411239,15.46570304,NA,Surface,NA,NA,NA,NA,,68.42857143,0.6895329853
TRM1,Upland,Mature,TRM1 SC 1A,Organic,NA,0.5104373757,0.3322564612,NA,NA,NA,NA,73.78,55.66,7.357142857,15.07754023,NA,Surface,NA,NA,NA,NA,,68.42857143,0.4879537873
TRM1,Upland,Mature,TRM1 SC 1B,Mineral,NA,0.0728444004,0.1907829534,NA,NA,NA,NA,34.9,12.06,1.314779271,1.680699912,NA,Subsurface,NA,NA,NA,NA,,68.42857143,0.7822807993
GSM2,Upland,Mature,GSM2 SC 4A,Organic,NA,0.2678746327,0.08423114594,NA,NA,NA,NA,60.71,42.78,11,7.412373518,NA,Surface,NA,NA,NA,NA,,57.8,1.484005086
GSM2,Upland,Mature,GSM2 SC 4B,Mineral,NA,0.2923306773,3.766932271,NA,NA,NA,NA,37.22,14.89,1.553225168,3.219790456,NA,Subsurface,NA,NA,NA,NA,,57.8,0.4823994572
GSM2,Upland,Mature,GSM2 SC 3A,Organic,NA,0.4244421907,0.2005578093,NA,NA,NA,NA,69.22,64.35,2.978119935,3.394998693,NA,Surface,NA,NA,NA,NA,,57.8,0.8772079769
GSM2,Upland,Mature,GSM2 SC 2A,Organic,NA,0.3191382766,1.346442886,NA,NA,NA,NA,54.86,33.68,2.505537099,3.313206246,NA,Surface,NA,NA,NA,NA,,57.8,0.7562273256
GSM1,Upland,Mature,GSM1 SC 1A,Organic,NA,1.169021191,0.3181130172,NA,NA,NA,NA,79.79,71.16,21.16336634,226.9411432,NA,Surface,NA,NA,NA,NA,,52.4,0.09325486792
LGI2,Upland,Intermediate,LGI2 SC 1A,Organic,NA,0.9561491935,0.008568548387,NA,NA,NA,NA,45.26,21.09,15.34090909,8.982633303,NA,Surface,NA,NA,NA,NA,,35.85714286,1.707840961
LGI2,Upland,Intermediate,LGI2 SC 1B,Mineral,NA,0.06856856857,0.2047047047,NA,NA,NA,NA,24.67,4.61,4.522862823,3.099270754,NA,Subsurface,NA,NA,NA,NA,,35.85714286,1.459331301
LGI2,Upland,Intermediate,LGI2 SC 3B,Mineral,NA,0.2307312253,0.08596837945,NA,NA,NA,NA,21.23,3.98,2.080012751,2.183177266,NA,Subsurface,NA,NA,NA,NA,,35.85714286,0.9527456994
LGI2,Upland,Intermediate,LGI2 SC 3A,Organic,NA,1.791708292,0.5714285714,NA,NA,NA,NA,52.73,33.71,27.13075701,13.33408567,NA,Surface,NA,NA,NA,NA,,35.85714286,2.034691968
LGI2,Upland,Intermediate,LGI2 SC 4A,Organic,NA,1.036909449,0.3031496063,NA,NA,NA,NA,42.12,20.27,19.51848667,6.608546471,NA,Surface,NA,NA,NA,NA,,35.85714286,2.953521891
LGI2,Upland,Intermediate,LGI2 SC 4B,Mineral,NA,0.5748768473,0.2822660099,NA,NA,NA,NA,21.39,3.82,2.456140351,2.72039254,NA,Subsurface,NA,NA,NA,NA,,35.85714286,0.9028624784
TRM4,Upland,Mature,TRM4 SC 2A,Organic,NA,1.1985,0.0455,NA,NA,NA,NA,85.47,85.58,1.549053356,2.582106183,NA,Surface,NA,NA,NA,NA,,55.8,0.599918534
TRM4,Upland,Mature,TRM4 SC 3A,Organic,NA,1.304804805,0.008508508509,NA,NA,NA,NA,67.88,35.87,6.17211838,4.768863233,NA,Surface,NA,NA,NA,NA,,55.8,1.294253594
TRM4,Upland,Mature,TRM4 SC 4A,Organic,NA,2.77960199,0.008457711443,NA,NA,NA,NA,82.05,79.31,4.311543811,4.915487378,NA,Surface,NA,NA,NA,NA,,55.8,0.8771345503
YRM1,Upland,Mature,YRM1 SC 1A,Organic,NA,2.36693148,0.2159880834,NA,NA,NA,NA,58.52,41.24,3.670634921,6.157914139,NA,Surface,NA,NA,NA,NA,,58.2,0.5960841346
YRM1,Upland,Mature,YRM1 SC 1B,Mineral,NA,0.01464497041,0.03476331361,NA,NA,NA,NA,24.5,4.42,0.156455863,0,NA,Subsurface,NA,NA,NA,NA,,58.2,NA
YRM1,Upland,Mature,YRM1 SC 3A,Organic,NA,5.532553408,0.008646998983,NA,NA,NA,NA,67.78,74.06,5.3650935,4.312257169,NA,Surface,NA,NA,NA,NA,,58.2,1.244149709
YRM1,Upland,Mature,YRM1 SC 3B,Mineral,NA,0.1747230614,0.1800100705,NA,NA,NA,NA,40.72,11.63,2.982233503,52.41379855,NA,Subsurface,NA,NA,NA,NA,,58.2,0.05689787013
YRM1,Upland,Mature,YRM1 SC 4A,Organic,NA,4.109189723,0.3540019763,NA,NA,NA,NA,63.98,53.87,2.298050139,2.826893986,NA,Surface,NA,NA,NA,NA,,58.2,0.8129240612
YRM1,Upland,Mature,YRM1 SC 4B,Mineral,NA,0.01495468278,0.008559919436,NA,NA,NA,NA,29.63,6.27,2.951141227,9.890635558,NA,Subsurface,NA,NA,NA,NA,,58.2,0.2983773095
UP4C,Upland,Mature,UP4C SC 2B,Mineral,NA,0.3685,0.0085,NA,NA,NA,NA,40.21,10.29,5.087572977,8.66126062,NA,Subsurface,NA,NA,NA,NA,,47.4,0.5873940528
UP4C,Upland,Mature,UP4C SC 1B,Mineral,NA,0.2926221336,0.008474576271,NA,NA,NA,NA,45.06,12.83,6.244302644,12.34864839,NA,Subsurface,NA,NA,NA,NA,,47.4,0.5056668915
UP4C,Upland,Mature,UP4C SC 4B,Mineral,NA,0.1994974874,0.2932160804,NA,NA,NA,NA,36.2,7.91,1.09294998,3.344921617,NA,Subsurface,NA,NA,NA,NA,,47.4,0.3267490559
UP4C,Upland,Mature,UP4C SC 3B,Mineral,NA,0.2085,0.2425,NA,NA,NA,NA,36.72,7.68,3.206650831,7.400093061,NA,Subsurface,NA,NA,NA,NA,,47.4,0.433325744
Moose Creek,Upland,Mature,MC SC 1A,Organic,NA,2.962760675,0.1678252234,NA,NA,NA,NA,42.31,27.48,3.200954861,4.527949739,NA,Surface,NA,NA,NA,NA,,NA,0.7069325072
Moose Creek,Upland,Mature,MC SC 1B,Mineral,NA,1.096173212,0.1198388721,NA,NA,NA,NA,25.75,17.42,4.804450438,4.798976071,NA,Subsurface,NA,NA,NA,NA,,NA,1.001140737
Moose Creek,Upland,Mature,MC SC 2+3A,Organic,NA,0.3769920319,0.124501992,NA,NA,NA,NA,49.87,56.25,1.981555334,3.431842356,NA,Surface,NA,NA,NA,NA,,NA,0.5774027849
Moose Creek,Upland,Mature,MC SC 2+3B,Mineral,NA,13.47114428,0.4537313433,NA,NA,NA,NA,29.94,11.88,1.248913988,1.390173571,NA,Subsurface,NA,NA,NA,NA,,NA,0.898387089
BFY13,Upland,Young,BFY13 SC 1A,Organic,0.129737206,2.736336032,0.7844129555,NA,NA,NA,NA,71.48,55.23,40.81588133,60.03440308,NA,Surface,NA,NA,NA,NA,,47.2,0.679874859
BFY13,Upland,Young,BFY13 SC 1B,Mineral,0.776551935,0.01464497041,0.3007889546,NA,NA,NA,NA,23.83,3.97,1.221311475,1.783356134,NA,Subsurface,NA,NA,NA,NA,,47.2,0.6848388004
BFY13,Upland,Young,BFY13 SC 2A,Organic,0.129737206,2.565934066,0.008491508492,NA,NA,NA,NA,67.41,47.71,15.92649311,27.34484596,NA,Surface,NA,NA,NA,NA,,47.2,0.5824312607
BFY13,Upland,Young,BFY13 SC 2B,Mineral,0.776551935,0.01483516484,0.008491508492,NA,NA,NA,NA,23.7,4.04,1.432547479,1.666824693,NA,Subsurface,NA,NA,NA,NA,,47.2,0.8594469981
BFY13,Upland,Young,BFY13 SC 4A,Organic,0.129737206,1.553641732,0.4084645669,NA,NA,NA,NA,69.95,52.05,17.0746888,22.86406839,NA,Surface,NA,NA,NA,NA,,47.2,0.7467913631
BFY13,Upland,Young,BFY13 SC 4B,Mineral,0.776551935,0.03823237339,0.008440913605,NA,NA,NA,NA,29.17,5.77,2.355328158,3.273706421,NA,Subsurface,NA,NA,NA,NA,,47.2,0.7194683504
BFY7,Upland,Young,BFY7 SC 1+2A,Organic,NA,1.116267465,0.08383233533,NA,NA,NA,NA,67.53,32.34,16.94850115,50.27627363,NA,Surface,NA,NA,NA,NA,,80.8,0.3371073457
BFY7,Upland,Young,BFY7 SC 1+2B,Mineral,NA,0.1146464646,0.008585858586,NA,NA,NA,NA,41.7,14.41,5.497213888,10.43230472,NA,Subsurface,NA,NA,NA,NA,,80.8,0.5269414608
BFY7,Upland,Young,BFY7 SC 3A,Organic,NA,1.749746193,0.008629441624,NA,NA,NA,NA,80.45,65.94,7.926829268,12.17365498,NA,Surface,NA,NA,NA,NA,,80.8,0.651146207
BFY7,Upland,Young,BFY7 SC 3B,Mineral,NA,0.01496975806,0.008568548387,NA,NA,NA,NA,33.53,8.76,7.85069575,7.818620607,NA,Subsurface,NA,NA,NA,NA,,80.8,1.004102404