Date,Fire Name,Site Name,Observers,Weather,Cohort #,Species,Tree #,Ht of Core (cm),DCH (cm),DBH (cm),Cookie/Core?,Condition of Core,Fire Scar?,Times Counted?,Age 1,Age 2,Age 3,Avg,Feild Notes,Counting Notes,Age Notes
8/16/11,Big Denver,BD-1,CN,sunny,1,BENE,1,14,6.1,4.4,core,good,no,1,34,,,34,,hard to see pith,
8/16/11,Big Denver,BD-1,CN,sunny,1,BENE,2,19.3,12,8.2,core,good,no,1,31,,,31,,,
8/16/11,Big Denver,BD-1,CN,sunny,1,BENE,3,15.5,9.5,6.2,core,good,no,1,31,,,31,,,
8/16/11,Big Denver,BD-1,CN,sunny,1,BENE,4,22.3,12.3,7,core,good,no,1,32,,,32,,,
8/16/11,Big Denver,BD-1,CN,sunny,1,BENE,5,19,9,5.5,core,good,no,0,,,,#DIV/0!,,"incomplete core, on same mount with BD1PM2-4",TRASH
8/16/11,Big Denver,BD-1,CN,sunny,2,PIMA,1,25/21.3,20.5/23,13.2,core,not very good,no,1,33,,,33,BIG TREE- took two cores to make sure I got pith,,"both way off pith, only counted one"
8/16/11,Big Denver,BD-1,CN,sunny,2,PIMA,2,22.5,6.3,4.9,core,good,no,2,23,25,,24,,,
8/16/11,Big Denver,BD-1,CN,sunny,2,PIMA,3,20.3,3,2.5,core,good,no,2,25,24,,24.5,,core broken before pith,
8/16/11,Big Denver,BD-1,CN,sunny,2,PIMA,4,24,4,3.3,core,good,no,1,31,,,31,,,
8/16/11,Big Denver,BD-1,CN,sunny,2,PIMA,5,23.2,5.3,4,core,good,no,0,,,,#DIV/0!,incomplete core… not mounted,,
8/16/11,Big Denver,BD-1,CN,sunny,3,PIMA,1,10,2.2,<DBH,cookie,good,no,1,27,,,27,,,
8/16/11,Big Denver,BD-1,CN,sunny,3,PIMA,2,10,2.4,<DBH,cookie,good,no,3,25,29,28,27.33333333,,,
8/16/11,Big Denver,BD-1,CN,sunny,3,PIMA,3,10,2.7,<DBH,cookie,good,no,1,32,,,32,,,
8/16/11,Big Denver,BD-1,CN,sunny,3,PIMA,4,10,2.3,<DBH,cookie,good,no,1,28,,,28,,,
8/16/11,Big Denver,BD-1,CN,sunny,3,PIMA,5,10,1.2,<DBH,cookie,good,no,0,,,,#DIV/0!,,missing,
8/16/11,Big Denver,BD-1,CN,sunny,5,CBSNBC,1,35,11.4,8.4,cookie,good,yes,2,72,74,,73,,,
8/17/11,Big Denver,BD-10,BC,partly sunny,1,BENE,1,10,10.5,6.6,core,good,no,1,33,,,33,,,
8/17/11,Big Denver,BD-10,BC,partly sunny,1,BENE,2,10,11.2,7.1,core,good,no,0,,,,#DIV/0!,,can't see pith,TRASH
8/17/11,Big Denver,BD-10,BC,partly sunny,1,BENE,3,10,7.3,4.9,core,good,no,1,30,,,30,,few years off pith,
8/17/11,Big Denver,BD-10,BC,partly sunny,1,BENE,4,10,11.3,7.2,core,good,no,1,34,,,34,,few years off pith,
8/17/11,Big Denver,BD-10,BC,partly sunny,1,BENE,5,10,7.9,5.3,core,good,no,1,34,,,34,,,
8/17/11,Big Denver,BD-10,BC,partly sunny,2,PICEASP,1,10,7.6,6.2,core,good,no,1,37,,,37,,,
8/17/11,Big Denver,BD-10,BC,partly sunny,2,PICEASP,2,10,7.5,5.9,core,good,no,1,32,,,32,,,
8/17/11,Big Denver,BD-10,BC,partly sunny,2,PICEASP,3,10,7.1,5.2,core,good,no,0,,,,#DIV/0!,,,TRASH
8/17/11,Big Denver,BD-10,BC,partly sunny,2,PICEASP,4,10,11.3,8.7,core,good,no,1,36,,,36,,,
8/17/11,Big Denver,BD-10,BC,partly sunny,2,PICEASP,5,10,8.9,7.1,core,good,no,1,34,,,34,,,
8/17/11,Big Denver,BD-10,BC,partly sunny,3,PICEASP,1,10,1.4,<DBH,cookie,good,no,2,22,21,,21.5,,,
8/17/11,Big Denver,BD-10,BC,partly sunny,3,PICEASP,2,10,1.6,<DBH,cookie,good,no,2,31,32,,31.5,,,
8/17/11,Big Denver,BD-10,BC,partly sunny,3,PICEASP,3,10,2.5,<DBH,cookie,good,no,2,23,23,,23,,,
8/17/11,Big Denver,BD-10,BC,partly sunny,3,PICEASP,4,10,2.8,<DBH,cookie,good,no,2,30,30,,30,,,
8/17/11,Big Denver,BD-10,BC,partly sunny,3,PICEASP,5,10,1.7,<DBH,cookie,good,no,2,29,30,,29.5,,,
8/17/11,Big Denver,BD-10,BC,partly sunny,4,CBSNBC,1,15,7.2,5,cookie,good,no,2,70,69,,69.5,,,
8/17/11,Big Denver,BD-10,BC,partly sunny,4,CBSNBC,2,20,7.9,5.9,cookie,good,no,2,70,72,,71,,,
8/16/11,Big Denver,BD-11,BC,sunny,1,POTR,1,14,12,10.2,core,good,no,2,34,36,,35,,,
8/16/11,Big Denver,BD-11,BC,sunny,1,POTR,2,14,11.4,9.7,core,good,no,2,40,38,,39,,,
8/16/11,Big Denver,BD-11,BC,sunny,1,POTR,3,16,13,10.4,core,good,no,2,35,37,,36,,,
8/16/11,Big Denver,BD-11,BC,sunny,1,POTR,4,18,14,10.7,core,good,no,1,39,,,39,,,
8/16/11,Big Denver,BD-11,BC,sunny,1,POTR,5,20,14.2,11.8,core,good,no,1,38,,,38,,really hard to tell where pith is,
8/16/11,Big Denver,BD-11,BC,sunny,2,BENE,1,10,7.1,4.7,core,good,no,0,,,,#DIV/0!,,can't tell where pith is,TRASH
8/16/11,Big Denver,BD-11,BC,sunny,2,BENE,2,16,13.8,8.9,core,good,no,1,32,,,32,,scar at pith,
8/16/11,Big Denver,BD-11,BC,sunny,2,BENE,3,15,11.5,8.5,core,good,no,1,32,,,32,,,
8/16/11,Big Denver,BD-11,BC,sunny,2,BENE,4,12,13.2,8,core,good,no,1,34,,,34,,,
8/16/11,Big Denver,BD-11,BC,sunny,2,BENE,5,12,13.5,8.9,core,good,no,1,28,,,28,,really hard to read,
8/16/11,Big Denver,BD-11,BC,sunny,3,PIMA,1,16,2.7,1.3,cookie,good,no,1,32,,,32,,,
8/16/11,Big Denver,BD-11,BC,sunny,3,PIMA,2,15,3.7,1.4,cookie,good,no,1,33,,,33,,,
8/16/11,Big Denver,BD-11,BC,sunny,3,PIMA,3,12,2.4,1.1,cookie,good,no,2,31,32,,31.5,,,
8/16/11,Big Denver,BD-11,BC,sunny,3,PIMA,4,12,4.4,2.2,cookie,good,no,1,32,,,32,,,
8/16/11,Big Denver,BD-11,BC,sunny,3,PIMA,5,15,3.8,1.9,cookie,good,no,1,36,,,36,,,
8/16/11,Big Denver,BD-2,BC,partly sunny,1,BENE,1,20,9.8,7.2,core,good,no,1,40,,,40,,,
8/16/11,Big Denver,BD-2,BC,partly sunny,1,BENE,2,20,12.7,8.2,core,good,no,1,36,,,36,,,
8/16/11,Big Denver,BD-2,BC,partly sunny,1,BENE,3,18,9.5,6.5,core,good,no,1,38,,,38,,beginning is really hard to read,
8/16/11,Big Denver,BD-2,BC,partly sunny,1,BENE,4,20,10.5,7.3,core,good,no,1,39,,,39,,,
8/16/11,Big Denver,BD-2,BC,partly sunny,1,BENE,5,18,12.9,8.7,core,good,no,1,36,,,36,,,
8/16/11,Big Denver,BD-2,BC,partly sunny,2,PIMA,1,13,2.3,<DBH,cookie,good,no,1,29,,,29,,,
8/16/11,Big Denver,BD-2,BC,partly sunny,2,PIMA,2,13,2.3,<DBH,cookie,good,no,1,28,,,28,,,
8/16/11,Big Denver,BD-2,BC,partly sunny,2,PIMA,3,13,1.5,<DBH,cookie,good,no,1,25,,,25,,,
8/16/11,Big Denver,BD-2,BC,partly sunny,2,PIMA,4,13,1.5,<DBH,cookie,good,no,2,29,32,,30.5,,,
8/16/11,Big Denver,BD-2,BC,partly sunny,2,PIMA,5,13,1.2,<DBH,cookie,good,no,3,13,16,17,15.33333333,,teeny tiny core,
8/16/11,Big Denver,BD-2,BC,partly sunny,4,POTR,1,20,14.9,11.5,core,good,no,2,32,32,,32,,labeled PT3 on cores and in J2X,
8/16/11,Big Denver,BD-2,BC,partly sunny,4,POTR,2,20,9.4,7.7,core,good,no,2,36,38,,37,,labeled PT3 on cores and in J2X,
8/16/11,Big Denver,BD-2,BC,partly sunny,4,POTR,3,19,8.8,7.6,core,good,no,2,29,31,,30,,labeled PT3 on cores and in J2X,
8/16/11,Big Denver,BD-2,BC,partly sunny,4,POTR,4,18,7.8,7.3,core,good,no,2,26,26,,26,,"beginning broken, definitely lost some years; labeled PT3 on cores and in J2X",
8/16/11,Big Denver,BD-2,BC,partly sunny,4,POTR,5,20,11.2,9.6,core,good,no,2,34,32,,33,,labeled PT3 on cores and in J2X,
8/16/11,Big Denver,BD-2,BC,partly sunny,5,PIMA,1,60,15.7,20,core,good,no,2,43,42,,42.5,fire residuals,,#1 and 2 maybe not residuals?
8/16/11,Big Denver,BD-2,BC,partly sunny,5,POTR,2,140,24.2,24.2,core,rotten- growth since fire!,no,2,37,40,,38.5,fire residuals,"couldn't see pith, called PM2-2 even though this is a POTR",#1 and 2 maybe not residuals?
8/16/11,Big Denver,BD-2,BC,partly sunny,5,PIMA,3,47,17.1,15.8,core,good,no,2,77,80,,78.5,fire residuals,,
8/16/11,Big Denver,BD-2,BC,partly sunny,5,PIMA,4,33,20.6,17.2,core,good,no,2,56,60,,58,fire residuals,,
8/15/11,Big Denver,BD-3,CN,very nice,1,BENE,1,9.3,12.9,11,core,good,no,1,32,,,32,,,
8/15/11,Big Denver,BD-3,CN,very nice,1,BENE,2,13,10.3,7.3,core,good,no,2,34,35,,34.5,,,
8/15/11,Big Denver,BD-3,CN,very nice,1,BENE,3,9.1,9.5,6.4,core,some rot at pith,no,1,32,,,32,,,
8/15/11,Big Denver,BD-3,CN,very nice,1,BENE,4,11,6,4.5,core,good,no,1,30,,,30,,,
8/15/11,Big Denver,BD-3,CN,very nice,1,BENE,5,11.1,11,8.1,core,good,no,1,35,,,35,,,
8/15/11,Big Denver,BD-3,CN,very nice,2,POTR,1,13.5,13.8,9.2,core,good,no,1,33,,,33,,,
8/15/11,Big Denver,BD-3,CN,very nice,2,POTR,2,10.2,6.5,5.9,core,good,no,1,27,,,27,,way off pith,
8/15/11,Big Denver,BD-3,CN,very nice,2,POTR,3,10.3,7.1,6.9,core,good,no,1,35,,,35,,,
8/15/11,Big Denver,BD-3,CN,very nice,2,POTR,4,10,9,7,core,some rot at pith,no,1,37,,,37,,very nice pith,
8/15/11,Big Denver,BD-3,CN,very nice,2,POTR,5,7,7,6,core,rot in pith,no,1,30,,,30,,way off pith,
8/15/11,Big Denver,BD-3,CN,very nice,3,PICEASP,1,10.3,4.4,3.4,core,good,no,2,18,18,,18,PICGLA,,
8/15/11,Big Denver,BD-3,CN,very nice,3,PICEASP,2,8,5.5,4.7,core,good,no,2,19,20,,19.5,PICGLA,,
8/15/11,Big Denver,BD-3,CN,very nice,3,PICEASP,3,8,4.3,3.4,core,good,no,2,30,30,,30,PICMAR,,
8/15/11,Big Denver,BD-3,CN,very nice,3,PICEASP,4,7.5,6.2,4,core,good,no,2,26,24,,25,PICMAR,,
8/15/11,Big Denver,BD-3,CN,very nice,3,PICEASP,5,11,5,3.9,core,good,no,2,32,29,,30.5,PICMAR,,
8/15/11,Big Denver,BD-3,CN,very nice,4,PICEASP,1,5,3,<DBH,cookie,good,no,1,30,,,30,PICMAR,,
8/15/11,Big Denver,BD-3,CN,very nice,4,PICEASP,2,5,2.7,<DBH,cookie,good,no,1,33,,,33,PICMAR,,
8/15/11,Big Denver,BD-3,CN,very nice,4,PICEASP,3,5,2.2,<DBH,cookie,good,no,1,35,,,35,PICGLA,,
8/15/11,Big Denver,BD-3,CN,very nice,4,PICEASP,4,5,2.2,<DBH,cookie,good,no,1,31,31,,31,PICMAR,,
8/15/11,Big Denver,BD-3,CN,very nice,4,PICEASP,5,5,2.5,<DBH,cookie,good,no,1,32,,,32,PICMAR,,
8/18/11,Big Denver,BD-4,BC,sunny,1,PIMA,1,15,10,6,core,good,no,1,35,,,35,,,
8/18/11,Big Denver,BD-4,BC,sunny,1,PIMA,2,15,9.7,5.3,core,good,no,1,30,,,30,,,
8/18/11,Big Denver,BD-4,BC,sunny,1,PIMA,3,15,7.2,4.3,core,good,no,1,35,,,35,,,
8/18/11,Big Denver,BD-4,BC,sunny,1,PIMA,4,20,10.1,7.5,core,good,no,1,34,,,34,,,
8/18/11,Big Denver,BD-4,BC,sunny,1,PIMA,5,25,7.7,5.7,core,good,no,1,33,,,33,,,
8/18/11,Big Denver,BD-4,BC,sunny,2,BENE,1,20,13.2,7.6,core,light rot,no,1,35,,,35,,hard to count pith bc of rot,
8/18/11,Big Denver,BD-4,BC,sunny,2,BENE,2,15,6.2,3.7,core,good,no,1,33,,,33,heavily browsed,,
8/18/11,Big Denver,BD-4,BC,sunny,2,BENE,3,20,10,5.4,core,good,no,0,,,,#DIV/0!,,can't see pith,TRASH
8/18/11,Big Denver,BD-4,BC,sunny,2,BENE,4,15,9.6,4.6,core,good,no,1,37,,,37,,,
8/18/11,Big Denver,BD-4,BC,sunny,2,BENE,5,20,10.1,7.2,core,good,no,1,34,,,34,,,
8/18/11,Big Denver,BD-4,BC,sunny,3,PIMA,1,30,1.6,<DBH,cookie,good,no,1,24,,,24,,,
8/18/11,Big Denver,BD-4,BC,sunny,3,PIMA,2,20,3.5,<DBH,cookie,good,no,1,30,,,30,,,
8/18/11,Big Denver,BD-4,BC,sunny,3,PIMA,3,20,2.2,0.2,cookie,good,no,1,27,,,27,,,
8/18/11,Big Denver,BD-4,BC,sunny,3,PIMA,4,20,1.4,<DBH,cookie,good,no,1,25,,,25,,,
8/18/11,Big Denver,BD-4,BC,sunny,3,PIMA,5,25,1.8,<DBH,cookie,good,no,1,29,,,29,,,
8/18/11,Big Denver,BD-4,BC,sunny,4,LALA,1,20,10,7.6,core,good,no,1,34,,,34,,,
8/18/11,Big Denver,BD-4,BC,sunny,4,LALA,2,20,7.6,5.7,core,good,no,1,33,,,33,,,
8/16/11,Big Denver,BD-5,BC,sunny,1,PIMA,1,30,6.6,4.3,core,good,no,2,22,24,,23,,,
8/16/11,Big Denver,BD-5,BC,sunny,1,PIMA,2,25,4.7,3,core,good,no,2,35,37,,36,,,
8/16/11,Big Denver,BD-5,BC,sunny,1,PIMA,3,25,5.9,4.1,core,good,no,2,36,36,,36,,,
8/16/11,Big Denver,BD-5,BC,sunny,1,PIMA,4,25,8.7,6.1,core,good,no,1,32,,,32,,mounted upside down?,
8/16/11,Big Denver,BD-5,BC,sunny,1,PIMA,5,25,12.8,8,core,good,no,3,90,92,95,92.33333333,,REALLY OLD- maybe false rings?,
8/16/11,Big Denver,BD-5,BC,sunny,2,PIMA,1,25,2.3,<DBH,cookie,good,no,1,34,,,34,,,
8/16/11,Big Denver,BD-5,BC,sunny,2,PIMA,2,25,2.2,<DBH,cookie,good,no,1,33,,,33,,,
8/16/11,Big Denver,BD-5,BC,sunny,2,PIMA,3,25,2.2,<DBH,cookie,good,no,1,30,,,30,,,
8/16/11,Big Denver,BD-5,BC,sunny,2,PIMA,4,25,1.8,<DBH,cookie,good,no,1,30,,,30,,,
8/16/11,Big Denver,BD-5,BC,sunny,2,PIMA,5,25,1.6,<DBH,cookie,good,no,1,32,,,32,,,
8/16/11,Big Denver,BD-5,BC,sunny,3,BENE,1,35,1.6,<DBH,cookie,good,no,1,16,,,16,,,
8/16/11,Big Denver,BD-5,BC,sunny,3,BENE,2,45,1.9,<DBH,cookie,good,no,1,16,,,16,,,
8/16/11,Big Denver,BD-5,BC,sunny,3,BENE,3,35,1.4,<DBH,cookie,good,no,1,20,,,20,,,
8/16/11,Big Denver,BD-5,BC,sunny,3,BENE,4,35,1.4,0.4,cookie,good,no,1,20,,,20,,,
8/16/11,Big Denver,BD-5,BC,sunny,3,BENE,5,45,1.7,0.6,cookie,good,no,2,22,21,,21.5,,,"not well stained for first count, first count no good"
8/16/11,Big Denver,BD-5,BC,sunny,4,CBSNBC,1,45,11.2,8.9,cookie,rough! Ants,no,2,70,67,,68.5,6m tall,,
8/16/11,Big Denver,BD-5,BC,sunny,4,CBSNBC,2,50,9.2,7,cookie,good,no,2,83,84,,83.5,6m tall,,
8/16/11,Big Denver,BD-5,BC,sunny,4,CBSNBC,3,35,4,2.8,cookie,good,no,2,64,64,,64,3m tall,,
8/16/11,Big Denver,BD-5,BC,sunny,4,CBSNBC,4,40,4.4,3.4,cookie,good,no,2,88,89,,88.5,3m tall,,
8/16/11,Big Denver,BD-5,BC,sunny,4,CBSNBC,5,35,2.4,1.1,cookie,good,no,2,68,69,,68.5,2m tall,,
8/17/11,Big Denver,BD-6,BC,sunny,1,BENE,1,20,18.2,12.7,core,good,no,1,53,,,53,,,
8/17/11,Big Denver,BD-6,BC,sunny,1,BENE,2,25,31,21.1,core,good,no,1,42,,,42,,can't find pith,"age is an estimate, counted to the end of the core"
8/17/11,Big Denver,BD-6,BC,sunny,1,BENE,3,20,16.7,11.2,core,good,no,1,38,,,38,,,
8/17/11,Big Denver,BD-6,BC,sunny,1,BENE,4,25,22,15.7,core,good,no,1,32,,,32,,can't find pith,age is an estimate
8/17/11,Big Denver,BD-6,BC,sunny,1,BENE,5,15,16.6,11,core,good,no,0,,,,#DIV/0!,,can't find pith,TRASH
8/17/11,Big Denver,BD-6,BC,sunny,2,POTR,1,20,18.6,13.6,core,good,no,1,38,,,38,,,
8/17/11,Big Denver,BD-6,BC,sunny,2,POTR,2,20,13.6,11.2,core,good,no,2,28,30,,29,,few years off pith,
8/17/11,Big Denver,BD-6,BC,sunny,2,POTR,3,20,16.4,13.8,core,good,no,1,37,,,37,,way off pith,
8/17/11,Big Denver,BD-6,BC,sunny,2,POTR,4,15,15.5,12.3,core,good,no,1,35,,,35,,,
8/17/11,Big Denver,BD-6,BC,sunny,2,POTR,5,15,14.7,12.2,core,good,no,1,36,,,36,,can't find pith,
8/17/11,Big Denver,BD-6,BC,sunny,3,PIMA,1,15,10.9,7.7,core,good,no,1,33,,,33,,,
8/17/11,Big Denver,BD-6,BC,sunny,3,PIMA,2,15,10.9,8.8,core,good,no,1,35,,,35,,,
8/17/11,Big Denver,BD-6,BC,sunny,3,PIMA,3,15,9.6,6.9,core,good,no,1,38,,,38,,,
8/17/11,Big Denver,BD-6,BC,sunny,3,PIMA,4,15,8.3,6.6,core,good,no,0,,,,#DIV/0!,,"mounted upside down, first count no good!",TRASH
8/17/11,Big Denver,BD-6,BC,sunny,3,PIMA,5,15,10.7,7.6,core,good,no,1,38,,,38,,,
8/17/11,Big Denver,BD-6,BC,sunny,4,PICEASP,1,15,1.3,<DBH,cookie,good,no,2,26,26,,26,,pretty moldy,
8/17/11,Big Denver,BD-6,BC,sunny,4,PICEASP,2,15,1.1,<DBH,cookie,good,no,1,27,,,27,,,
8/17/11,Big Denver,BD-6,BC,sunny,4,PICEASP,3,15,1.8,<DBH,cookie,good,no,2,34,33,,33.5,,,
8/17/11,Big Denver,BD-6,BC,sunny,4,PICEASP,4,15,2.2,<DBH,cookie,good,no,1,28,,,28,,,
8/17/11,Big Denver,BD-6,BC,sunny,4,PICEASP,5,15,2.3,<DBH,cookie,good,no,1,31,,,31,,,
8/16/11,Big Denver,BD-7,BC,sunny,1,POTR,1,15,7.3,6.2,core,good,no,2,33,34,,33.5,,,
8/16/11,Big Denver,BD-7,BC,sunny,1,POTR,2,15,10.1,7.7,core,good,no,2,36,34,,35,,,
8/16/11,Big Denver,BD-7,BC,sunny,1,POTR,3,15,7.7,6.7,core,light rot,no,3,39,35,35,36.33333333,,,
8/16/11,Big Denver,BD-7,BC,sunny,1,POTR,4,15,11,8.4,core,good,no,2,35,37,,36,,,
8/16/11,Big Denver,BD-7,BC,sunny,1,POTR,5,13,9.5,7.5,core,rot but can see rings,no,2,37,36,,36.5,,pith hard to count,first count no good
8/16/11,Big Denver,BD-7,BC,sunny,2,PIMA,1,13,5.6,3.6,core,good,no,1,32,,,32,,,
8/16/11,Big Denver,BD-7,BC,sunny,2,PIMA,2,13,5.7,4,core,good,no,0,,,,#DIV/0!,,missing,
8/16/11,Big Denver,BD-7,BC,sunny,2,PIMA,3,13,7.8,4.7,core,good,no,1,34,,,34,,,
8/16/11,Big Denver,BD-7,BC,sunny,2,PIMA,4,13,5.1,2.8,core,good,no,1,30,,,30,,,
8/16/11,Big Denver,BD-7,BC,sunny,2,PIMA,5,10,9.3,5.8,core,good,no,1,36,,,36,,,
8/16/11,Big Denver,BD-7,BC,sunny,3,PIMA,1,15,2.6,<DBH,cookie,good,no,1,33,,,33,,,
8/16/11,Big Denver,BD-7,BC,sunny,3,PIMA,2,15,2.9,<DBH,cookie,good,no,1,29,,,29,,,
8/16/11,Big Denver,BD-7,BC,sunny,3,PIMA,3,9,2.1,<DBH,cookie,good,no,1,33,,,33,,,
8/16/11,Big Denver,BD-7,BC,sunny,3,PIMA,4,10,2.1,<DBH,cookie,good,no,1,35,,,35,,,
8/16/11,Big Denver,BD-7,BC,sunny,3,PIMA,5,10,2.3,<DBH,cookie,good,no,1,32,,,32,,,
8/16/11,Big Denver,BD-7,BC,sunny,4,CBSNBC,1,15,10.5,7.8,core,good,no,2,72,73,,72.5,9m tall,,
8/16/11,Big Denver,BD-7,BC,sunny,4,CBSNBC,2,15,10.6,9.3,core,good,no,2,75,73,,74,9m tall,,
8/16/11,Big Denver,BD-7,BC,sunny,4,CBSNBC,3,15,3,1,core,good,no,2,49,49,,49,3m tall,,
8/16/11,Big Denver,BD-7,BC,sunny,4,CBSNBC,4,15,1,1.9,core,good,no,2,40,45,,42.5,3m tall,,
8/17/11,Big Denver,BD-8,BC,sunny &raining,1,PIMA,1,40,8.1,5.9,core,good,no,1,35,,,35,,weird labeling in J2X- see notes,
8/17/11,Big Denver,BD-8,BC,sunny &raining,1,PIMA,2,40,5.7,4,core,good,no,1,26,,,26,,few years off pith,
8/17/11,Big Denver,BD-8,BC,sunny &raining,1,PIMA,3,40,8.7,5.1,core,good,no,1,31,,,31,,,
8/17/11,Big Denver,BD-8,BC,sunny &raining,1,PIMA,4,40,7.9,4.6,core,good,no,1,33,,,33,,,
8/17/11,Big Denver,BD-8,BC,sunny &raining,1,PIMA,5,40,8.2,5.6,core,good,no,1,36,,,36,,weird labeling in J2X- see notes,
8/17/11,Big Denver,BD-8,BC,sunny &raining,2,PIMA,1,30+,1.3,<DBH,cookie,good,no,1,29,,,29,,,
8/17/11,Big Denver,BD-8,BC,sunny &raining,2,PIMA,2,30+,2.2,<DBH,cookie,good,no,1,33,,,33,,,
8/17/11,Big Denver,BD-8,BC,sunny &raining,2,PIMA,3,30+,1.8,<DBH,cookie,good,no,1,30,,,30,,,
8/17/11,Big Denver,BD-8,BC,sunny &raining,2,PIMA,4,30+,3,<DBH,cookie,good,no,1,32,,,32,,,
8/17/11,Big Denver,BD-8,BC,sunny &raining,2,PIMA,5,30+,1.8,<DBH,cookie,good,no,1,30,,,30,,,
8/17/11,Big Denver,BD-8,BC,sunny &raining,3,CBSNBC,1,30+,7.7,4,cookie,good,no,2,54,53,,53.5,,,
8/17/11,Big Denver,BD-8,BC,sunny &raining,3,CBSNBC,2,100,5.7,4,cookie,good,no,2,46,46,,46,,,
8/17/11,Big Denver,BD-8,BC,sunny &raining,3,CBSNBC,3,60,9.6,4,cookie,good,no,2,54,56,,55,,,
8/17/11,Big Denver,BD-8,BC,sunny &raining,3,CBSNBC,4,100,15.5,4,cookie,rotten center,no,1,55,,,55,,"bc of rot in center, can only count once",
8/17/11,Big Denver,BD-8,BC,sunny &raining,3,CBSNBC,5,100,10.7,4,cookie,good,no,2,59,54,,56.5,,,
8/17/11,Big Denver,BD-9,BC,partly sunny,1,POTR,1,10,9.3,7.2,core,good,no,1,37,,,37,,,first count no good
8/17/11,Big Denver,BD-9,BC,partly sunny,1,POTR,2,10,6.4,5.2,core,good,no,1,37,,,37,,,
8/17/11,Big Denver,BD-9,BC,partly sunny,1,POTR,3,10,12.4,9.9,core,good,no,1,35,,,35,,,
8/17/11,Big Denver,BD-9,BC,partly sunny,1,POTR,4,10,8.6,7.8,core,bit of rot,no,0,,,,#DIV/0!,,incomplete core,TRASH
8/17/11,Big Denver,BD-9,BC,partly sunny,1,POTR,5,10,10.3,7.5,core,rotten center,no,2,37,38,,37.5,,,first count no good
8/17/11,Big Denver,BD-9,BC,partly sunny,2,PIMA,1,8,7.2,5,core,good,no,2,30,33,,31.5,,,
8/17/11,Big Denver,BD-9,BC,partly sunny,2,PIMA,2,12,12.4,8.1,core,good,no,2,39,38,,38.5,,,
8/17/11,Big Denver,BD-9,BC,partly sunny,2,PIMA,3,7,7.3,5.3,core,good,no,1,25,,,25,,few years off pith,
8/17/11,Big Denver,BD-9,BC,partly sunny,2,PIMA,4,9,7.4,5.4,core,good,no,1,32,,,32,,,
8/17/11,Big Denver,BD-9,BC,partly sunny,2,PIMA,5,10,8.1,5.6,core,good,no,1,29,,,29,,,
8/17/11,Big Denver,BD-9,BC,partly sunny,3,PIMA,1,8,3.2,1.1,cookie,good,no,1,28,,,28,,,
8/17/11,Big Denver,BD-9,BC,partly sunny,3,PIMA,2,8,2.1,1,cookie,good,no,1,27,,,27,,,
8/17/11,Big Denver,BD-9,BC,partly sunny,3,PIMA,3,8,2.4,<DBH,cookie,good,no,1,26,,,26,,,
8/17/11,Big Denver,BD-9,BC,partly sunny,3,PIMA,4,10,2.8,1,cookie,good,no,1,27,,,27,,,
8/17/11,Big Denver,BD-9,BC,partly sunny,3,PIMA,5,8,2.3,<DBH,cookie,good,no,1,25,,,25,,,
8/17/11,Big Denver,BD-9,BC,partly sunny,4,CBSNBC,1,13,9.1,<DBH,cookie,rotten center,no,3,44,50,53,49,burned above DBH,,
8/17/11,Big Denver,BD-9,BC,partly sunny,4,CBSNBC,2,10,7.9,5.3,cookie,good,no,2,75,76,,75.5,,,
8/17/11,Big Denver,BD-9,BC,partly sunny,4,CBSNBC,3,10,5.5,3.1,cookie,good,no,2,70,70,,70,,,
8/17/11,Big Denver,BD-9,BC,partly sunny,4,CBSNBC,4,10,8,5.1,cookie,good,no,2,73,73,,73,,,
8/18/11,Big Denver,BD-RB,BC,sunny,1,CBSNBC,1,0,15.5,unk,cookie,goo,no,2,115,115,,115,2010 fire,"didn't know year of burn, just used 2011 as end year",
8/18/11,Big Denver,BD-RB,BC,sunny,1,CBSNBC,2,0,20,unk,cookie,good,no,2,104,103,,103.5,2010 fire,"didn't know year of burn, just used 2011 as end year",
8/18/11,Big Denver,BD-RB,BC,sunny,1,CBSNBC,3,0,16.7,unk,cookie,rotten center,no,2,80,75,,77.5,2010 fire,"didn't know year of burn, just used 2011 as end year",
8/18/11,Big Denver,BD-RB,BC,sunny,1,CBSNBC,4,0,19.2,unk,cookie,rotten center,no,2,104,103,,103.5,2010 fire,"didn't know year of burn, just used 2011 as end year",
8/18/11,Big Denver,BD-RB,BC,sunny,1,CBSNBC,5,0,24.7,unk,cookie,good,no,2,72,,,72,2010 fire,"didn't know year of burn, just used 2011 as end year",
8/31/11,Gerstle River,GR-1,BC,overcast,1,POTR,1,20,17,12.6,core,rotten center,no,2,56,55,,55.5,,really hard to read rings,
8/31/11,Gerstle River,GR-1,BC,overcast,1,POTR,2,30,18.4,15.3,core,rotten center,no,1,48,,,48,,broken at center- no pith,
8/31/11,Gerstle River,GR-1,BC,overcast,1,POTR,3,25,20.9,18.5,core,good,no,1,51,,,51,,,
8/31/11,Gerstle River,GR-1,BC,overcast,1,POTR,4,30,27,21.9,core,good,no,2,33,37,,35,,way far off pith,age is basically a guess at where the pith is
8/31/11,Gerstle River,GR-1,BC,overcast,1,POTR,5,30,26.5,20.3,core,good,no,1,55,,,55,,,
8/31/11,Gerstle River,GR-1,BC,overcast,2,BENE,1,30,29.8,22.3,core,good,no,2,59,60,,59.5,,weird scar at the beginning,
8/31/11,Gerstle River,GR-1,BC,overcast,2,BENE,2,30,29.2,21.1,core,rotten center`,no,1,57,,,57,,,
8/31/11,Gerstle River,GR-1,BC,overcast,2,BENE,3,50,41,28.8,core,good,no,2,64,63,,63.5,,not sure about pith,
8/31/11,Gerstle River,GR-1,BC,overcast,2,BENE,4,50,19.2,15.8,core,good,no,2,51,53,,52,,"counted, but not sure about pith",didn't count all the way to pith on first count
8/31/11,Gerstle River,GR-1,BC,overcast,2,BENE,5,50,34.5,23.1,core,good,no,2,49,48,,48.5,,way off pith,
8/31/11,Gerstle River,GR-1,BC,overcast,3,PIMA,1,20,16.4,12,core,good,no,1,51,,,51,,,
8/31/11,Gerstle River,GR-1,BC,overcast,3,PIMA,2,20,9.3,6.6,core,good,no,1,54,,,54,,,
8/31/11,Gerstle River,GR-1,BC,overcast,3,PIMA,3,20,17,12.3,core,good,no,1,55,,,55,,,
8/31/11,Gerstle River,GR-1,BC,overcast,3,PIMA,4,20,11.2,8.7,core,good,no,1,45,,,45,,,
8/31/11,Gerstle River,GR-1,BC,overcast,3,PIMA,5,20,13.2,9.9,core,good,no,1,50,,,50,,,
8/31/11,Gerstle River,GR-1,BC,overcast,4,PIMA,1,15,1.5,<DBH,cookie,good,no,2,26,28,,27,,,
8/31/11,Gerstle River,GR-1,BC,overcast,4,PIMA,2,15,1.9,<DBH,cookie,good,no,2,30,28,,29,,,
8/31/11,Gerstle River,GR-1,BC,overcast,4,PIMA,3,15,3.1,<DBH,cookie,good,no,2,46,46,,46,,,
8/31/11,Gerstle River,GR-1,BC,overcast,4,PIMA,4,15,2.7,<DBH,cookie,good,no,2,41,43,,42,,,
8/31/11,Gerstle River,GR-1,BC,overcast,4,PIMA,5,15,2.2,<DBH,cookie,good,no,2,36,37,,36.5,,,
8/31/11,Gerstle River,GR-10,BC,sunny,1,PIMA,1,20,14.9,10.6,core,good,no,2,44,43,,43.5,,,
8/31/11,Gerstle River,GR-10,BC,sunny,1,PIMA,2,25,12.8,8.3,core,good,no,2,32,33,,32.5,,few years off pith,
8/31/11,Gerstle River,GR-10,BC,sunny,1,PIMA,3,25,16.2,12.1,core,good,no,2,41,42,,41.5,,,
8/31/11,Gerstle River,GR-10,BC,sunny,1,PIMA,4,25,24,15.1,core,good,no,2,55,55,,55,,,
8/31/11,Gerstle River,GR-10,BC,sunny,1,PIMA,5,25,14.5,10.1,core,good,no,2,36,33,,34.5,,few years off pith,
8/31/11,Gerstle River,GR-10,BC,sunny,2,BENE,1,75,35.2,31.2,core,good,no,1,44,,,44,,no idea where pith is,count is an estimate
8/31/11,Gerstle River,GR-10,BC,sunny,2,BENE,2,75,24.5,24.7,core,good,no,0,,,,#DIV/0!,,no idea where pith is,TRASH
8/31/11,Gerstle River,GR-10,BC,sunny,2,BENE,3,60,11.4,8.4,core,good,no,2,22,24,,23,,few years off pith,
8/31/11,Gerstle River,GR-10,BC,sunny,2,BENE,4,60,30.2,34.2,core,good,no,2,47,48,,47.5,swollen at middle,best of this cohort!,
8/31/11,Gerstle River,GR-10,BC,sunny,2,BENE,5,25,17.4,13.2,core,good,no,2,49,51,,50,,,
8/31/11,Gerstle River,GR-10,BC,sunny,3,PIMA,1,25,2.6,<DBH,cookie,good,no,2,42,44,,43,,,
8/31/11,Gerstle River,GR-10,BC,sunny,3,PIMA,2,25,1.8,<DBH,cookie,good,no,2,38,39,,38.5,,,
8/31/11,Gerstle River,GR-10,BC,sunny,3,PIMA,3,25,3,<DBH,cookie,good,no,2,37,38,,37.5,,,
8/31/11,Gerstle River,GR-10,BC,sunny,3,PIMA,4,25,3.2,<DBH,cookie,good,no,2,33,34,,33.5,,,
8/31/11,Gerstle River,GR-10,BC,sunny,3,PIMA,5,25,2.5,<DBH,cookie,good,no,2,40,38,,39,,,
8/31/11,Gerstle River,GR-10,BC,sunny,4,CBSNBC,1,25,8,8,cookie,good,no,2,39,39,,39,,,
8/31/11,Gerstle River,GR-10,BC,sunny,4,CBSNBC,2,25,5.1,8,cookie,good,no,2,38,38,,38,,,
8/31/11,Gerstle River,GR-2,BC,overcast,1,POTR,1,30,20.1,17,core,good,no,0,,,,#DIV/0!,,can't find pith,TRASH
8/31/11,Gerstle River,GR-2,BC,overcast,1,POTR,2,30,19,17.5,core,good,no,2,47,50,,48.5,,,
8/31/11,Gerstle River,GR-2,BC,overcast,1,POTR,3,20,23.3,20.9,core,good,no,2,59,58,,58.5,,,
8/31/11,Gerstle River,GR-2,BC,overcast,1,POTR,4,30,23.9,21.7,core,good,no,0,,,,#DIV/0!,,cracked at pith,TRASH
8/31/11,Gerstle River,GR-2,BC,overcast,1,POTR,5,30,17.7,14.4,core,good,no,2,57,59,,58,,,
8/31/11,Gerstle River,GR-2,BC,overcast,2,BENE,1,30,27.2,19.3,core,good,no,2,51,50,,50.5,,hard to read,
8/31/11,Gerstle River,GR-2,BC,overcast,2,BENE,2,30,27.2,18.7,core,good,no,2,60,60,,60,,,
8/31/11,Gerstle River,GR-2,BC,overcast,2,BENE,3,30,24.6,15.7,core,good,no,2,57,58,,57.5,,,
8/31/11,Gerstle River,GR-2,BC,overcast,2,BENE,4,30,27.5,19.2,core,good,no,2,35,38,,36.5,,,
8/31/11,Gerstle River,GR-2,BC,overcast,2,BENE,5,30,22.8,16.1,core,good,no,2,57,56,,56.5,,,
8/31/11,Gerstle River,GR-2,BC,overcast,3,PICEASP,1,15,9,7.1,core,good,no,2,41,44,,42.5,,,
8/31/11,Gerstle River,GR-2,BC,overcast,3,PICEASP,2,15,6,4.3,core,good,no,2,35,33,,34,,,
8/31/11,Gerstle River,GR-2,BC,overcast,3,PICEASP,3,15,9.3,5.8,core,good,no,2,30,31,,30.5,,few years off pith,
8/31/11,Gerstle River,GR-2,BC,overcast,3,PICEASP,4,15,5.9,3.4,core,good,no,2,28,31,,29.5,,few years off pith,
8/31/11,Gerstle River,GR-2,BC,overcast,3,PICEASP,5,15,7,5.2,core,good,no,2,52,53,,52.5,,,
8/31/11,Gerstle River,GR-2,BC,overcast,4,PICEASP,1,10,1.5,<DBH,cookie,good,no,2,25,24,,24.5,,,
8/31/11,Gerstle River,GR-2,BC,overcast,4,PICEASP,2,10,2.1,<DBH,cookie,good,no,2,40,39,,39.5,,,
8/31/11,Gerstle River,GR-2,BC,overcast,4,PICEASP,3,10,1.5,<DBH,cookie,good,no,2,26,27,,26.5,,,
8/31/11,Gerstle River,GR-2,BC,overcast,4,PICEASP,4,10,1,<DBH,cookie,good,no,2,25,26,,25.5,,,
8/31/11,Gerstle River,GR-2,BC,overcast,4,PICEASP,5,10,1.6,<DBH,cookie,good,no,2,30,33,,31.5,,,
8/30/11,Gerstle River,GR-3,BC,sunny,1,POTR,1,20,15.9,12.3,core,good,no,2,45,44,,44.5,,few years off pith,
8/30/11,Gerstle River,GR-3,BC,sunny,1,POTR,2,20,18.8,13.3,core,rotten pith,no,1,49,,,49,,,
8/30/11,Gerstle River,GR-3,BC,sunny,1,POTR,3,30,22.2,16.6,core,pretty rotten,no,0,,,,#DIV/0!,,,missing core
8/30/11,Gerstle River,GR-3,BC,sunny,1,POTR,4,20,14.7,11.6,core,good,no,1,51,,,51,,,
8/30/11,Gerstle River,GR-3,BC,sunny,1,POTR,5,20,13.8,10.9,core,good,no,1,52,,,52,,,
8/30/11,Gerstle River,GR-3,BC,sunny,2,BENE,1,20,31.2,23,core,good,no,0,,,,#DIV/0!,,can't tell where pith is,TRASH
8/30/11,Gerstle River,GR-3,BC,sunny,2,BENE,2,25,23.7,16.2,core,good,no,2,57,57,,57,,,
8/30/11,Gerstle River,GR-3,BC,sunny,2,BENE,3,25,22.3,14.8,core,good,no,1,61,,,61,,,
8/30/11,Gerstle River,GR-3,BC,sunny,2,BENE,4,20,19.1,14,core,good,no,1,60,,,60,,,
8/30/11,Gerstle River,GR-3,BC,sunny,2,BENE,5,25,19.6,14.1,core,good,no,0,,,,#DIV/0!,,,missing
8/30/11,Gerstle River,GR-3,BC,sunny,3,PIMA,1,15,8.8,5.4,core,good,no,1,46,,,46,,weird scar at pith,
8/30/11,Gerstle River,GR-3,BC,sunny,3,PIMA,2,15,10.2,6.3,core,good,no,1,33,,,33,,way off pith,
8/30/11,Gerstle River,GR-3,BC,sunny,3,PIMA,3,15,7.1,4.1,core,good,no,1,43,,,43,,,
8/30/11,Gerstle River,GR-3,BC,sunny,3,PIMA,4,20,11.9,8.7,core,good,no,1,49,,,49,,,
8/30/11,Gerstle River,GR-3,BC,sunny,3,PIMA,5,20,10.7,7.9,core,good,no,1,39,,,39,,,
8/30/11,Gerstle River,GR-3,BC,sunny,4,PIMA,1,10,2.1,<DBH,cookie,good,no,1,30,,,30,,,
8/30/11,Gerstle River,GR-3,BC,sunny,4,PIMA,2,10,2.9,<DBH,cookie,good,no,2,33,31,,32,,,
8/30/11,Gerstle River,GR-3,BC,sunny,4,PIMA,3,10,1.8,<DBH,cookie,good,no,1,26,,,26,,,
8/30/11,Gerstle River,GR-3,BC,sunny,4,PIMA,4,10,1.5,<DBH,cookie,good,no,1,28,,,28,,,
8/30/11,Gerstle River,GR-3,BC,sunny,4,PIMA,5,10,1.5,<DBH,cookie,good,no,1,25,,,25,,,
8/30/11,Gerstle River,GR-3,BC,sunny,5,CBSNBC,1,10,7.4,UNK,cookie,outer rings charred,,2,75,79,,77,,,
8/30/11,Gerstle River,GR-4,BC,sunny,0,PICEASP,1,UNK,UNK,UNK,core,good,no,2,45,44,,44.5,"Big picea by plot, not really in a cohort, survived fire?","can't see bark, might be incomplete?",
8/30/11,Gerstle River,GR-4,BC,sunny,1,POTR,1,25,29.4,22.7,core,good,no,1,45,,,45,,,
8/30/11,Gerstle River,GR-4,BC,sunny,1,POTR,2,25,24.8,19.8,core,good,no,1,46,,,46,,,
8/30/11,Gerstle River,GR-4,BC,sunny,1,POTR,3,30,36.1,27.5,core,good,no,1,36,,,36,,"in POTR cohort, but really a PIGL",WAY off pith
8/30/11,Gerstle River,GR-4,BC,sunny,1,POTR,4,25,24.2,17.1,core,good,no,2,44,43,,43.5,,,
8/30/11,Gerstle River,GR-4,BC,sunny,1,POTR,5,25,22.2,19.9,core,good,no,2,53,52,,52.5,,,
8/30/11,Gerstle River,GR-4,BC,sunny,2,BENE,1,30,32.2,24.4,core,good,no,1,50,,,50,,,
8/30/11,Gerstle River,GR-4,BC,sunny,2,BENE,2,30,31,24.1,core,good,no,1,53,,,53,,,
8/30/11,Gerstle River,GR-4,BC,sunny,2,BENE,3,30,25,22.3,core,good,no,0,,,,#DIV/0!,,can't see pith,TRASH
8/30/11,Gerstle River,GR-4,BC,sunny,2,BENE,4,30,34.4,24.9,core,good,no,1,54,,,54,,,
8/30/11,Gerstle River,GR-4,BC,sunny,2,BENE,5,30,25.2,18.2,core,good,no,1,50,,,50,,,
8/30/11,Gerstle River,GR-4,BC,sunny,3,PIGL,1,10,7.9,5.4,core,good,no,2,51,54,,52.5,,really good pith,
8/30/11,Gerstle River,GR-4,BC,sunny,3,PIGL,2,10,7.7,5.8,core,good,no,2,44,44,,44,,,
8/30/11,Gerstle River,GR-4,BC,sunny,3,PIGL,3,15,8.8,5.2,core,good,no,1,45,,,45,,,
8/30/11,Gerstle River,GR-4,BC,sunny,3,PIGL,4,15,14.1,9.5,core,good,no,2,31,32,,31.5,,way off pith,
8/30/11,Gerstle River,GR-4,BC,sunny,3,PIGL,5,15,7.2,4.8,core,good,no,1,,,,#DIV/0!,,"counted, but really weird, put in recount box",TRASH
8/30/11,Gerstle River,GR-4,BC,sunny,4,PICEASP,1,7,1.1,<DBH,cookie,good,no,2,20,21,,20.5,,,
8/30/11,Gerstle River,GR-4,BC,sunny,4,PICEASP,2,7,1.2,<DBH,cookie,good,no,2,20,21,,20.5,,,must have counted stuff that wasn't rings first time
8/30/11,Gerstle River,GR-4,BC,sunny,4,PICEASP,3,7,1.1,<DBH,cookie,good,no,2,21,22,,21.5,,,
8/30/11,Gerstle River,GR-4,BC,sunny,4,PICEASP,4,7,2.4,<DBH,cookie,good,no,2,24,26,,25,,,must have counted stuff that wasn't rings first time
8/30/11,Gerstle River,GR-4,BC,sunny,4,PICEASP,5,7,1.1,<DBH,cookie,good,no,1,20,,,20,,,
8/30/11,Gerstle River,GR-4,BC,sunny,5,CBSNBC,1,7,5.7,UNK,cookie,good,no,2,143,141,,142,,,
8/30/11,Gerstle River,GR-4,BC,sunny,5,CBSNBC,2,7,11.2,UNK,cookie,good,no,2,176,176,,176,,way bigger than #1,
8/30/11,Gerstle River,GR-5,BC,sunny,1,POTR,1,15,17,14.5,core,good,no,3,60,55,57,57.33333333,,"longer than others, good pith",
8/30/11,Gerstle River,GR-5,BC,sunny,1,POTR,2,15,20.6,16,core,good,no,1,44,,,44,,,
8/30/11,Gerstle River,GR-5,BC,sunny,1,POTR,3,20,18,15.2,core,good,no,1,41,,,41,,,
8/30/11,Gerstle River,GR-5,BC,sunny,1,POTR,4,20,16.4,14.5,core,rotten pith,no,2,42,40,,41,,,
8/30/11,Gerstle River,GR-5,BC,sunny,1,POTR,5,15,11,9.5,core,good,no,2,42,41,,41.5,,,
8/30/11,Gerstle River,GR-5,BC,sunny,2,PICEASP,1,10,7.3,4.4,core,good,no,2,35,36,,35.5,,few years off pith,
8/30/11,Gerstle River,GR-5,BC,sunny,2,PICEASP,2,10,8.4,5.4,core,good,no,1,30,,,30,,want to trash… no pith!,
8/30/11,Gerstle River,GR-5,BC,sunny,2,PICEASP,3,10,7.3,3.1,core,good,no,2,42,41,,41.5,,,
8/30/11,Gerstle River,GR-5,BC,sunny,2,PICEASP,4,10,12.3,7.5,core,good,no,2,50,50,,50,,way bigger than others,
8/30/11,Gerstle River,GR-5,BC,sunny,2,PICEASP,5,15,9.9,7.1,core,good,no,2,45,43,,44,,,
8/30/11,Gerstle River,GR-5,BC,sunny,3,PICEASP,1,10,4.3,0.5,cookie,good,no,2,45,42,,43.5,,REALLY moldy,
8/30/11,Gerstle River,GR-5,BC,sunny,3,PICEASP,2,10,1.6,<DBH,cookie,good,no,2,25,27,,26,,REALLY moldy,
8/30/11,Gerstle River,GR-5,BC,sunny,3,PICEASP,3,10,3.1,0.6,cookie,good,no,2,47,44,,45.5,,REALLY moldy,
8/30/11,Gerstle River,GR-5,BC,sunny,3,PICEASP,4,10,1.7,0.7,cookie,good,no,2,40,38,,39,,REALLY moldy,
8/30/11,Gerstle River,GR-5,BC,sunny,3,PICEASP,5,10,2.1,1,cookie,good,no,2,23,25,,24,,REALLY moldy,
8/30/11,Gerstle River,GR-6,BC,sunny,1,BENE,1,25,20.8,15.8,core,center rotten,no,2,56,53,,54.5,,very rotten core,
8/30/11,Gerstle River,GR-6,BC,sunny,1,BENE,2,20,19.9,13.3,core,good,no,2,51,51,,51,,,
8/30/11,Gerstle River,GR-6,BC,sunny,1,BENE,3,20,14.4,10.7,core,good,no,2,56,56,,56,,,
8/30/11,Gerstle River,GR-6,BC,sunny,1,BENE,4,20,21.3,14.9,core,good,no,2,51,52,,51.5,,really hard to read,
8/30/11,Gerstle River,GR-6,BC,sunny,1,BENE,5,20,21.9,16.1,core,good,no,2,48,50,,49,,,
8/30/11,Gerstle River,GR-6,BC,sunny,2,PICEASP,1,15,11.8,7.8,core,good,no,3,52,53,52,52.33333333,,,
8/30/11,Gerstle River,GR-6,BC,sunny,2,PICEASP,2,15,13.5,unk,core,good,no,2,45,46,,45.5,,,
8/30/11,Gerstle River,GR-6,BC,sunny,2,PICEASP,3,15,8.8,unk,core,good,no,3,42,37,37,38.66666667,,,
8/30/11,Gerstle River,GR-6,BC,sunny,2,PICEASP,4,15,12,unk,core,good ,no,3,48,51,51,50,,,
8/30/11,Gerstle River,GR-6,BC,sunny,2,PICEASP,5,15,12,unk,core,good,no,2,40,43,,41.5,,,
8/30/11,Gerstle River,GR-6,BC,sunny,3,PICEASP,1,10,2.9,<DBH,cookie,good,no,1,37,,,37,,,
8/30/11,Gerstle River,GR-6,BC,sunny,3,PICEASP,2,10,1.6,<DBH,cookie,good,no,1,41,,,41,,,
8/30/11,Gerstle River,GR-6,BC,sunny,3,PICEASP,3,10,1.3,<DBH,cookie,good,no,1,38,,,38,,,
8/30/11,Gerstle River,GR-6,BC,sunny,3,PICEASP,4,10,1.2,<DBH,cookie,good,no,1,23,,,23,,,
8/30/11,Gerstle River,GR-6,BC,sunny,3,PICEASP,5,10,1.5,<DBH,cookie,good,no,1,38,,,38,,,
8/30/11,Gerstle River,GR-6,BC,sunny,5,CBSNBC,1,10,6,unk,cookie,edge a little rotten/moldy- hard to read last rings,no,2,48,50,,49,,labeled C4 inJ2X,
8/30/11,Gerstle River,GR-6,BC,sunny,5,CBSNBC,2,10,5.8,unk,cookie,edge a little rotten/moldy- hard to read last rings,no,2,73,73,,73,,labeled C4 inJ2X,
8/29/11,Gerstle River,GR-7,BC,sunny,1,PIMA,1,10,10.7,7.8,core,good,no,2,41,41,,41,,,
8/29/11,Gerstle River,GR-7,BC,sunny,1,PIMA,2,20,21.2,17,core,good,no,2,74,74,,74,,much older than rest,
8/29/11,Gerstle River,GR-7,BC,sunny,1,PIMA,3,10,13.2,11.3,core,good,no,2,64,65,,64.5,,"good, much older than rest",
8/29/11,Gerstle River,GR-7,BC,sunny,1,PIMA,4,10,9.4,6.9,core,good,no,2,46,44,,45,,good,
8/29/11,Gerstle River,GR-7,BC,sunny,1,PIMA,5,10,10.6,6.9,core,good,no,2,40,39,,39.5,,far off pith,
8/29/11,Gerstle River,GR-7,BC,sunny,2,BENE,1,10,5.9,3.2,core,good,no,2,42,40,,41,,,
8/29/11,Gerstle River,GR-7,BC,sunny,2,BENE,2,10,13.3,8.8,core,good,no,2,28,28,,28,,way off pith,
8/29/11,Gerstle River,GR-7,BC,sunny,2,BENE,3,30,16.2,13,core,good,no,2,52,49,,50.5,larger than average tree,pith not good,
8/29/11,Gerstle River,GR-7,BC,sunny,2,BENE,4,15,9.8,6.7,core,good,no,2,34,35,,34.5,,far off pith,
8/29/11,Gerstle River,GR-7,BC,sunny,2,BENE,5,10,13.1,10.7,core,good,no,2,56,50,,53,,not certain about pith,
8/29/11,Gerstle River,GR-7,BC,sunny,3,PIMA,1,10,2.1,<DBH,cookie,good,no,2,36,38,,37,,,
8/29/11,Gerstle River,GR-7,BC,sunny,3,PIMA,2,10,2.2,<DBH,cookie,good,no,2,31,32,,31.5,,,
8/29/11,Gerstle River,GR-7,BC,sunny,3,PIMA,3,10,2.8,<DBH,cookie,good,no,2,36,37,,36.5,,,
8/29/11,Gerstle River,GR-7,BC,sunny,3,PIMA,4,10,1.9,<DBH,cookie,good,no,2,40,41,,40.5,,,
8/29/11,Gerstle River,GR-7,BC,sunny,3,PIMA,5,10,2.3,<DBH,cookie,good,no,2,39,40,,39.5,,,
8/29/11,Gerstle River,GR-7,BC,sunny,4,POTR,1,10,19.4,16.4,core,good,no,2,56,54,,55,,,
8/29/11,Gerstle River,GR-7,BC,sunny,4,POTR,2,10,17,14.3,core,good,no,2,41,43,,42,,way off pith,
8/29/11,Gerstle River,GR-7,BC,sunny,4,POTR,3,10,16.1,12.6,core,good,no,2,53,51,,52,,can see any rings!,count is an estimate
8/29/11,Gerstle River,GR-8,BC,sunny,1,PIMA,1,40,8.3,5.9,core,good,no,1,46,,,46,,,
8/29/11,Gerstle River,GR-8,BC,sunny,1,PIMA,2,40,8.6,5.9,core,good,no,1,40,,,40,,,
8/29/11,Gerstle River,GR-8,BC,sunny,1,PIMA,3,35,6.4,3.8,core,good,no,1,36,,,36,,,
8/29/11,Gerstle River,GR-8,BC,sunny,1,PIMA,4,50,5.1,3.6,core,good,no,1,42,,,42,,,
8/29/11,Gerstle River,GR-8,BC,sunny,1,PIMA,5,50,5.8,3.6,core,good,no,1,55,,,55,,,
8/29/11,Gerstle River,GR-8,BC,sunny,2,BENE,1,40,5.9,3.4,core,good,no,2,48,48,,48,,,
8/29/11,Gerstle River,GR-8,BC,sunny,2,BENE,2,30,6.1,5.1,core,good,no,2,34,31,,32.5,,weird scar,
8/29/11,Gerstle River,GR-8,BC,sunny,2,BENE,3,50,8,6.1,core,good,no,2,56,55,,55.5,,clearer than average birch rings,
8/29/11,Gerstle River,GR-8,BC,sunny,2,BENE,4,45,6.3,5.1,core,good,no,2,42,43,,42.5,,,
8/29/11,Gerstle River,GR-8,BC,sunny,3,PIMA,1,45,2.4,<DBH,cookie,good,no,1,48,,,48,,,
8/29/11,Gerstle River,GR-8,BC,sunny,3,PIMA,2,45,2,<DBH,cookie,good,no,2,49,48,,48.5,,,
8/29/11,Gerstle River,GR-8,BC,sunny,3,PIMA,3,40,2.3,<DBH,cookie,good,no,1,45,,,45,,pith stretched out-not a flat cookie,
8/29/11,Gerstle River,GR-8,BC,sunny,3,PIMA,4,35,3.1,<DBH,cookie,good,no,1,50,,,50,,,
8/29/11,Gerstle River,GR-8,BC,sunny,3,PIMA,5,40,2.5,<DBH,cookie,good,no,2,45,46,,45.5,,,
8/29/11,Gerstle River,GR-8,BC,sunny,4,CBSNBC,1,40,3.5,6,cookie,good,no,2,82,74,,78,,,should recount
8/29/11,Gerstle River,GR-8,BC,sunny,4,CBSNBC,2,40,5.7,6,cookie,rotten center,no,2,88,92,,90,,,should recount
8/30/11,Gerstle River,GR-9,BC,sunny,1,BENE,1,75,8.7,6.3,core,good,no,3,41,38,38,39,,,
8/30/11,Gerstle River,GR-9,BC,sunny,1,BENE,2,75,17.1,12.9,core,good,no,3,61,61,62,61.33333333,,very nice,
8/30/11,Gerstle River,GR-9,BC,sunny,1,BENE,3,60,10.9,6.9,core,good,no,2,42,38,,40,,,
8/30/11,Gerstle River,GR-9,BC,sunny,1,BENE,4,60,9,6,core,good,no,2,40,38,,39,,hard to tell where pith is,
8/30/11,Gerstle River,GR-9,BC,sunny,1,BENE,5,60,16.2,12.7,core,good,no,2,49,54,,51.5,,"too rotten, had to stop before pith",
8/30/11,Gerstle River,GR-9,BC,sunny,2,PIMA,1,50,5.9,3.7,core,good,no,3,24,35,25,28,,far off pith,
8/30/11,Gerstle River,GR-9,BC,sunny,2,PIMA,2,50,7.5,4.3,core,good,no,2,36,35,,35.5,,mounted upside down!,
8/30/11,Gerstle River,GR-9,BC,sunny,2,PIMA,3,50,6.6,4.4,core,good,no,3,55,54,53,54,,,
8/30/11,Gerstle River,GR-9,BC,sunny,2,PIMA,4,50,9.3,6.5,core,good,no,3,37,37,39,37.66666667,,far off pith,
8/30/11,Gerstle River,GR-9,BC,sunny,2,PIMA,5,50,9.2,5.8,core,good,no,3,49,48,49,48.66666667,,GREAT,
8/30/11,Gerstle River,GR-9,BC,sunny,3,PIMA,1,50,2.4,<DBH,cookie,good,no,1,39,,,39,,,
8/30/11,Gerstle River,GR-9,BC,sunny,3,PIMA,2,50,2.7,<DBH,cookie,good,no,1,39,,,39,,,
8/30/11,Gerstle River,GR-9,BC,sunny,3,PIMA,3,50,2,<DBH,cookie,good,no,1,36,,,36,,slice not flat- pith stretched out,
8/30/11,Gerstle River,GR-9,BC,sunny,3,PIMA,4,75,2.3,<DBH,cookie,good,no,1,36,,,36,,,
8/30/11,Gerstle River,GR-9,BC,sunny,3,PIMA,5,65,3.1,<DBH,cookie,good,no,1,42,,,42,,,
8/30/11,Gerstle River,GR-9,BC,sunny,4,CBSNBC,1,50,5,<DBH,cookie,good,no,2,150,153,,151.5,,,
8/30/11,Gerstle River,GR-9,BC,sunny,4,CBSNBC,2,50,7.7,<DBH,cookie,good,no,0,,,,#DIV/0!,,"super weird salix sp, not counted yet",
8/31/11,Gerstle River,GR-U1,BC,mostly cloudy,1,PIMA,1,25,27.7,18.8,core,good,no,1,93,,,93,,,
8/31/11,Gerstle River,GR-U1,BC,mostly cloudy,1,PIMA,2,25,14,10.7,core,good,no,1,91,,,91,,,
8/31/11,Gerstle River,GR-U1,BC,mostly cloudy,1,PIMA,3,25,13.4,9,core,rot at pith,no,2,84,82,,83,,"rotten pith, maybe few years off true age",
8/31/11,Gerstle River,GR-U1,BC,mostly cloudy,1,PIMA,4,30,19.6,14.1,core,good,no,1,98,,,98,,,
8/31/11,Gerstle River,GR-U1,BC,mostly cloudy,1,PIMA,5,30,15.4,11,core,good,no,2,97,96,,96.5,,first count no good,
8/31/11,Gerstle River,GR-U1,BC,mostly cloudy,3,CBSNBC,1,20,10.2,8,cookie,good,no,3,107,117,105,109.6666667,,"too much rot to get consistant count (holes), so I'm going to use the largest count",
8/31/11,Gerstle River,GR-U1,BC,mostly cloudy,3,CBSNBC,2,20,8.9,8,cookie,good,no,3,88,95,95,92.66666667,,,
8/9/11,Murphy Dome,MD-1,JH BC CN,getting better,1,PIMA,1,7,5.1,3.9,core,good,no,1,40,,,40,,,
8/9/11,Murphy Dome,MD-1,JH BC CN,getting better,1,PIMA,2,9,8.4,6.4,core,good,no,1,42,,,42,,,
8/9/11,Murphy Dome,MD-1,JH BC CN,getting better,1,PIMA,3,10,6.7,5.1,core,good,no,1,45,,,45,,doesn't look like other PICEASP cores… looks more like a birch?,
8/9/11,Murphy Dome,MD-1,JH BC CN,getting better,1,PIMA,4,8,7.8,6.4,core,good,no,1,44,,,44,,,
8/9/11,Murphy Dome,MD-1,JH BC CN,getting better,1,PIMA,5,12,11.5,8.2,core,good,no,1,40,,,40,,,
8/9/11,Murphy Dome,MD-1,JH BC CN,getting better,2,POTR,1,11,13.5,10.7,core,good,no,2,51,50,,50.5,,,
8/9/11,Murphy Dome,MD-1,JH BC CN,getting better,2,POTR,2,10,6.1,5.4,core,good,no,2,40,40,,40,,way off pith,
8/9/11,Murphy Dome,MD-1,JH BC CN,getting better,2,POTR,3,16,9.8,8,core,good,no,1,40,,,40,,incomplete core,age is minimum age bc core ends before pith
8/9/11,Murphy Dome,MD-1,JH BC CN,getting better,2,POTR,4,10,8.5,7.5,core,good,no,2,44,45,,44.5,,,
8/9/11,Murphy Dome,MD-1,JH BC CN,getting better,2,POTR,5,11,8.5,6.9,core,good,no,1,40,,,40,missing pith on mount?,incomplete core,age is minimum age bc core ends before pith
8/9/11,Murphy Dome,MD-1,JH BC CN,getting better,3,PIMA,1,9,2.6,0.8,cookie,good,no,1,35,,,35,,,
8/9/11,Murphy Dome,MD-1,JH BC CN,getting better,3,PIMA,2,6,1.9,0.8,cookie,good,no,1,32,,,32,,,
8/9/11,Murphy Dome,MD-1,JH BC CN,getting better,3,PIMA,3,6,2.8,0.8,cookie,good,no,1,38,,,38,,,
8/9/11,Murphy Dome,MD-1,JH BC CN,getting better,3,PIMA,4,6,1.9,0.9,cookie,good,no,2,38,39,,38.5,,,
8/9/11,Murphy Dome,MD-1,JH BC CN,getting better,3,PIMA,5,6,1.9,0.8,cookie,good,no,1,32,,,32,,,
8/9/11,Murphy Dome,MD-2,CN BC,nicer,1,PIMA,1,10,5.9,5,core,good,no,2,32,33,,32.5,,,
8/9/11,Murphy Dome,MD-2,CN BC,nicer,1,PIMA,2,7,5,3.8,core,good,no,2,30,32,,31,,,
8/9/11,Murphy Dome,MD-2,CN BC,nicer,1,PIMA,3,15,10,7.6,core,good,no,2,41,41,,41,,,
8/9/11,Murphy Dome,MD-2,CN BC,nicer,1,PIMA,4,10,6.3,5.2,core,good,no,1,35,,,35,,,
8/9/11,Murphy Dome,MD-2,CN BC,nicer,1,PIMA,5,9,5,4.1,core,good,no,2,44,46,,45,,good!,
8/9/11,Murphy Dome,MD-2,CN BC,nicer,2,PIMA,1,8,2.1,0.5,cookie,good,no,1,37,,,37,,,
8/9/11,Murphy Dome,MD-2,CN BC,nicer,2,PIMA,2,8,2.8,1.4,cookie,good,no,1,35,,,35,,,
8/9/11,Murphy Dome,MD-2,CN BC,nicer,2,PIMA,3,8,2.3,1.2,cookie,good,no,1,34,,,34,,,
8/9/11,Murphy Dome,MD-2,CN BC,nicer,2,PIMA,4,8,1.8,<DBH,cookie,good,no,1,36,,,36,,,
8/9/11,Murphy Dome,MD-2,CN BC,nicer,2,PIMA,5,8,2,<DBH,cookie,good,no,1,40,,,40,,,
8/9/11,Murphy Dome,MD-2,CN BC,nicer,3,BENE,1,20,12.5,10.1,core,good,no,1,45,,,45,,,
8/9/11,Murphy Dome,MD-2,CN BC,nicer,3,BENE,2,9,8,6,core,good,no,1,24,,,24,,"weird scars cover most of core, don't trust count",
8/9/11,Murphy Dome,MD-2,CN BC,nicer,3,BENE,3,11,11.9,8.6,core,good,no,1,44,,,44,,few years off pith,
8/9/11,Murphy Dome,MD-2,CN BC,nicer,3,BENE,4,10,7.1,5.1,core,good,no,1,42,,,42,,,
8/9/11,Murphy Dome,MD-2,CN BC,nicer,4,POTR,1,15,19.8,17.6,core,good,no,2,47,43,,45,,,
8/9/11,Murphy Dome,MD-2,CN BC,nicer,4,POTR,2,15,14,12,core,good,no,1,48,,,48,,first age no good- mistaken where pith was,
8/9/11,Murphy Dome,MD-2,CN BC,nicer,4,POTR,3,17,21.5,18,core,good,no,0,,,,#DIV/0!,,can't tell where pith is,TRASH
8/9/11,Murphy Dome,MD-2,CN BC,nicer,4,POTR,4,18,16.1,13.6,core,good,no,2,47,48,,47.5,,,
8/9/11,Murphy Dome,MD-2,CN BC,nicer,4,POTR,5,20,18.7,17.4,core,good,no,1,48,,,48,,first age no good- mistaken where pith was,
8/10/11,Murphy Dome,MD-3,BC,partly sunny,1,PIMA,1,45,20.4,15.8,core,VERY rotten at pith,no,2,97,104,,100.5,cored trees on SW side of plot,very rotten at pith,nearly impossible to get consistant count bc of core quality
8/10/11,Murphy Dome,MD-3,BC,partly sunny,1,PIMA,2,45,21.2,19.5,core,good,no,2,164,162,,163,cored trees on SW side of plot,,
8/10/11,Murphy Dome,MD-3,BC,partly sunny,1,PIMA,3,70,21.4,18.5,core,good,no,2,122,120,,121,cored trees on SW side of plot,,
8/10/11,Murphy Dome,MD-3,BC,partly sunny,1,PIMA,4,58,19.3,16.2,core,good,no,2,116,120,,118,cored trees on SW side of plot,,
8/10/11,Murphy Dome,MD-3,BC,partly sunny,1,PIMA,5,53,18,15,core,good,no,2,167,173,,170,cored trees on SW side of plot,,
8/10/11,Murphy Dome,MD-3,BC,partly sunny,2,PIMA,1,30,10.5,8.4,core,good,no,2,89,90,,89.5,cored trees on SW side of plot,,
8/10/11,Murphy Dome,MD-3,BC,partly sunny,2,PIMA,2,20,6.5,5.4,core,good,no,0,,,,#DIV/0!,cored trees on SW side of plot,incomplete core,TRASH
8/10/11,Murphy Dome,MD-3,BC,partly sunny,2,PIMA,3,33,9.9,7.4,core,good,no,2,85,85,,85,cored trees on SW side of plot,,
8/10/11,Murphy Dome,MD-3,BC,partly sunny,2,PIMA,4,36,8,6.3,core,good,no,2,146,148,,147,cored trees on SW side of plot,,
8/10/11,Murphy Dome,MD-3,BC,partly sunny,2,PIMA,5,27,9,6.2,core,good,no,2,113,105,,109,cored trees on SW side of plot,,
8/10/11,Murphy Dome,MD-3,BC,partly sunny,3,PIMA,1,30,2.1,<DBH,cookie,good,no,2,61,62,,61.5,,,
8/10/11,Murphy Dome,MD-3,BC,partly sunny,3,PIMA,2,30,1.9,0.8,cookie,good,no,2,72,71,,71.5,,,
8/10/11,Murphy Dome,MD-3,BC,partly sunny,3,PIMA,3,30,2.7,1.2,cookie,good,no,2,56,60,,58,,,
8/10/11,Murphy Dome,MD-3,BC,partly sunny,3,PIMA,4,30,2.9,1.1,cookie,good,no,2,58,60,,59,,,
8/10/11,Murphy Dome,MD-3,BC,partly sunny,3,PIMA,5,30,2.3,<DBH,cookie,good,no,2,66,63,,64.5,,,
8/10/11,Murphy Dome,MD-4,BC CL LRC,partly sunny,1,BENE,1,24,14.2,11.7,core,slightly off center,no,2,37,38,,37.5,,few years off pith,
8/10/11,Murphy Dome,MD-4,BC CL LRC,partly sunny,1,BENE,2,24,24.7,17.5,core,light rot at center,no,0,,,,#DIV/0!,,can't tell where pith is,TRASH
8/10/11,Murphy Dome,MD-4,BC CL LRC,partly sunny,1,BENE,3,20,14.7,10.9,core,good,no,2,32,33,,32.5,,few years off pith,
8/10/11,Murphy Dome,MD-4,BC CL LRC,partly sunny,1,BENE,4,35,20.4,15.8,core,good,no,2,48,49,,48.5,,,
8/10/11,Murphy Dome,MD-4,BC CL LRC,partly sunny,1,BENE,5,15,12.1,8.6,core,good,no,2,47,43,,45,,,
8/10/11,Murphy Dome,MD-4,BC CL LRC,partly sunny,2,PIGL,1,16,10.3,8.3,core,good,no,1,41,,,41,,few years pith,
8/10/11,Murphy Dome,MD-4,BC CL LRC,partly sunny,2,PIGL,2,15,7.7,6.1,core,good,no,1,46,,,46,,,
8/10/11,Murphy Dome,MD-4,BC CL LRC,partly sunny,2,PIGL,3,16,9.7,6.8,core,good,no,2,39,37,,38,,few years off pith,
8/10/11,Murphy Dome,MD-4,BC CL LRC,partly sunny,2,PIGL,4,16,8.4,7.4,core,good,no,1,46,,,46,,,
8/10/11,Murphy Dome,MD-4,BC CL LRC,partly sunny,2,PIGL,5,14,14.9,10.3,core,good,no,2,33,34,,33.5,,few years off pith,
8/10/11,Murphy Dome,MD-5,BC,partly sunny,1,BENE,1,23,12.6,10,core,good,no,0,,,,#DIV/0!,,"core def not a BENE, did not count, put in problem pile",
8/10/11,Murphy Dome,MD-5,BC,partly sunny,1,BENE,2,21,16.5,12,core,good,no,2,47,45,,46,,"hard to read rings, had to mark with pencil",first count not good
8/10/11,Murphy Dome,MD-5,BC,partly sunny,1,BENE,3,21,16,11.8,core,light rot at center,no,2,41,43,,42,,"hard to read rings, had to mark with pencil",first count not good
8/10/11,Murphy Dome,MD-5,BC,partly sunny,1,BENE,4,25,14.7,11.9,core,light rot at center,no,2,48,48,,48,,,
8/10/11,Murphy Dome,MD-5,BC,partly sunny,1,BENE,5,29,20.4,14.8,core,good,no,2,49,45,,47,,,
8/10/11,Murphy Dome,MD-5,BC,partly sunny,2,PIMA,1,23,8.8,7.6,core,good,no,1,48,,,48,,,
8/10/11,Murphy Dome,MD-5,BC,partly sunny,2,PIMA,2,20,9.7,7.7,core,good,no,2,39,39,,39,,few years off pith,
8/10/11,Murphy Dome,MD-5,BC,partly sunny,2,PIMA,3,16,9.5,7.6,core,good,no,1,43,,,43,,,
8/10/11,Murphy Dome,MD-5,BC,partly sunny,2,PIMA,4,20,9.5,7.3,core,good,no,2,43,43,,43,,,
8/10/11,Murphy Dome,MD-5,BC,partly sunny,2,PIMA,5,17,9.5,7.7,core,good,no,2,49,50,,49.5,,,
8/11/11,Murphy Dome,MD-6,BC CN,cloudy,1,BENE,1,23,13.3,10.4,core,light rot at center,no,1,45,,,45,,crack at pith,"this is the third count- must have counted non-rings as rings, still hard to read"
8/11/11,Murphy Dome,MD-6,BC CN,cloudy,1,BENE,2,21,12,9.6,core,good,no,1,47,,,47,,very good,"this is the third count- must have counted non-rings as rings, still hard to read"
8/11/11,Murphy Dome,MD-6,BC CN,cloudy,1,BENE,3,35,24.3,17.3,core,good,no,1,40,,,40,,2 big cracks- really hard to read,"this is the third count- must have counted non-rings as rings, still hard to read"
8/11/11,Murphy Dome,MD-6,BC CN,cloudy,1,BENE,4,20,19.4,13.2,core,dark brown pith,no,1,38,,,38,,,"this is the third count- must have counted non-rings as rings, still hard to read"
8/11/11,Murphy Dome,MD-6,BC CN,cloudy,1,BENE,5,23,19.4,14.1,core,good,no,1,40,,,40,,"bad break at beginning, probably lost a few years","this is the third count- must have counted non-rings as rings, still hard to read"
8/11/11,Murphy Dome,MD-6,BC CN,cloudy,2,PIMA,1,17,9.8,8.6,core,good,no,2,48,46,,47,,cracked,
8/11/11,Murphy Dome,MD-6,BC CN,cloudy,2,PIMA,2,18,12.9,9.9,core,good,no,2,47,47,,47,,,
8/11/11,Murphy Dome,MD-6,BC CN,cloudy,2,PIMA,3,18,10.4,8.2,core,good,no,2,48,49,,48.5,,,
8/11/11,Murphy Dome,MD-6,BC CN,cloudy,2,PIMA,4,16,9.6,6.9,core,good,no,2,50,50,,50,,very nice,
8/11/11,Murphy Dome,MD-6,BC CN,cloudy,2,PIMA,5,16,7.6,5.9,core,good,no,2,49,49,,49,,,
8/11/11,Murphy Dome,MD-7,BC CN,nice,1,BENE,1,18,7.6,4.7,core,rotten pith,no,2,41,41,,41,,,"used most recent count, first counts not accurate"
8/11/11,Murphy Dome,MD-7,BC CN,nice,1,BENE,2,16,7.5,4.9,core,good,no,1,44,,,44,,,"used most recent count, first counts not accurate"
8/11/11,Murphy Dome,MD-7,BC CN,nice,1,BENE,3,32,12.6,9.6,core,good,no,1,43,,,43,,hard to see pith,"used most recent count, first counts not accurate"
8/11/11,Murphy Dome,MD-7,BC CN,nice,1,BENE,4,18,13.9,9.1,core,good,no,1,43,,,43,,,"used most recent count, first counts not accurate"
8/11/11,Murphy Dome,MD-7,BC CN,nice,1,BENE,5,19,13.5,8.3,core,good,no,1,47,,,47,,cracked at pith,"used most recent count, first counts not accurate"
8/11/11,Murphy Dome,MD-7,BC CN,nice,2,PIMA,1,22,10.7,8,core,branch?,no,3,34,35,38,35.66666667,,"weird scar, broken chunk",
8/11/11,Murphy Dome,MD-7,BC CN,nice,2,PIMA,2,14,9.1,7,core,good,no,3,42,40,40,40.66666667,,,
8/11/11,Murphy Dome,MD-7,BC CN,nice,2,PIMA,3,19,6.8,5.1,core,good,no,3,43,40,40,41,,crack at pith,
8/11/11,Murphy Dome,MD-7,BC CN,nice,2,PIMA,4,19,10.5,8,core,good,no,2,48,33,,40.5,,,
8/11/11,Murphy Dome,MD-7,BC CN,nice,2,PIMA,5,15,10.8,7.4,core,good,no,2,42,39,,40.5,,very nice,
8/11/11,Murphy Dome,MD-7,BC CN,nice,3,PIMA,1,15,2.3,1.5,cookie,good,no,1,45,,,45,,"moldy on inside, even after sanding- hard to see some rings",
8/11/11,Murphy Dome,MD-7,BC CN,nice,3,PIMA,2,15,2,0.4,cookie,good,no,2,36,37,,36.5,,"moldy on inside, even after sanding- hard to see some rings",
8/11/11,Murphy Dome,MD-7,BC CN,nice,3,PIMA,3,15,1.5,0.5,cookie,good,no,2,25,26,,25.5,,"moldy on inside, even after sanding- hard to see some rings",
8/11/11,Murphy Dome,MD-7,BC CN,nice,3,PIMA,4,15,2.6,0.8,cookie,good,no,2,37,38,,37.5,,"moldy on inside, even after sanding- hard to see some rings",
8/11/11,Murphy Dome,MD-7,BC CN,nice,3,PIMA,5,15,1.9,0.5,cookie,good,no,2,34,35,,34.5,,"moldy on inside, even after sanding- hard to see some rings",
8/11/11,Murphy Dome,MD-8,BC CN,nice,1,PIMA,1,30,6,4,core,good,no,1,39,40,,39.5,,,
8/11/11,Murphy Dome,MD-8,BC CN,nice,1,PIMA,2,30,5.2,3.5,core,good,no,1,40,,,40,,,
8/11/11,Murphy Dome,MD-8,BC CN,nice,1,PIMA,3,30,5.4,3.5,core,good,no,1,42,,,42,,,
8/11/11,Murphy Dome,MD-8,BC CN,nice,1,PIMA,4,30,5.4,4,core,good,no,1,44,,,44,,,
8/11/11,Murphy Dome,MD-8,BC CN,nice,1,PIMA,5,30,7,4.7,core,good,no,1,28,,,28,,way off pith,
8/11/11,Murphy Dome,MD-8,BC CN,nice,2,PIMA,1,30,2.7,<DBH,cookie,good,no,2,44,40,,42,,,
8/11/11,Murphy Dome,MD-8,BC CN,nice,2,PIMA,2,30,2.3,<DBH,cookie,good,no,2,28,29,,28.5,,,
8/11/11,Murphy Dome,MD-8,BC CN,nice,2,PIMA,3,30,3.5,<DBH,cookie,good,no,2,30,31,,30.5,,,
8/11/11,Murphy Dome,MD-8,BC CN,nice,2,PIMA,4,30,2.2,<DBH,cookie,good,no,2,29,28,,28.5,,,
8/11/11,Murphy Dome,MD-8,BC CN,nice,2,PIMA,5,30,2.4,<DBH,cookie,good,no,2,36,35,,35.5,,,
8/11/11,Murphy Dome,MD-8,BC CN,nice,3,CBSNBC ,1,30,7.5,5.6,cookie,good,"yes, dead",1,132,,,132,,,
8/11/11,Murphy Dome,MD-8,BC CN,nice,3,CBSNBC ,2,30,6.1,4.8,cookie,good,"yes, dead",1,126,,,126,,,
8/11/11,Murphy Dome,MD-8,BC CN,nice,3,CBSNBC ,3,30,7.8,5.6,cookie,good,"yes, dead",1,126,,,126,,,
8/11/11,Murphy Dome,MD-8,BC CN,nice,3,CBSNBC ,4,30,7.1,5.1,cookie,little rotten,"yes, dead",1,129,,,129,,,
8/11/11,Murphy Dome,MD-8,BC CN,nice,3,CBSNBC ,5,30,8.6,6.4,cookie,good,"yes, dead",1,129,,,129,,,
8/11/11,Murphy Dome,MD-8,BC CN,nice,4,BENE,1,30,2.4,<DBH,cookie,good,no,1,30,,,30,,,
8/11/11,Murphy Dome,MD-8,BC CN,nice,4,BENE,2,30,2.3,<DBH,cookie,good,no,2,32,31,,31.5,,,
8/11/11,Murphy Dome,MD-8,BC CN,nice,4,BENE,3,30,4.1,1.8,cookie,good,no,1,33,,,33,,,
8/11/11,Murphy Dome,MD-8,BC CN,nice,4,BENE,4,30,2.9,1.2,cookie,good,no,2,34,32,,33,,,
8/11/11,Murphy Dome,MD-8,BC CN,nice,4,BENE,5,30,2.2,1.4,cookie,good,no,2,28,31,,29.5,,,
8/11/11,Murphy Dome,MD-U1,BC CN,clear skies,1,PIMA,1,60,26.9,23.2,core,good,no,0,,,,#DIV/0!,,,TRASH
8/11/11,Murphy Dome,MD-U1,BC CN,clear skies,1,PIMA,2,45,38.4,25.5,core,good,no,1,87,,,87,,hard to see pith,count is an estimate
8/11/11,Murphy Dome,MD-U1,BC CN,clear skies,1,PIMA,3,50,30,21.5,core,good,no,2,95,94,,94.5,,,
8/11/11,Murphy Dome,MD-U1,BC CN,clear skies,1,PIMA,4,50,25.4,20,core,good,no,2,100,103,,101.5,,,
8/11/11,Murphy Dome,MD-U1,BC CN,clear skies,1,PIMA,5,50,24.3,19.3,core,all cracked up,no,0,,,,#DIV/0!,"too broken to mount- broken at pith, not counted",,TRASH
8/11/11,Murphy Dome,MD-U1,BC CN,clear skies,2,PIMA,1,40,14.6,10.4,core,good,no,2,98,96,,97,,,
8/11/11,Murphy Dome,MD-U1,BC CN,clear skies,2,PIMA,2,40,13,9.3,core,good,no,2,87,89,,88,,,
8/11/11,Murphy Dome,MD-U1,BC CN,clear skies,2,PIMA,3,40,7.3,6.8,core,good,no,2,59,60,,59.5,,,
8/11/11,Murphy Dome,MD-U1,BC CN,clear skies,2,PIMA,4,60,8.7,4.7,core,good,no,1,,,,#DIV/0!,,,TRASH
8/11/11,Murphy Dome,MD-U1,BC CN,clear skies,2,PIMA,5,40,11.2,8.1,core,good,no,2,55,55,,55,,,
8/11/11,Murphy Dome,MD-U1,BC CN,clear skies,3,PIMA,1,40,2,0.3,cookie,good,no,2,29,27,,28,,,
8/11/11,Murphy Dome,MD-U1,BC CN,clear skies,3,PIMA,2,40,2.6,1.6,cookie,good,no,2,41,41,,41,,,
8/11/11,Murphy Dome,MD-U1,BC CN,clear skies,3,PIMA,3,40,2.2,0.9,cookie,good,no,2,28,24,,26,,,
8/11/11,Murphy Dome,MD-U1,BC CN,clear skies,3,PIMA,4,40,2.4,1.4,cookie,good,no,2,41,39,,40,,,
8/11/11,Murphy Dome,MD-U1,BC CN,clear skies,3,PIMA,5,40,2,1.3,cookie,good,no,2,33,29,,31,,,
8/11/11,Murphy Dome,MD-U1,BC CN,clear skies,4,BENE,1,70,11.3,9.4,core,rotten center,no,1,62,,,62,,"rotten center, can't find pith",
8/11/11,Murphy Dome,MD-U1,BC CN,clear skies,4,BENE,2,40,19.5,7,core,good,no,1,42,,,42,,can't see pith,count is an estimate
8/11/11,Murphy Dome,MD-U1,BC CN,clear skies,4,BENE,3,50,23,10.5,core,rotten center,no,2,50,54,,52,"taller than average, ~10m",,
8/11/11,Murphy Dome,MD-U1,BC CN,clear skies,4,BENE,4,60,23,16.4,core,good,no,2,96,93,,94.5,"taller than average, ~10m",can't see pith,
8/25/11,Murphy Dome,MD-U2,BC,sunny,1,BENE,1,60,28.4,22,core,rotten center,no,1,92,,,92,,"core in 2 pieces, just counted one",count is an estimate
8/25/11,Murphy Dome,MD-U2,BC,sunny,1,BENE,2,150,40,38,core,rotten center,no,2,87,88,,87.5,,,
8/25/11,Murphy Dome,MD-U2,BC,sunny,1,BENE,3,60,32.7,24.8,core,rotten center,no,1,81,,,81,,can't see pith,
8/25/11,Murphy Dome,MD-U2,BC,sunny,1,BENE,4,90,35,31,core,rotten center,no,1,21,,,21,,not sure about pith,age is an estimate
8/25/11,Murphy Dome,MD-U2,BC,sunny,1,BENE,5,90,35,31,core,good,no,1,77,,,77,,can't see pith,age is an estimate
8/25/11,Murphy Dome,MD-U2,BC,sunny,2,BENE,1,70,17.8,13.2,core,good,no,2,52,48,,50,,,
8/25/11,Murphy Dome,MD-U2,BC,sunny,2,BENE,2,60,14.5,11.7,core,goodish,no,2,47,44,,45.5,,,
8/25/11,Murphy Dome,MD-U2,BC,sunny,3,PIMA,1,30,17.1,13.7,core,good,no,2,62,62,,62,,,
8/25/11,Murphy Dome,MD-U2,BC,sunny,3,PIMA,2,50,19.6,15.3,core,good,no,2,47,46,,46.5,,few years off pith,
8/25/11,Murphy Dome,MD-U2,BC,sunny,3,PIMA,3,60,23,20.7,core,good,no,2,122,122,,122,,,
8/25/11,Murphy Dome,MD-U2,BC,sunny,3,PIMA,4,80,25,22,core,good,no,2,132,135,,133.5,,,
8/25/11,Murphy Dome,MD-U2,BC,sunny,3,PIMA,5,70,20.7,18.5,core,good,no,2,121,118,,119.5,,,
9/6/11,Wickersham Dome,WD-1,BC,sunny,1,PIMA,1,25,7.8,3.6,core,good,no,1,32,,,32,,,
9/6/11,Wickersham Dome,WD-1,BC,sunny,1,PIMA,2,30,6,3.7,core,good,no,2,23,24,,23.5,,few years off pith,
9/6/11,Wickersham Dome,WD-1,BC,sunny,1,PIMA,3,25,8.4,4.5,core,good,no,1,35,,,35,,,
9/6/11,Wickersham Dome,WD-1,BC,sunny,1,PIMA,4,30,15.3,8.1,core,good,no,2,82,83,,82.5,possible fire survivor,,
9/6/11,Wickersham Dome,WD-1,BC,sunny,1,PIMA,5,35,19.5,14.3,core,good,no,2,90,94,,92,possible fire survivor,few years off pith,
9/6/11,Wickersham Dome,WD-1,BC,sunny,2,PIMA,1,20,3.3,<DBH,cookie,good,no,2,56,53,,54.5,,,
9/6/11,Wickersham Dome,WD-1,BC,sunny,2,PIMA,2,20,2.4,<DBH,cookie,good,no,1,30,,,30,,,
9/6/11,Wickersham Dome,WD-1,BC,sunny,2,PIMA,3,20,1.9,<DBH,cookie,good,no,1,34,,,34,,,
9/6/11,Wickersham Dome,WD-1,BC,sunny,2,PIMA,4,20,2.7,<DBH,cookie,good,no,1,34,,,34,,,
9/6/11,Wickersham Dome,WD-1,BC,sunny,2,PIMA,5,25,3.1,<DBH,cookie,good,no,1,34,,,34,,,
9/6/11,Wickersham Dome,WD-1,BC,sunny,3,CBSNBC,1,20,5.6,6,cookie,good,no,2,79,78,,78.5,,much smaller than other three,
9/6/11,Wickersham Dome,WD-1,BC,sunny,3,CBSNBC,2,20,11.9,6,cookie,good,no,3,161,164,162,162.3333333,,,
9/6/11,Wickersham Dome,WD-1,BC,sunny,3,CBSNBC,3,20,6.4,6,cookie,good,no,1,150,,,150,,,
9/6/11,Wickersham Dome,WD-1,BC,sunny,3,CBSNBC,4,20,11.6,6,cookie,very rotten center- holes!,no,1,169,,,169,,no pith (holes)- count is minimum age,
9/8/11,Wickersham Dome,WD-2,JH CN,nice,1,BENE,1,25,13.5,11.3,core,good,no,1,35,,,35,,,
9/8/11,Wickersham Dome,WD-2,JH CN,nice,1,BENE,2,37,12.1,8.6,core,good,no,1,34,,,34,,few years off pith,
9/8/11,Wickersham Dome,WD-2,JH CN,nice,1,BENE,3,48,11.2,10.4,core,good,no,1,37,,,37,,,
9/8/11,Wickersham Dome,WD-2,JH CN,nice,1,BENE,4,35,14.7,11.4,core,good,no,1,35,,,35,,,
9/8/11,Wickersham Dome,WD-2,JH CN,nice,1,BENE,5,36,15.1,13.4,core,good,no,1,31,,,31,,few years off pith,
9/8/11,Wickersham Dome,WD-2,JH CN,nice,2,PIMA,1,23,7.1,5.3,core,good,no,1,13,,,13,,way off pith,
9/8/11,Wickersham Dome,WD-2,JH CN,nice,2,PIMA,2,23,6.4,4.9,core,good,no,1,13,,,13,,way off pith,
9/8/11,Wickersham Dome,WD-2,JH CN,nice,2,PIMA,3,14.3,7.5,5.4,core,good,no,1,29,,,29,,,
9/8/11,Wickersham Dome,WD-2,JH CN,nice,2,PIMA,4,12,9,6.4,core,good,no,2,20,21,,20.5,,off pith,
9/8/11,Wickersham Dome,WD-2,JH CN,nice,2,PIMA,5,17,7.4,9,core,good,no,1,25,,,25,,perfect core- great pith!,
9/8/11,Wickersham Dome,WD-2,JH CN,nice,3,PIMA,1,8,3.8,<DBH,cookie,good,no,2,19,21,,20,, ,
9/8/11,Wickersham Dome,WD-2,JH CN,nice,3,PIMA,2,8,3.2,<DBH,cookie,good,no,3,29,26,27,27.33333333,,,
9/8/11,Wickersham Dome,WD-2,JH CN,nice,3,PIMA,3,8,2.9,<DBH,cookie,good,no,2,20,22,,21,,,
9/8/11,Wickersham Dome,WD-2,JH CN,nice,3,PIMA,4,8,2.3,<DBH,cookie,good,no,2,24,23,,23.5,,,
9/8/11,Wickersham Dome,WD-2,JH CN,nice,3,PIMA,5,8,2.1,<DBH,cookie,good,no,2,25,26,,25.5,,,
9/8/11,Wickersham Dome,WD-3,JH CL,cloudy,1,PIMA,1,17,11.4,9.5,core,good,no,2,18,18,,18,,way off pith ,
9/8/11,Wickersham Dome,WD-3,JH CL,cloudy,1,PIMA,2,15,9.8,8,core,good,no,1,26,,,26,,way off pith ,
9/8/11,Wickersham Dome,WD-3,JH CL,cloudy,1,PIMA,3,16,7.6,6.5,core,good,no,1,28,,,28,,,
9/8/11,Wickersham Dome,WD-3,JH CL,cloudy,1,PIMA,4,19,15.4,12.1,core,good,no,2,25,25,,25,,,
9/8/11,Wickersham Dome,WD-3,JH CL,cloudy,1,PIMA,5,22,15.2,11,core,good,no,2,32,32,,32,,best of cohort,
9/8/11,Wickersham Dome,WD-3,JH CL,cloudy,2,BENE,1,19,19.7,13.4,core,good,no,1,29,,,29,,,
9/8/11,Wickersham Dome,WD-3,JH CL,cloudy,2,BENE,2,18,18,25.1,core,good,no,2,33,35,,34,,,
9/8/11,Wickersham Dome,WD-3,JH CL,cloudy,2,BENE,3,18,17.8,14.6,core,good,no,1,28,,,28,,,
9/8/11,Wickersham Dome,WD-3,JH CL,cloudy,2,BENE,4,40,14.4,16.6,core,good,no,2,23,24,,23.5,,way off pith,
9/8/11,Wickersham Dome,WD-3,JH CL,cloudy,2,BENE,5,35,15.7,13.4,core,good,no,1,34,,,34,,,
9/8/11,Wickersham Dome,WD-3,JH CL,cloudy,3,PIMA,1,8,1.6,0.4,cookie,good,no,2,21,20,,20.5,,,
9/8/11,Wickersham Dome,WD-3,JH CL,cloudy,3,PIMA,2,8,1.2,<DBH,cookie,good,no,2,16,17,,16.5,,,
9/8/11,Wickersham Dome,WD-3,JH CL,cloudy,3,PIMA,3,8,1.6,<DBH,cookie,good,no,1,19,,,19,,,
9/8/11,Wickersham Dome,WD-3,JH CL,cloudy,3,PIMA,4,8,2.3,<DBH,cookie,good,no,2,15,16,,15.5,,,
9/8/11,Wickersham Dome,WD-3,JH CL,cloudy,3,PIMA,5,8,2.5,<DBH,cookie,good,no,1,15,,,15,,,
9/8/11,Wickersham Dome,WD-4,JH LRC CL CN,clear skies,1,BENE,1,12.4,19.8,15.7,core,good,no,3,32,34,34,33.33333333,,,
9/8/11,Wickersham Dome,WD-4,JH LRC CL CN,clear skies,1,BENE,2,11.2,15.9,11.2,core,good,no,2,30,29,,29.5,,few years off pith,
9/8/11,Wickersham Dome,WD-4,JH LRC CL CN,clear skies,1,BENE,3,14.1,17.2,13.7,core,good,no,1,37,,,37,,,
9/8/11,Wickersham Dome,WD-4,JH LRC CL CN,clear skies,1,BENE,4,12.1,17.5,11.4,core,good,no,1,34,,,34,,,
9/8/11,Wickersham Dome,WD-4,JH LRC CL CN,clear skies,1,BENE,5,12.2,14.2,11.5,core,good,no,1,38,,,38,,,
9/8/11,Wickersham Dome,WD-4,JH LRC CL CN,clear skies,2,PIMA,1,10,2,<DBH,cookie,good,no,2,26,23,,24.5,,,
9/8/11,Wickersham Dome,WD-4,JH LRC CL CN,clear skies,2,PIMA,2,10,1.3,<DBH,cookie,good,no,1,17,,,17,,,
9/8/11,Wickersham Dome,WD-4,JH LRC CL CN,clear skies,2,PIMA,3,10,1.7,<DBH,cookie,good,no,1,21,,,21,,,
9/8/11,Wickersham Dome,WD-4,JH LRC CL CN,clear skies,2,PIMA,4,10,1.6,<DBH,cookie,good,no,1,18,,,18,,,
9/8/11,Wickersham Dome,WD-4,JH LRC CL CN,clear skies,2,PIMA,5,10,1.5,<DBH,cookie,good,no,1,22,,,22,,,
9/8/11,Wickersham Dome,WD-4,JH LRC CL CN,clear skies,3,PIMA,1,11.2,10.1,8.1,core,good,no,1,33,,,33,,very good pith,1 & 2 are more accurate ages
9/8/11,Wickersham Dome,WD-4,JH LRC CL CN,clear skies,3,PIMA,2,11.1,16.8,13.5,core,good,no,1,34,,,34,,very good pith,1 & 2 are more accurate ages
9/8/11,Wickersham Dome,WD-4,JH LRC CL CN,clear skies,3,PIMA,3,12.3,12.8,9.5,core,good,no,1,25,,,25,,few years off pith,
9/8/11,Wickersham Dome,WD-4,JH LRC CL CN,clear skies,3,PIMA,4,11.3,10.7,8.2,core,good,no,1,26,,,26,,few years off pith,
9/8/11,Wickersham Dome,WD-4,JH LRC CL CN,clear skies,3,PIMA,5,12.1,9.5,7.5,core,good,no,1,26,,,26,,few years off pith,
9/8/11,Wickersham Dome,WD-4,JH LRC CL CN,clear skies,4,BENE,1,10,3.5,2.3,cookie,good,no,3,15,18,17,16.66666667,,,
9/8/11,Wickersham Dome,WD-4,JH LRC CL CN,clear skies,4,BENE,2,10,3.2,2.5,cookie,good,no,2,24,23,,23.5,,,
9/8/11,Wickersham Dome,WD-4,JH LRC CL CN,clear skies,4,BENE,3,10,4.7,3.1,cookie,good,no,2,24,21,,22.5,,,
9/8/11,Wickersham Dome,WD-4,JH LRC CL CN,clear skies,4,BENE,4,10,3.2,2.2,cookie,good,no,2,19,19,,19,,,
9/8/11,Wickersham Dome,WD-4,JH LRC CL CN,clear skies,4,BENE,5,10,3.1,2.1,cookie,good,no,2,17,17,,17,,,
9/14/11,Wickersham Dome,WD-5,BC CN LRC,partly cloudy,1,PIMA,1,17,9.6,7.1,core,good,no,2,54,46,,50,,counted both direction,
9/14/11,Wickersham Dome,WD-5,BC CN LRC,partly cloudy,1,PIMA,2,19,9.6,6.5,core,good,no,2,45,48,,46.5,,weird scars,
9/14/11,Wickersham Dome,WD-5,BC CN LRC,partly cloudy,1,PIMA,3,16,7,5.1,core,good,no,2,26,26,,26,,way off pith,
9/14/11,Wickersham Dome,WD-5,BC CN LRC,partly cloudy,1,PIMA,4,19,9.1,6.7,core,good,no,2,32,36,,34,,good!,
9/14/11,Wickersham Dome,WD-5,BC CN LRC,partly cloudy,1,PIMA,5,21,10.8,7.8,core,good,no,2,29,29,,29,,few years off pith,
9/14/11,Wickersham Dome,WD-5,BC CN LRC,partly cloudy,2,BENE,1,17,11.1,7.4,core,good,no,1,33,,,33,,,
9/14/11,Wickersham Dome,WD-5,BC CN LRC,partly cloudy,2,BENE,2,17,10.7,7.1,core,good,no,1,30,,,30,,,
9/14/11,Wickersham Dome,WD-5,BC CN LRC,partly cloudy,2,BENE,3,21,16.3,11.3,core,good,no,1,37,,,37,,,
9/14/11,Wickersham Dome,WD-5,BC CN LRC,partly cloudy,2,BENE,4,15,9.4,7,core,good,no,1,34,,,34,,,
9/14/11,Wickersham Dome,WD-5,BC CN LRC,partly cloudy,2,BENE,5,15,11,6.6,core,good,no,1,34,,,34,,,
9/14/11,Wickersham Dome,WD-5,BC CN LRC,partly cloudy,3,PIMA,1,10,2.5,<DBH,cookie,good,no,1,28,,,28,,,
9/14/11,Wickersham Dome,WD-5,BC CN LRC,partly cloudy,3,PIMA,2,10,2.1,<DBH,cookie,good,no,1,28,,,28,,,
9/14/11,Wickersham Dome,WD-5,BC CN LRC,partly cloudy,3,PIMA,3,10,2.2,<DBH,cookie,good,no,1,28,,,28,,,
9/14/11,Wickersham Dome,WD-5,BC CN LRC,partly cloudy,3,PIMA,4,10,2.6,<DBH,cookie,good,no,1,29,,,29,,,
9/14/11,Wickersham Dome,WD-5,BC CN LRC,partly cloudy,3,PIMA,5,10,2.1,<DBH,cookie,good,no,1,31,,,31,,,
9/14/11,Wickersham Dome,WD-5,BC CN LRC,partly cloudy,4,BENE,1,10,2.5,3.6,cookie,good,no,1,33,,,33,,,
9/14/11,Wickersham Dome,WD-5,BC CN LRC,partly cloudy,4,BENE,2,10,2.1,2.4,cookie,good,no,1,36,,,36,,,
9/14/11,Wickersham Dome,WD-5,BC CN LRC,partly cloudy,4,BENE,3,10,2.2,3,cookie,good,no,1,36,,,36,,,
9/14/11,Wickersham Dome,WD-5,BC CN LRC,partly cloudy,4,BENE,4,10,2.6,2.3,cookie,good,no,1,37,,,37,,,
9/14/11,Wickersham Dome,WD-5,BC CN LRC,partly cloudy,4,BENE,5,10,2.1,2.8,cookie,good,no,0,,,,#DIV/0!,,,TRASH
9/14/11,Wickersham Dome,WD-5,BC CN LRC,partly cloudy,5,CBSNBC,1,10,4.2,12,cookie,good,no,2,149,146,,147.5,,,
9/14/11,Wickersham Dome,WD-5,BC CN LRC,partly cloudy,5,CBSNBC,2,10,4.6,12,cookie,good,no,1,145,,,145,,,
9/14/11,Wickersham Dome,WD-5,BC CN LRC,partly cloudy,5,CBSNBC,3,10,5,12,cookie,rotten through pith,no,3,211,200,191,200.6666667,,pith so rotten couldn't get accurate count,
9/14/11,Wickersham Dome,WD-5,BC CN LRC,partly cloudy,5,CBSNBC,4,10,3.6,12,cookie,rotten through pith,no,2,167,157,,162,,hole where pith should be,used largest age bc that’s prob closest to the tru age
9/14/11,Wickersham Dome,WD-5,BC CN LRC,partly cloudy,5,CBSNBC,5,10,12.5,12,cookie,good,no,2,149,146,,147.5,,"labeled as WD3, but no field notes about a WD3 CBSNBC. Just put with WD5's to give it a cohort",
9/14/11,Wickersham Dome,WD-6,CN LRC,sunny,1,BENE,1,12,13.5,10,core,good,no,1,33,,,33,,,
9/14/11,Wickersham Dome,WD-6,CN LRC,sunny,1,BENE,2,9,12.6,7.9,core,good,no,1,35,,,35,,really hard to read first rings,
9/14/11,Wickersham Dome,WD-6,CN LRC,sunny,1,BENE,3,10,8.4,5.1,core,good,no,1,35,,,35,,,
9/14/11,Wickersham Dome,WD-6,CN LRC,sunny,1,BENE,4,10,17.8,12.5,core,good,no,1,36,,,36,,,
9/14/11,Wickersham Dome,WD-6,CN LRC,sunny,1,BENE,5,13,9.9,6.9,core,fair,no,1,,,,#DIV/0!,,way off pith - trash?,TRASH
9/14/11,Wickersham Dome,WD-6,CN LRC,sunny,2,PIMA,1,15,13.8,9.5,core,third try,no,2,32,32,,32,,few years off pith,
9/14/11,Wickersham Dome,WD-6,CN LRC,sunny,2,PIMA,2,33,21.5,15.5,core,good,no,2,68,68,,68,,,
9/14/11,Wickersham Dome,WD-6,CN LRC,sunny,2,PIMA,3,19,11.2,7.6,core,good,no,1,16,,,16,,can't tell where pith is,maybe part of younger cohort?
9/14/11,Wickersham Dome,WD-6,CN LRC,sunny,2,PIMA,4,12,7.9,5.3,core,good,no,2,32,33,,32.5,,,
9/14/11,Wickersham Dome,WD-6,CN LRC,sunny,2,PIMA,5,15,7.5,5.8,core,good,no,2,16,16,,16,,,maybe part of younger cohort?
9/14/11,Wickersham Dome,WD-6,CN LRC,sunny,3,POTR,1,23,12.5,11.8,core,some rot,no,2,43,39,,41,,,
9/14/11,Wickersham Dome,WD-6,CN LRC,sunny,3,POTR,2,27,11.4,10.1,core,some rot at pith,no,2,40,38,,39,,,
9/14/11,Wickersham Dome,WD-6,CN LRC,sunny,3,POTR,3,19,10.3,10,core,very rotty,no,2,27,27,,27,,way off pith,
9/14/11,Wickersham Dome,WD-6,CN LRC,sunny,3,POTR,4,30,14.7,13,core,rot at pith,no,2,29,30,,29.5,,few years off pith,
9/14/11,Wickersham Dome,WD-6,CN LRC,sunny,3,POTR,5,27,14.1,12.8,core,rotten,no,2,32,33,,32.5,,,
9/14/11,Wickersham Dome,WD-6,CN LRC,sunny,4,PIMA,1,5,2.3,<DBH,cookie,good,no,1,19,,,19,,,
9/14/11,Wickersham Dome,WD-6,CN LRC,sunny,4,PIMA,2,5,1.7,<DBH,cookie,good,no,1,17,,,17,,,
9/14/11,Wickersham Dome,WD-6,CN LRC,sunny,4,PIMA,3,5,1.7,<DBH,cookie,good,no,1,21,,,21,,,
9/14/11,Wickersham Dome,WD-6,CN LRC,sunny,4,PIMA,4,5,2.3,<DBH,cookie,good,no,1,18,,,18,,,
9/14/11,Wickersham Dome,WD-6,CN LRC,sunny,4,PIMA,5,5,3.2,<DBH,cookie,good,no,1,22,,,22,,,
9/14/11,Wickersham Dome,WD-6,CN LRC,sunny,5,CBSNBC,1,5,9.6,<DBH,cookie,good,no,3,128,130,129,129,,,
9/14/11,Wickersham Dome,WD-6,CN LRC,sunny,5,CBSNBC,2,40,9.3,<DBH,cookie,good,no,1,135,,,135,,,
9/14/11,Wickersham Dome,WD-6,CN LRC,sunny,5,CBSNBC,3,60,17,<DBH,cookie,good,no,1,132,,,132,,,
9/14/11,Wickersham Dome,WD-6,CN LRC,sunny,5,CBSNBC,4,5,14.3,<DBH,cookie,good,no,2,146,146,,146,,,
9/14/11,Wickersham Dome,WD-6,CN LRC,sunny,5,CBSNBC,5,5,13.7,<DBH,cookie,good,no,1,134,,,134,,,
9/14/11,Wickersham Dome,WD-7,LRC CN BC,sunny,1,BENE,1,24,19.1,14.2,core,good,no,2,35,37,,36,,,
9/14/11,Wickersham Dome,WD-7,LRC CN BC,sunny,1,BENE,2,28,16.1,9.4,core,good,no,1,37,,,37,tree forks- two heads!,,
9/14/11,Wickersham Dome,WD-7,LRC CN BC,sunny,1,BENE,3,21,16.4,15.8,core,good,no,2,34,34,,34,tree forks- two heads!,,
9/14/11,Wickersham Dome,WD-7,LRC CN BC,sunny,1,BENE,4,27,21.4,16.8,core,good,no,2,30,30,,30,,,
9/14/11,Wickersham Dome,WD-7,LRC CN BC,sunny,1,BENE,5,16,19.3,15.1,core,good,no,2,33,34,,33.5,,,
9/14/11,Wickersham Dome,WD-7,LRC CN BC,sunny,2,PIMA,1,15,4,4.7,cookie,good,no,1,28,,,28,,,
9/14/11,Wickersham Dome,WD-7,LRC CN BC,sunny,2,PIMA,2,15,4,4,cookie,good,no,1,27,,,27,,,
9/14/11,Wickersham Dome,WD-7,LRC CN BC,sunny,2,PIMA,3,15,6.2,2.5,cookie,good,no,1,24,,,24,,,
9/14/11,Wickersham Dome,WD-7,LRC CN BC,sunny,2,PIMA,4,15,8.7,6,cookie,good,no,1,28,,,28,,,
9/14/11,Wickersham Dome,WD-7,LRC CN BC,sunny,2,PIMA,5,15,9.7,7.7,cookie,good,no,2,30,32,,31,,,
9/14/11,Wickersham Dome,WD-7,LRC CN BC,sunny,3,BENE,1,15,8.6,4.3,cookie,good,no,1,26,,,26,,,
9/14/11,Wickersham Dome,WD-7,LRC CN BC,sunny,3,BENE,2,15,3.2,1.5,cookie,good,no,2,24,23,,23.5,,,
9/14/11,Wickersham Dome,WD-7,LRC CN BC,sunny,3,BENE,3,15,3.9,2.3,cookie,rotten pith,no,1,29,,,29,,,
9/14/11,Wickersham Dome,WD-7,LRC CN BC,sunny,3,BENE,4,15,7.9,1.9,cookie,good,no,1,27,,,27,,,
9/14/11,Wickersham Dome,WD-7,LRC CN BC,sunny,3,BENE,5,15,6.6,2,cookie,good,no,1,24,,,24,,,
9/14/11,Wickersham Dome,WD-7,LRC CN BC,sunny,4,PIMA,1,15,2.3,<DBH,cookie,good,no,2,25,24,,24.5,,,
9/14/11,Wickersham Dome,WD-7,LRC CN BC,sunny,4,PIMA,2,15,2,<DBH,cookie,good,no,2,27,25,,26,,,
9/14/11,Wickersham Dome,WD-7,LRC CN BC,sunny,4,PIMA,3,15,1.7,<DBH,cookie,good,no,2,25,25,,25,,,
9/14/11,Wickersham Dome,WD-7,LRC CN BC,sunny,4,PIMA,4,15,2.1,<DBH,cookie,good,no,2,28,26,,27,,,
9/14/11,Wickersham Dome,WD-7,LRC CN BC,sunny,4,PIMA,5,15,1.5,<DBH,cookie,good,no,2,26,26,,26,,,
9/14/11,Wickersham Dome,WD-7,LRC CN BC,sunny,5,CBSNBC,1,15,50,12,cookie,good,no,2,132,130,,131,,,
9/14/11,Wickersham Dome,WD-7,LRC CN BC,sunny,5,CBSNBC,2,15,15,12,cookie,good,no,1,126,,,126,,,
9/20/11,Wickersham Dome,WD-8,CN,partly cloudy,1,POTR,1,28,10,8.9,core,good,no,1,23,,,23,,hard to read rings,way off pith
9/20/11,Wickersham Dome,WD-8,CN,partly cloudy,1,POTR,2,26,11.5,10.5,core,good,no,1,39,,,39,,,
9/20/11,Wickersham Dome,WD-8,CN,partly cloudy,1,POTR,3,28,10.8,9.5,core,some rot at pith,no,1,39,,,39,,,
9/20/11,Wickersham Dome,WD-8,CN,partly cloudy,1,POTR,4,28,11.2,10,core,good,no,1,37,,,37,,,
9/20/11,Wickersham Dome,WD-8,CN,partly cloudy,1,POTR,5,24,10,9.2,core,good,no,1,36,,,36,,,
9/20/11,Wickersham Dome,WD-8,CN,partly cloudy,2,BENE,1,30,16.5,11.7,core,good,no,1,34,,,34,,,
9/20/11,Wickersham Dome,WD-8,CN,partly cloudy,2,BENE,2,36,13.6,12.2,core,good,no,1,32,,,32,,,
9/20/11,Wickersham Dome,WD-8,CN,partly cloudy,3,PIMA,1,8,2,<DBH,cookie,good,no,2,35,33,,34,,,
9/20/11,Wickersham Dome,WD-8,CN,partly cloudy,3,PIMA,2,8,3.3,1.1,cookie,good,no,2,33,35,,34,,,
9/20/11,Wickersham Dome,WD-8,CN,partly cloudy,3,PIMA,3,8,2.1,<DBH,cookie,good,no,2,29,30,,29.5,,,
9/20/11,Wickersham Dome,WD-8,CN,partly cloudy,3,PIMA,4,8,3,2,cookie,good,no,2,24,25,,24.5,,,
9/20/11,Wickersham Dome,WD-8,CN,partly cloudy,3,PIMA,5,8,1.4,<DBH,cookie,good,no,2,28,26,,27,,,